PCA1,PCA2,Cluster
-1.6438356054808652,-0.41551541215274096,4
-1.9223104954788466,0.13995364046443015,3
-0.7139003673470926,0.6502522134557411,1
1.9385183330921605,0.1548165263366419,0
-0.5808820861481101,0.43854893343481516,1
-2.8272413580850957,-1.7102924098686363,4
-0.7726670054414645,0.5173141395380678,1
1.672804535992254,1.3004200904622818,2
2.739805398648076,0.6523568453532936,2
0.14673247298978825,-0.806497932049977,4
1.0486808525388047,1.1591027270671765,1
1.9944163749262138,-0.6368612974885568,0
-0.5790644118706291,-1.1357390017572442,4
-0.49519162413617057,-1.1239795912554431,4
-1.1800453599065546,-1.3757979051706748,4
-1.5153133336366171,-1.318589265451776,4
-1.867972694977354,0.07017800327917371,3
-1.2553774420194126,-0.759759282829655,4
0.0479251137385034,-1.645757104369502,4
1.508581448618167,-0.7979185733303927,0
-0.4456103987750708,-1.4658091217265286,4
-1.4080650732896036,0.2234974043269023,3
1.6459982627857073,-0.785543521949384,0
-1.461020577047054,-1.5696047410854903,4
-0.3260045448330977,-1.3331810353616818,4
-1.185130960065026,-0.00984191706182208,4
1.692574157375044,0.6799548734546659,0
-0.42408152279180833,-0.9965064554678882,4
0.24939236053747157,-1.327922345784149,4
2.021134643954052,0.14618839701164787,0
-0.06463554436103253,-0.6853339134667017,4
-0.36195555426069315,-1.283783669851474,4
-3.6847516819100514,-1.5737857192330766,3
-3.2253909018888107,0.7602816292346894,3
-2.051940090040856,-1.205603017994761,4
-1.011453187315863,-0.9396655936281803,4
3.5488406676249276,-0.05169132351653072,2
3.491165905940373,0.8915518546698529,2
-0.8756376193190206,0.9091661443880461,1
-2.0810074834657772,-2.0344426235881357,4
-2.030341990681795,-2.0025437200708294,4
2.0788722556658126,1.6193013223499504,2
0.6182606020994242,-1.0311310484931804,0
3.511815522619247,0.4098534026403938,2
1.7990698641454406,-0.14336205801317004,0
-2.1698153868599324,-1.6612105749563684,4
2.7022506355651967,-0.6440263097793563,2
-2.288800381814407,-1.7174319382774161,4
-0.731101955988447,1.0944680025452567,1
-1.7627865682700858,0.16161370940052394,3
1.115590097850667,1.0462079243092242,0
-0.377305353007124,0.7362735329577847,1
2.5550697690442896,-0.5623527997062314,0
0.16587637325423676,0.43492258412080986,1
-0.44256607571852713,-1.2107406070190174,4
-1.4026013221683462,-1.1338540152830616,4
1.275509916687905,0.20371949341150414,0
0.3540355713339952,-0.3968926555911369,0
0.10273064946772059,-1.0314552797508,4
-1.1693364108786124,-0.6001445350162682,4
-2.3360864928106344,-1.6299836220024893,4
-0.48164301335382476,-0.2813244983942424,4
-1.1520685252018275,-0.7253624168074508,4
-2.524354223985061,-1.360039383279846,4
1.0565938731565105,0.03937814391346399,0
2.327905251764557,-0.5329721551656692,0
2.7244059210496094,0.17278762151795518,2
-0.9877244075195157,-0.14281224838815282,4
2.3665663754086537,-0.3644541118290411,0
-0.561453184298345,-0.15778170104630523,4
1.4473204040673189,0.6162095607231697,0
2.9617690420160776,0.18580215428581603,2
2.5621949647122917,0.649935700107459,2
-0.3011869966715949,0.40540157348705064,1
-1.2300640164452854,-0.9713382517852016,4
-2.436407518810547,0.8389573187999889,3
2.8929255922878268,1.564325586378841,2
2.316258630927764,0.1885023558366507,2
2.6093145089872465,2.0767821876513852,2
2.1157923887905734,-0.29833619906201136,0
0.25343872525966016,2.615610352505425,1
1.8048744317419283,0.1171814373076653,0
-1.3506229245345642,0.3757239456751718,1
-1.0505094594831976,2.2771197935981524,1
-0.8670165489185148,2.306149638993169,1
-1.337979798040322,-0.871152304099078,4
-0.9530722637294458,-1.2330378012911138,4
-1.0866596844294425,-1.5783096324569454,4
2.300668146772668,-1.3120305643246257,0
2.5836739005200062,-0.11151205910582476,2
-2.6316580315389353,0.3763733408330951,3
1.4619279203143998,0.4597900550614419,0
1.2301076804748934,-1.293966837381352,0
1.6277668797943925,-0.28113819936508594,0
-1.0659684742266922,-1.615269646743128,4
-0.09072186833221851,-1.565639230164971,4
-0.5200345093811706,-0.18256891978785145,4
-0.8126535221340344,2.287928092911845,1
0.6912256927589858,-1.3027882037935867,0
0.6047746943000877,-1.2283154421380835,0
-3.3098688385504538,0.35029264807396515,3
-0.9073775968727849,-0.06370864805688634,4
2.3424296803879048,1.3815575079275357,2
1.4170071027032447,-1.0468040514240478,0
-0.7057028479214165,-1.5915135471054098,4
2.7299584634755805,0.603046243669295,2
1.1277316327808748,0.9280051019738249,0
-0.5665854959776621,-0.2870139307969148,4
1.8266928888854488,-1.279506937259429,0
1.4465308338559046,-1.3028860805384723,0
0.30467758618755214,-0.9937627897543474,0
-1.4819218395623608,-1.4925483841369294,4
1.5709725618842647,-1.247882511074017,0
1.9432508852024604,-0.37723879273094346,0
2.2144039771012505,-0.4093422901015243,0
-1.6746003108648386,-0.2202571125147425,4
-0.7833002035987531,-1.4516737569084968,4
-1.5538440559255289,-1.7334924616276,4
-0.7457342419002642,-1.5447711871045868,4
2.4354077832561947,-1.3106482491538303,0
-0.811400682283828,-1.6142461030297697,4
-1.3456097377780445,-0.6829696912602244,4
1.0970634386158409,-0.7639774942089007,0
-1.0445229776306701,-1.5286960815502575,4
-2.0736714350519456,1.8923278556779946,3
-1.0390944265862996,-1.3889183338672493,4
-1.082741396273832,-1.4517356029764583,4
-0.9694761864896186,-1.0180196496998692,4
-1.4971409840118008,0.9142704429353248,1
-1.9957743387924947,0.6249213399123099,3
3.3439240474353644,0.1333482326281104,2
1.5888928736707968,-0.34212925993158416,0
-1.2540465109902472,-1.1177945196389651,4
-2.4211755319617287,-1.814826102854838,4
-0.49300620587627986,-1.338721572683267,4
-1.532943352443045,-1.0076365160909024,4
-2.374672371168694,-0.8504864173521994,4
-2.1134872573063457,1.5602926958764436,3
-1.8784659748035233,1.4668400062948612,3
-1.8232508838539532,0.04783866556212453,3
-0.4797369350334707,-0.5799645884819618,4
-0.43665912314392874,-0.7294045877944342,4
-2.3666022319282844,0.860802197559871,3
1.035099507621698,0.16405096364642735,0
1.0466870845652434,-0.8703932842075558,0
-0.5222996314128222,1.9495799940729497,1
-1.8844009924085636,-0.6928710828908734,4
-0.5644442442499494,-1.0321402497436518,4
-0.43108639473678934,-0.7747586246091799,4
0.8915770627548592,-0.3334562285144438,0
-3.254277285344542,-1.4796912159103164,4
3.4807887549300083,-0.6381951604160905,2
-1.2913098282358457,-1.5271596393152198,4
3.459896244072302,0.1871586238406821,2
1.7306353043939384,1.8337851929795181,2
-1.3515712596664928,-1.4319731549749817,4
-3.675871171341511,0.901337112601492,3
-1.5684558662960137,-1.3334151401509287,4
1.9249675407341393,0.7356473841944798,2
-1.2015552746574407,0.7768481889378132,1
-2.0455197072845537,-1.2598941683423812,4
-2.846509872541762,-0.9191004684287469,3
-1.0799828179563893,1.6864954885866716,1
0.43426482509104114,-0.721572479956456,0
-2.8175122480117034,-1.3927061152616003,4
-1.3617964658555386,-1.5775079595561134,4
-0.69149357243103,-0.9257284886311943,4
2.4145013108606137,1.3269538561407461,2
3.485660201483582,0.08591321631117334,2
3.6850985192165724,-0.590299093563284,2
-1.9234631960792765,1.005754248711932,3
-1.1980577890542186,1.4497773103056246,1
2.2396627109686147,-0.6309914012048861,0
-1.2903474753137099,-0.14568947282688915,4
1.884830530168165,0.17853412751834846,0
-0.31945369150431646,1.5851523165591126,1
1.0975122114784133,0.6070622761659817,0
-0.10130834069682257,1.189714617080053,1
2.0030514967939377,0.14441819082523544,0
-2.548886768766832,0.179811915138973,3
-0.44614325279777256,1.5249893026042347,1
-1.6398285038180442,0.2683699386918621,3
0.0708327337975655,-1.5327396953326609,4
-1.7284511707842007,-0.8592827165145148,4
-2.2782761883594436,-0.9216972810902575,4
-0.7416534186231794,-1.1690737600989882,4
-2.5788464207260993,0.9266873344968614,3
-1.6444632532819874,0.2620405741166678,3
-1.763615706751667,0.7796437020701602,3
-1.0720894740650497,-1.190850259565351,4
-0.8808668673247483,1.158773395629282,1
-1.3890492603859972,0.5135130476147644,1
-0.5603941696084068,1.5458177755858111,1
-1.077504636853961,0.6464669742882143,1
-1.2160969727770883,0.01187285275036977,4
0.34614371382279274,1.1640940367361474,1
-1.9741493804659698,0.5800447708842489,3
-2.3824387872462203,1.5204538896400743,3
-0.5729013717401185,-1.0054329131759083,4
3.598588197151952,0.9006299365257109,2
3.8798142471112804,-0.3116569284131531,2
-1.45195412234382,1.314332676077774,1
-1.7886631807464817,-0.5506311528387179,4
-1.2000072271952649,-1.0230615676452695,4
-1.9438758270785843,0.6254822598252513,3
-1.8488798443641434,-0.6104373527108011,4
3.3824237291467085,-0.06716425973157195,2
3.738063837495729,0.41487214773475367,2
3.4071350061897694,-0.2965696021574534,2
2.3649025165707136,0.3614459634472791,2
1.3744032934635562,-0.3915565056713742,0
-2.1883999563089542,0.16797639767515282,3
-2.544890689639553,0.6852402363109069,3
-0.9275642158115966,0.05161891830236119,4
2.542493616265665,-0.28802640473994506,2
-2.093786243854311,-1.2043889288735496,4
2.0599871732826633,0.8188972131925246,2
2.2606210692546824,-0.8492819999507638,0
1.2201216003399273,-1.106827219479206,0
-1.0869871073426423,1.3764106011776776,1
-1.1729409673651976,0.18077920617376553,4
3.505314235645194,0.6411867626106004,2
3.3334467828370085,-1.0402725277399179,2
-2.7556799560234526,1.7102255837221956,3
-4.253432066186901,0.30262947807911883,3
3.644991011512971,0.11770276328534952,2
-0.853231734281069,-0.3461853067726013,4
-1.9168360150406862,0.1397729202768105,3
3.5975426870087577,0.16130236635028616,2
-1.5307841858406241,-1.5154065709232918,4
-1.368646717819453,-1.3206423141500074,4
0.4318933234472453,-1.4325233674483617,0
1.317843516262502,-0.3273758739462182,0
3.227892173252597,0.6682298306402235,2
0.4098339523887231,-0.9886162342250292,0
-1.1787673963198546,-0.7073813007126827,4
1.0083660676038242,-1.0400512614723365,0
1.953264641752282,-0.1273442485164617,0
-0.40208018845416094,-0.613931263182715,4
-1.38740244306215,-0.1045119350098713,4
-1.4830129051847585,-0.10841537598748496,4
-1.382731334817191,-0.9288839797010534,4
1.5394726857514487,-0.551280517004926,0
-2.106323254243762,0.07736363375656981,3
0.5590589608369024,-1.090920508223503,0
-1.169557510254962,1.7070279166982663,1
-2.1398798194868967,0.30248520951024493,3
-3.428595935165357,0.2909663654234602,3
-1.2953071991429121,0.024874879940091313,4
1.413556181749337,-0.40540514451702575,0
-1.29795593635865,0.2858599012892755,1
-1.2797120069066088,0.8436382108530179,1
-0.11152213330335639,-0.2209584064867568,4
3.8964711756163504,1.782791891502078,2
-1.0002739532277152,-0.07333691187356617,4
-1.5639149059151527,-0.5671271828398793,4
-1.363919680358565,-0.2209519317419645,4
-1.1779948334561186,0.9053996097727874,1
3.457609705480073,-0.30889743493297117,2
-0.6598858425177421,0.63026419392635,1
-0.963620233726739,1.3360886927562439,1
-1.4096920464252911,-0.03518444051130648,4
1.2363768593725148,-1.287645278266893,0
1.7364919534310124,0.4148756011935608,0
-1.6712932040396853,-0.5607022958553048,4
-2.2502388042466785,-0.8526139070658034,4
-1.765170878443083,0.34572457456302824,3
-0.8249178735947713,0.09083659258293768,4
-3.5341934151920333,-1.4169634874252606,3
-0.3929798814203431,1.5475927452978098,1
2.329462740924872,0.3191594969052101,2
2.307958946250095,0.5131591177392081,2
-0.3994362273223825,-0.4148710232612161,4
-1.4007347305169242,-0.9639816138882508,4
2.6814186532922357,-0.6922442988314061,0
1.6782308732883096,-1.3206259891944638,0
1.3416142823467996,-0.6624710101598633,0
-0.36871794128969715,-1.5519393332879887,4
1.6685579520121703,0.11444898226148288,0
-1.5537584227453043,0.08600885802610352,3
0.8456829679716524,0.5234444446205232,0
1.6735092023646465,0.42975887560718395,0
1.84890245639428,-0.2979861296890656,0
0.3482194071605772,1.1874434388825843,1
-1.4778916683269392,0.6069694736570624,3
1.4175688575322292,-1.244936634675617,0
0.7594880972490399,-0.8333260832619115,0
-1.1984798357653468,2.0835353396099747,1
-4.074679579775875,0.5633113812080618,3
-4.4519300447222525,0.3425635332632521,3
-2.7462598758514605,0.9379806031611826,3
-2.2384371175046787,0.11716693817161584,3
4.052441684130041,0.6385497698527868,2
3.2472791376497456,-0.2938974323493432,2
-1.816100293538273,-1.3703534919820382,4
-0.47410602513843014,-1.4450846182779282,4
2.487502243667506,0.8998281973943847,2
-0.795219961133066,-0.9522537610859125,4
-1.3563065957067009,-1.7389870046027232,4
1.108966146015826,-1.2434925050607346,0
3.322773047438296,0.383418971935865,2
-2.992709111808535,0.9568565841665053,3
0.8493200458163137,0.09558483246091727,0
2.6704462365436945,-0.7901408229310279,0
-1.4579762257352518,-1.152194074150645,4
3.583200757076567,0.12757937329448166,2
3.259641363633233,-0.376379638335437,2
0.9154647026599657,-0.12141670631526874,0
3.8989555824573383,-0.31924353550457496,2
3.8945757216641135,0.12010136950505236,2
3.8546410461601317,0.11946213323532108,2
0.6433863891005547,0.22974995770156648,0
3.307740428886496,0.1408964434158944,2
2.7373585161840155,-0.7435751090860818,2
-0.9434685080759175,3.691249882713777,1
-3.4167280687242076,0.8670044583142346,3
3.7806897283562484,0.09500175498256665,2
-3.579359544635676,0.7570482519170777,3
-0.13801435022674913,-0.22564797747778625,4
1.327965802174494,-0.1945943481829774,0
3.8205597161024216,-0.07370633329451085,2
1.635095575100634,0.4220203713643924,0
-1.9391815423286298,-0.6529085810868068,4
3.350464549116902,0.6789306215197891,2
-1.2074810527564137,0.08175228832178662,4
-1.2416159241731726,-1.3650599417078102,4
-1.054080141445752,-1.611186255197059,4
2.524879450577252,-0.11053047267778068,2
-1.109858275200101,0.0023495323860553696,4
-1.2328323944823214,-0.7595287261210761,4
-2.2750946123855087,1.0885314925227265,3
3.978450343513666,0.34583312713764897,2
1.5014911057842926,-1.3299190972060408,0
0.4766965633019695,0.07823442772679363,0
1.3550265709932137,-0.6870781402640538,0
-0.990596856386047,0.6632226311158342,1
3.3260861049900114,0.12403447441381839,2
3.467044474421356,-0.03373356226521351,2
3.175171611329534,-0.28794810402310844,2
2.502554608652556,-0.32566165882641357,2
-1.7579311754752351,0.6544262048996589,3
-0.6971979343743608,0.4552156683258535,1
-3.4485980325812795,-1.3192372659731608,3
-0.03503874997855186,0.44047213842136823,1
-2.02149478715346,1.6114415202675036,3
-1.915842424375825,0.6116725096792514,3
-2.4118067474508416,-1.8993839046994578,4
-0.2959381772751495,0.05298234831763181,1
-2.6557071566965322,1.076497436350396,3
-0.44485267456415545,-0.9516739681394656,4
-2.368853892306889,0.6830555245746516,3
1.4216744408177757,-1.3097489325431275,0
3.4545772765258045,-1.2887707473611978,2
-2.905072232432983,0.7170750932631681,3
-2.0643472837211805,1.8002575505575897,3
0.35179630534845296,-1.408428923617803,0
-1.6524171021788496,-0.0912844089577595,4
0.2546697337302103,0.33981718799919974,1
2.8652738064738976,-1.3348243150060286,0
-1.8679512696045255,0.8599467796713077,3
-0.9919834050677614,-0.6522096472663522,4
1.7020106438080702,0.11536646404285157,0
-2.761124059753695,-1.0665993687177746,4
-2.6688444171574703,-1.267447807047731,4
-1.5874121564440629,1.8707388548510748,1
-1.0797741204734828,0.020337476282000014,4
1.4931227802331781,-0.3944316494477021,0
1.692107934710364,-0.7938001205988982,0
-1.1946692430540808,-0.02216119864200289,4
-1.882943165797051,-0.8465019191032211,4
-2.393416212354523,-0.97462154057708,4
3.807344779351668,-0.38656065454376254,2
-1.5569236162423288,-1.7757997062224702,4
3.5998320900957532,-0.0433659575913774,2
-1.1903491106634871,-1.3192280286363338,4
1.7934233897902947,0.6302957595344402,0
-2.7141934867729107,0.9027129975919466,3
-4.104852825733742,0.4325961296877062,3
-0.956381948457967,-0.5516810795383541,4
2.043537703456267,0.20812114997640047,0
-1.9355460223931507,0.1287097291602291,3
-1.5528836504265677,-0.9224373945661966,4
3.2838912507920823,0.21656991244419238,2
1.5381223648940903,-1.0650476204974464,0
1.410019707354955,-1.3221315114662922,0
0.19882666779356423,2.066536984780741,1
-2.2466744733807245,-0.5196270641816022,3
-1.895262508581193,-1.9367732301997638,4
-1.9772607916650482,-2.06368477722936,4
-0.23114374071794067,-1.1647327195559607,4
2.9261122217833857,-0.5746976418986284,2
-1.5513203691162156,-1.334930437478613,4
-1.418871781868628,-0.8795541291899016,4
-1.2267058474291392,-0.9096765292500726,4
-1.4194217765738282,-0.8057387483788463,4
-1.2653308805119214,-1.2425976323329564,4
-0.4018019191024701,-1.1524692110933066,4
-1.7172650484315342,-0.18593942312215284,4
3.5271278439394043,0.433098722427639,2
3.2336366557238336,-1.309934194138232,2
3.2500877133473867,-1.2626832891204642,2
3.5853833948238005,0.6527745698476075,2
-1.3128527107070602,1.7430981563875814,1
-1.3808880844347964,-1.288808744158159,4
-3.688629929818109,0.440259206257575,3
-1.0570476776455073,1.4846209946257427,1
-2.479588024235397,-0.4339963821211981,3
-0.254825620007174,0.3328007016067938,1
-0.6756684519352645,-0.9048946384451149,4
-1.2157401529583256,0.03905278481317927,4
-1.1165821319307756,0.052740264477591434,4
-0.7490250059144994,-0.08346118660589097,4
-1.9671275064051124,0.4819317984916637,3
-0.31931946556022517,-1.1135260751746123,4
-0.033429302588606546,-0.710781616037139,4
-1.326293619752182,-0.6414141679804678,4
-1.561728650367706,-0.19628859071008625,4
-1.4563613506106992,-0.08607358670476423,4
0.27550990653336693,-1.7365576537171714,4
-0.8139383114057712,0.6608839053844086,1
1.4045029767050754,-0.05585579807666641,0
2.1333471517243074,1.3012459003228962,2
-2.1226125202387336,0.2494196436314418,3
2.4885943476946055,0.12912274115843125,2
1.1957267131375722,0.38226974442028294,0
1.8209899086347352,0.6237003375356047,0
1.426716833291008,0.5105386561014748,0
1.9917273857584776,-0.3714253648897545,0
-0.5662215147119173,-1.568019965112668,4
1.6968461294386654,0.8634378687708211,0
3.7648493416828486,0.5871589823957998,2
3.923872514066125,0.13544941290256562,2
-3.3840749821968865,1.2186587522747845,3
1.7374139829242068,-0.7951179303558803,0
1.2643822996814698,0.21068890255095962,0
-1.2043540643274004,0.011092740130866266,4
-1.0071663743535084,-1.624959147666778,4
1.737182779022078,1.0059046346868223,2
-0.3060877361096762,-0.9400133396512584,4
-0.4234596855847037,2.4550264368142605,1
-0.6454333045200622,-0.7223647560898331,4
-1.2618220351777523,-1.0913122729047948,4
1.7002391595695698,0.1456424569006185,0
-1.773523578580736,-0.23457166028373833,4
-3.1603967746251387,-1.233515258359316,3
0.3288733343151883,0.035636615061255664,0
1.7160964481776864,-0.34744204818108654,0
0.2231348377214554,0.5826095805636018,1
-1.8476675665292055,-1.488627192932788,4
-0.3637890677393506,-0.9925200885417753,4
-2.025506728611086,-1.082822734825633,4
-1.3078293913545653,0.8890116450357539,1
-2.265056021102388,1.1743735632173404,3
-0.2724895207628102,1.7328103884246113,1
-1.5507906325290113,-1.5075081691716945,4
-1.202284438225172,0.8825700593491047,1
2.4863968369073284,-0.2889580134280123,2
-3.1315585856081545,-1.80437987933919,4
-2.35665742831658,-0.9786823911873376,4
0.6064579139005786,1.2457878554352635,1
-1.2771764422664824,-1.3758106228083675,4
1.3332804380521341,-1.2787356619475143,0
2.550805623642122,-0.3507132228703691,2
-0.7104932708246369,-0.37026446971269455,4
-0.6838791785906022,-1.0482845493319735,4
2.3487430054836906,-1.0674074882455897,0
-1.6472074124167926,-1.3944735602416103,4
-0.08711916359017588,-1.2692597061759336,4
-1.055980782279571,-1.4691615909379145,4
-0.6415580825815811,2.933846074429458,1
2.843596861353133,-1.3553315183705033,0
-0.8828486938616761,0.6022338197570428,1
-2.621441965413608,-0.23390767697198175,3
2.026583202078904,-1.2804627255441192,0
-1.404876901450714,-0.1406098640933911,4
-1.950029665541283,-0.19981987522274464,3
-1.6490408953536384,0.625143436662096,3
-1.0810312009400322,-0.3621122673443526,4
-0.7025351051340745,1.093744446323766,1
1.2456279528407286,-0.03251742086773951,0
-1.9892349085619976,1.6811403979796085,3
-3.4643653967212105,-0.9235563526188588,3
1.8227288959093992,0.6072528669475333,0
3.8276961150585906,0.2907902175286847,2
-1.391362114087067,0.7795831716059957,1
1.8660069692756862,-0.3174119095859402,0
1.5842179716788336,-1.0746596998006799,0
1.5943260136959834,-0.3797811941531938,0
-3.3561694682033902,0.8643773367495143,3
2.047842328568836,-1.280437886346934,0
-1.8942465885488204,0.6380385599910284,3
-0.4730924681287231,-1.537373953244544,4
3.315555867056133,0.21281156038520477,2
2.832130699912129,-0.5845631450664186,2
1.6904429170198296,-0.8322182442780798,0
2.49651302435243,0.10451859204377252,2
1.9836550565634847,-0.3581968192615245,0
-1.4595444560219462,-0.9975967885468949,4
1.3990085167627262,-1.2883363954419111,0
3.621529746446277,-0.07335527564677449,2
2.5457436780222773,-0.595429057561003,0
1.7740234375262878,0.1843581905611379,0
2.875127993406329,0.4033643863771429,2
1.4253474732242968,-1.3140242034748415,0
-2.251635592196819,-1.073702457651126,4
1.6912708156494134,-1.287333949487947,0
-0.9188687213493323,0.27702366613140916,1
-2.56190003577244,0.14895797283030637,3
0.6054118349589788,0.21855304560973943,0
2.7671123299967375,0.8466327657552495,2
-2.2521607193186126,-0.18694946242310373,3
-1.0156959259011107,-1.3394776985999377,4
-3.0487817430496733,-1.3154425207020177,4
0.8549341993754502,0.42836654993874623,0
0.429218766550415,-1.3849811279097484,0
-1.5122918454687058,1.5058578360453407,1
-1.5359364930225414,-0.7643336665359373,4
1.1042279144587863,0.1933800153593782,0
-0.5443968583179422,0.22009803795812533,1
-0.6095539993936591,2.499943401452757,1
2.137194937258942,-0.5080384472099185,0
-1.4101352153816087,-1.6430657056302171,4
1.5185348141118982,-0.6588547063289835,0
-1.0149722047835736,0.03531373596771674,4
-2.8492309082526095,0.987931737469053,3
-0.6454592856005695,-1.3495932153182606,4
1.8612059320590937,1.3257920402814405,2
-2.1214914254254493,-0.5805298010425225,4
-2.0762207039990264,-1.0426823083411443,4
-0.09250851077296485,0.9364101832159979,1
2.236348421838152,0.6284291618819389,2
-0.7706100900264502,1.9955281496974169,1
3.1051461529626794,0.13432134262418483,2
-1.707471521380091,-0.9876926813382991,4
-0.9749293189573591,1.625854383053078,1
-1.592911396093729,0.05572829192339719,3
1.225733497372624,-1.2310041427361924,0
-2.4721543907805756,-0.7888686983851052,4
0.35941835549183165,-0.08796819025189404,0
2.2150070523055994,-1.2355746901300069,0
1.1994318706008182,-0.13702313813885103,0
-0.02194431416674908,0.8625746252351097,1
-1.878619364069339,-0.13414574081230757,3
-0.51741284635187,-1.4548304501759999,4
-0.2980354361727683,-1.2879690543637237,4
-0.1455725858958146,-1.0858890971566182,4
-0.2823248832487697,1.0516494222605812,1
-0.7035893622902327,-1.2699824771391597,4
2.332951364082677,-0.1688204760892304,0
-0.6255430288909591,0.48025507087154573,1
-1.4977605795263085,-0.9510216072642926,4
1.6299604561309389,-1.3290813197319282,0
-0.5320981027714871,0.42164480971064267,1
-0.21232766815246515,-1.1092314330686288,4
-0.6120567078001705,0.849073595085139,1
-1.485988696080468,-0.09098582665783526,4
-1.3639733971759942,-1.3119759980615553,4
-2.137241034420153,-1.5097349412920158,4
-3.4317031142188084,0.7824977336254245,3
2.5777116918962304,-0.3338335553335288,2
1.62226895135773,-1.2608062105142774,0
-1.2091285636247464,0.05566102009752559,4
0.6952290409820477,-0.8179339284179842,0
-3.527263956633834,0.9644466110679311,3
1.4027947132103888,-0.6332489068088285,0
-3.0415013055889664,-1.0485891463946475,3
-1.470273115373349,-1.3544838263837253,4
-0.6206102903886634,-0.9426315899262756,4
-3.215778291281123,0.8020305212015038,3
2.157088037945482,1.3028876967567822,2
-1.712419396285905,2.258707283146363,1
-1.9574642158012912,0.32931408836129233,3
2.641823965493899,0.6049604987864522,2
-1.341672060865157,1.9867171313051388,1
-0.8966537219382916,-1.188921308886101,4
3.935149236869431,0.6376970661783663,2
0.49732431141254485,0.9019962034274973,1
-1.2783868706538482,-0.008712028587536669,4
-0.8704231050038078,1.4290476818045708,1
-0.5470880339229732,1.8087569169624318,1
-0.2174333252816962,0.02972253818117239,1
-1.7871856718332646,-0.9000417072838957,4
-0.8362184930049266,1.9506605440524267,1
0.19599447027726188,-0.28516805268626955,0
1.9517457974753638,1.2233441722640988,2
1.893450734837128,0.22863968246970656,0
2.6733860216408645,0.3462641227042583,2
0.5335895070979332,0.06316431280597419,0
-1.3231384911105906,-0.5762959597590657,4
-1.5557818175729319,-1.338352662065788,4
0.06092659154401657,-0.01839437801839669,1
3.40500853686634,-1.0365041854503103,2
-1.7697839545354168,-1.4660226023911234,4
-2.5595132958463602,-1.254832778269191,4
-1.8674600034455813,1.359567370057457,3
0.9998611927487486,-1.2555806613142682,0
-1.9701027627944254,0.8388619180274318,3
-0.6753845439632431,1.3563396440227562,1
1.4741442003143745,-1.006287180069889,0
-1.4551264806507271,-0.03893113459334535,4
-1.3019658240172713,1.132889906830288,1
-1.7708387264738656,-0.5571306874220507,4
3.464743880650234,0.1912435727724246,2
3.2896469797015446,-1.2531139839958962,2
-2.003158599814913,0.16794481263671973,3
1.4540748555939673,-1.2916683125736323,0
-1.466897205822239,-0.04616134014300308,4
2.646940522673759,-0.2978125289935646,2
-2.0228304817337808,0.9096670926723673,3
1.0056057296144938,-1.2288480615003066,0
-1.0137873906847412,-0.9583997363810275,4
2.4968638883575167,-1.3162033141527032,0
-0.01007881038108921,0.9677274323490133,1
2.930754169002162,2.073705848222611,2
2.099315713591427,-1.2415909777718195,0
-0.28096676013317057,0.17645962502972984,1
-2.8137326587249483,-1.4493129988984812,4
2.368125253360546,-1.0519142282706073,0
-1.821992269496598,-1.3092372558078083,4
0.6357692936787911,0.36686685418239967,0
-1.801275682964575,-0.6446147281632734,4
-1.556863270030421,-1.1048476494258248,4
-2.7585441092778287,0.9612473548200557,3
-1.1718250925557145,-1.3454967474921626,4
1.474092476251193,-1.3250445782905698,0
-0.6757064166091267,0.44786183343222363,1
-0.6618510034206195,-1.4801869920597326,4
-1.8513738157565647,1.5809328350489058,3
1.2471261196617096,-0.6595328102395008,0
2.3394106031943798,0.3851469883127593,2
2.8728771747080653,0.20199237941891085,2
3.1915306272426625,0.41964348979179145,2
-1.8351394504086447,-0.06000018528525813,3
0.8826534688872826,2.006499933160893,1
-2.2138461302902304,1.0468282836086458,3
1.5153531334246144,-0.6696241829030652,0
-4.004158664814465,0.4612062295324447,3
-0.803637012121302,2.157131638507714,1
-1.7128729421549227,-1.2033481748913184,4
-1.6484707990118892,0.6262312234290398,3
-1.0786028760851714,-0.9136361765401831,4
0.877072294068805,1.7754222343344468,1
1.3095439246030331,-0.33210099461486736,0
-1.3375287449655546,2.7633560234691745,1
-1.6721706311531985,2.259049282518742,1
-1.7638192967157833,0.9233730897263368,3
0.8912910269755943,0.15682587472082193,0
1.3530107655549461,-0.6095817802939555,0
1.1451814007881713,1.1264255089575188,0
-3.283045745387588,0.8212842885742736,3
0.35977950507825085,-0.14734924354190448,0
2.8017361485488643,0.15136844003181232,2
-2.234775246751071,1.1399510682167648,3
1.4754019378503618,-1.2559329710588598,0
-1.55339215486422,1.896085244004905,1
-4.105132454793514,0.7014755126084902,3
-0.7488969108826733,1.9822260383627825,1
-1.687895832292366,2.479231297495589,1
-0.8496904768043931,1.9776924812501435,1
-1.340300825630039,1.4580790853221695,1
-3.7056669121657397,0.7014944687974756,3
2.084092682627669,-0.7559142719290366,0
-0.7778598191380535,1.929734209825622,1
-0.4475442051323675,0.15064184862987123,1
-1.8772674153413242,0.8652058925342015,3
3.924354166717374,-0.3172546340203446,2
3.4694674335566775,-0.3472880334564642,2
4.465149105200148,2.5393718431594228,2
-0.32924646158037496,-1.0888885916992717,4
3.9463643952719063,0.11575577805222571,2
-0.9336473757394577,0.22463057984890572,1
0.9254924176137158,-1.5012039956965804,0
1.4929693667789876,-0.5614515361254546,0
1.3448260302221677,-1.3305904546001397,0
-1.7927703514325761,0.14975140866312775,3
3.494580829151878,0.9028091757570054,2
3.6033153846345187,-0.8677402066069696,2
-0.9978842143863103,2.6667853238661086,1
-0.7849448956679655,0.42965609169798014,1
-2.09448309988664,0.6953765661202924,3
-0.8459328369056947,0.14294387479718706,1
-1.4175857469201616,-1.6415508085661248,4
0.47701768704871805,-0.6085406833427186,0
-2.4865990464690833,-0.8390569323673308,4
2.2239310738147506,-0.6168994864245845,0
4.254955229838636,2.0037239937443596,2
1.6534811865576469,0.15294454585847422,0
-1.1564265366325275,0.08123233996138125,4
0.48560930224697585,-1.4645202336711862,0
-0.35059502082438077,-1.2498956362984486,4
-0.4736573267426084,-1.758897209788792,4
-1.1117977658105282,-0.8714463001612729,4
1.5309328637014363,-1.0805396265725613,0
1.631363431755098,0.36645179188623755,0
-0.961036485048568,-0.4290126139286093,4
-0.7612003136982266,-1.6369052436972933,4
-2.31087117139425,0.6947341851455996,3
-1.3393983014393354,1.045373693524531,1
-2.265285118063018,1.5581425201683015,3
-0.8285221389147914,0.41616374032605596,1
0.6632077771087574,-1.100794525254967,0
-1.2982491442160855,0.10359139273636976,4
1.6750113728411735,0.15917112609558887,0
2.0559730052899066,0.585914231469627,2
3.1514870135121447,0.6503162832973282,2
-0.2516721381330753,0.04085120537893232,1
-1.7475678102952628,-0.06272337311168258,3
2.0330837627349223,0.11131831200127353,0
-1.6190354957088615,-1.4210728498752216,4
2.6424132683916977,0.11427846614588906,2
1.8274196832124945,-1.3132128857981455,0
0.48604156573100676,1.527849892198746,1
-1.763333937704669,-0.06684747937513094,3
-1.6200743970408482,-1.381150059738016,4
3.843869178360634,0.10230605268069638,2
2.5362142469587687,0.14316361241908232,2
2.8767884173899367,0.40525016217160215,2
2.115321653673622,1.1266136655762675,2
0.14125059445585678,-0.10053396234663059,0
-1.0130881394806672,0.21836243243178544,1
2.656164169533497,0.1000156531799924,2
3.40501801531708,-0.3758452740915212,2
-0.7366395170022462,-1.6023880764059277,4
-0.6647225346098039,-1.0117224748736158,4
2.7320554602287777,0.35731950552092223,2
-0.6070314730522174,-0.8633638443462971,4
3.5548084072011448,-0.3609844388124384,2
-3.1391058229580198,-0.030540671889910775,3
2.877835418315381,0.46491916430300984,2
1.4745033783359476,-0.599417956361042,0
1.9920357846989094,0.4028147731391861,0
1.1810277532641418,-1.286586027482502,0
-0.6254479266210768,-0.7508881058382223,4
-1.3046928368289674,2.4842867273367935,1
-0.06806393411176073,-0.4095728933232746,4
-1.8325514310490933,1.0094349890574335,3
1.669894078521431,-0.41816410121192044,0
1.986025538802726,0.6549824899701919,2
3.3456856559274444,-0.7705142595479746,2
2.185583019487354,-0.33264543859229573,0
1.386360502613058,-0.2269052501174554,0
1.5745135025699108,-1.1347772251951251,0
2.5659087007782455,-0.525230903882577,0
-0.8330565170695177,-0.8779769783288054,4
1.4015585333817127,0.1485372200206067,0
-1.485486254421485,-0.09460814983077773,4
-1.1667645691677313,-0.03988764579271303,4
-2.3714353369234327,-1.467439505737618,4
1.842653154007907,-0.8179860933707542,0
-0.03442345009344733,0.7040133126289311,1
0.7946254531146208,0.9970450974191158,1
-1.2701823258624547,-1.3348241880892102,4
2.3194919355498214,-1.2566799153700126,0
2.656584099599301,-1.2065977070039131,0
1.372215027270574,-0.8626816531884179,0
3.262282859920555,-0.32409007135061346,2
-1.345664253996483,1.4782488975345116,1
-0.8907191191927198,-1.4146210403955506,4
-1.5256498819506257,0.8217239196838068,3
3.8103175855384595,1.3381387825486375,2
-1.0660505479563336,1.5572830023719757,1
2.687907244869973,-0.26783094877763275,2
-0.007497607482033389,-0.14527802225493508,4
0.24029264662875374,0.5162874952386977,1
-3.6092579810187946,-1.5154993606736213,3
1.0582847210436306,-0.726030014308626,0
0.3058054325144177,-1.0899312404721877,0
1.5015576453261048,-0.3183513736988705,0
-2.205592203351235,0.23756362916686852,3
-0.4675611800271391,-1.1206539801781035,4
1.958673513973779,-0.38070526828513207,0
-2.1753489740584615,-0.1680427181014247,3
-2.2384693541811895,-1.485055597690871,4
3.415210287884956,-0.11564767323505509,2
-3.347275296878404,-0.5297722282555772,3
-1.0824636003188584,0.2284451245973596,1
1.364013875972138,-1.1518090326965957,0
-1.7225878184181485,-1.3859662721771493,4
-0.7704934109690275,0.2222467773760104,1
2.6281364385647334,-0.05017153370018104,2
3.5746417100652246,0.4190126761653138,2
0.8793680748841619,0.28401627554176134,0
2.7399175536466727,0.11893918822911971,2
-1.133626393209181,-0.6581272518369264,4
0.538927740699842,-1.467881008647667,0
0.2000234965826694,-0.0501695513085291,0
3.4672273306999224,0.14160892513273676,2
-3.0250877249832593,1.5290069113781772,3
-0.7022125151544992,-1.4513223092742604,4
4.087215690273343,0.15551598888836993,2
0.5098716018950133,0.20542671864584955,0
1.9339852436778409,-0.3759638530097523,0
-1.9393718953053616,0.930327424950325,3
1.5891220504708787,-0.3206283974522378,0
3.176011142725705,-0.38256259114486557,2
1.708265054883352,-0.3872120292782566,0
2.2644793980984548,-0.7031221302162164,0
-2.2531406215144942,1.0934527401230005,3
1.3803332341336652,-1.2309417567314445,0
1.7351675902462314,0.1680092815097048,0
-2.180431125176957,-0.025538446450633245,3
-0.9540627409618907,0.4753075733734343,1
-0.9966424213343281,-0.9053325179094125,4
-1.3005130136957586,-1.618615480102199,4
1.5625269672384126,-0.13282742841492723,0
1.3959348520635007,-0.42402025158151285,0
2.9790985372845737,0.08760168725312802,2
0.6014295117219537,-1.2127287954571155,0
1.476632070643047,-1.297132379129969,0
-1.1413497316570658,0.21123779120163927,1
-2.0125902054533467,1.5831688680143208,3
-2.6012774413139956,-0.49686887231201354,3
-1.4024688189092749,-1.308213326829484,4
-0.06813045487739536,-0.6482068685746781,4
1.5994639032709117,-0.37870976738672213,0
2.7816452207051507,-0.4335954672833105,2
0.2942595815409669,-1.5355963271041513,4
1.334566463124584,-0.6712116317320282,0
-0.8140517682249857,2.284441531384714,1
-0.8854233372372445,0.033383429045649934,4
-2.099276100809888,1.2774190134295023,3
-3.186813393674578,0.7902985841026662,3
-0.20005968602816662,0.5566478919924929,1
2.8086411798519166,0.6320706731750425,2
1.123608365122308,1.1530996773387607,0
3.9567285748971806,-0.32093942958102883,2
1.3417780453809696,-0.5997402174193714,0
-0.9220970015163825,0.9679284501619578,1
-0.8047935760157273,-1.316360277885642,4
-0.11133902906797552,-0.37059692934836486,4
0.0021891378162295083,0.2995046891468089,1
-1.380949520303527,-0.5973950131981639,4
2.6078810895690823,-1.0739884700388265,0
-1.2210838449380406,-1.51100320342216,4
-0.9106059666674966,-1.5342718735807352,4
1.867064344956967,0.6011287419505028,0
1.700371949866641,-0.05649276676181486,0
0.4514753406673123,-1.6119412628342438,0
-0.9311327312937445,-1.5064571953983235,4
-1.8358733145829733,1.6655357311305374,3
3.4574369810787497,0.19845432912103378,2
-0.7504758383883827,-1.4081812853415792,4
2.362196971409693,-0.3046117473098876,0
1.5244216965521318,1.3233998351141874,0
-1.0702135052785031,-1.3504004735184225,4
1.2955529400102288,-0.6381251480191344,0
-1.6067405542039221,0.003826699531442601,3
-1.3445052676497757,-1.4562265079794587,4
-2.0901388179827887,-1.1184503814905649,4
3.8219052869770698,0.8608026514034344,2
1.6442720656490188,-1.3181518892535864,0
2.0234395958345113,0.8607717310903825,2
-0.667359702681109,-1.5606514500713595,4
-0.42089847221256604,1.0732255522488816,1
-0.49912643247207644,-1.7570416348331341,4
1.7639527056851527,-1.0631321833569385,0
1.7211473313594616,-0.34371624362342845,0
-0.691795656941021,2.443528936317854,1
-0.8933942080093444,-0.4411413621511467,4
-1.5269988532851058,0.03872267755379126,3
-3.357062156198154,0.6289746387626794,3
2.9574252582428358,0.13847668199517377,2
-0.892784235723163,0.3880860332104874,1
-1.9021226767720205,0.03450328324208747,3
-3.3092779891121826,-1.8555951534710067,4
1.8720030307027964,0.6650669583754546,0
-0.79431133886867,-0.6975975112922583,4
-0.7237539514209425,-1.1314279414598951,4
2.6140394931324935,-1.211207384717625,0
-0.04474479115534416,-1.34178474454985,4
2.4585521212754924,-0.8529430882506756,0
3.354750222889389,-1.2561893429875142,2
3.32107987431333,0.42303621446156303,2
-1.6640860629287062,-0.7768391192740481,4
-1.7588809604964626,0.6370206781507631,3
-3.1412333513910897,1.14678693567479,3
-0.516775999162127,0.4045807080771624,1
-2.4693736999185343,0.5537328165635581,3
0.5549115300725305,-1.5876862682020114,0
1.3554586461011775,0.8912485018803811,0
3.0147148016247813,-0.3255730399379831,2
-0.980586512015531,0.39523230977136026,1
-1.844779913843571,1.0460697026029555,3
-1.797979432594408,1.8264875475062032,1
1.9663949783775065,-0.19111501085515487,0
2.9084050998944426,-0.08574643563869291,2
-3.081455363549927,1.3409217319802318,3
3.4485341035563977,0.18082839532882644,2
0.0773365051188409,-0.8507527016330562,4
-0.10003062686787534,-1.4379031757557745,4
-2.4143936055074042,1.0389787483774715,3
-0.5931179829562692,-1.2872751878655535,4
-2.8950083947174985,1.6998065784648537,3
-2.0478270549220143,1.4066254808836665,3
2.343879482581336,-1.3055330498447526,0
-0.1187286195367867,0.32407325227857925,1
-2.1528727370829626,1.558766169266696,3
0.8223036159748003,2.2450127721821023,1
-2.297446760214593,0.11883454944501283,3
1.5474400552828462,-0.5939871835867793,0
-1.3417717998233685,-0.07553776146608596,4
-1.2199956594333985,-0.5321105851606489,4
0.2090900466291581,-0.6227887984076855,0
2.447413106411758,-0.3687118621116887,0
-2.1885152056907025,1.1468812835429545,3
2.119017098363392,0.2005931436471718,0
0.8606267175588577,-1.355083436096979,0
-1.2940973757966905,-1.0156220135247018,4
-0.1856680978242302,0.6687709036770171,1
3.7028374752695212,0.6517157951951951,2
-1.3692682384364392,1.647481589071127,1
-1.0425169843945985,-0.8026586301946997,4
-1.1132302672905465,0.2032891204873158,1
-1.322592572748453,-0.009554489778678454,4
-1.4786213619421344,-0.07368237202036182,4
-2.220243518621337,-0.9083404696976756,4
-1.402825306860985,-1.343076651038293,4
1.8401761411189894,0.1052719475992739,0
3.0639498715873588,1.0409081924807557,2
2.078824507437888,0.16231322478840593,0
2.8245178435245557,-1.2810958924041531,0
-0.36627414072023,1.4706236242132193,1
-1.246156906321656,-0.9046892370522925,4
-2.3170214859941614,1.4664564802004467,3
0.40312962273486674,0.19353984826177334,0
-1.1907055329687326,-0.4127199292172761,4
-3.14808871299979,-1.7004001466882055,4
-1.143624655691231,-1.6250366907703968,4
4.0051115482147,1.7679987449140488,2
-0.7452084696253553,-0.20479750892569024,4
-2.4409709119867107,1.016979600274015,3
1.8488215283322336,-0.34842413678858797,0
-2.1549205292100857,0.6049355994098102,3
3.023726635867045,0.8380093096326768,2
-1.6762503507471624,0.24737466837053146,3
3.404321464759708,-0.04957202265413996,2
-1.1314980495369922,-1.303492602766739,4
2.9407516419718642,0.2304853861870793,2
-1.8885172182628023,1.0971657914025157,3
3.4891834880187136,0.6383896992671948,2
3.4624571924236744,0.6762615256161552,2
-0.6926285451163847,1.5049494438151698,1
4.150666502878987,0.6300507835015604,2
1.2706604894593907,-1.307915894382147,0
3.3004566845233776,0.6334343894994374,2
3.495647872219524,1.8326212906973618,2
-0.9911480560979975,-1.1812454428284693,4
-0.3763222780208376,-1.2839482271792082,4
-1.3281549010807188,-1.6384033813699979,4
0.7460522831086485,0.9659691800495531,1
-2.9345549620926112,-0.2487948091069156,3
-1.6910434934524459,2.065271941311454,1
-1.93380911048383,0.8186585974802231,3
-1.9278644700176397,-0.839736168511856,4
0.21372270351193218,3.1953934176376673,1
-0.6124051542800152,-0.06784445526523994,4
-0.4764355245516322,-0.778467864340914,4
-0.7295720781892636,0.7034395134573976,1
-0.17648765166544736,-0.21268750327480399,4
-1.5682246966598712,-0.7127465251348976,4
-3.537115778991986,-1.7526949457422043,4
-1.8082804669014214,-0.07613396383351281,3
-3.341999639630985,-1.4058613804541857,3
-0.9459724693496463,0.18811723890917226,1
-2.023660280803091,1.7910807005272507,3
1.2103459208681344,-0.2663812350603311,0
2.1164715235610583,0.6483891998037751,2
0.6480162498100214,0.49638624055793557,0
-1.0204916427318205,1.4855625456393093,1
-1.7157272647140542,-0.12446208975995707,3
-0.4400785831305525,1.5539953718190802,1
0.2920002654045696,-1.0045611333305442,0
-0.9190912601202603,-1.090241082803784,4
-1.1908818835630026,-1.0800221850334433,4
1.0890290397037568,-0.39495381863870455,0
1.7516323481654537,-0.8445085452327636,0
-0.9973044791128749,0.7285253985501755,1
0.7599261524655924,0.12130858679237118,0
1.6064250975717158,0.4084718512542824,0
1.0929784948676982,0.8245419721189317,0
-2.3666910061632414,0.0832868109475823,3
2.0628767128253576,-0.3117492545321351,0
2.5606064865454248,1.866023264146651,2
-1.2809126608668273,-1.4164149469268927,4
-1.0971499677695018,2.664466684664935,1
-1.7071221360438265,0.009500874812272589,3
1.7328163663085052,1.5396166731789853,2
-1.3095807702634161,-1.5668627872910332,4
-1.7826893720593797,-0.21348699612656408,4
2.208925621120223,-0.5520260768539357,0
3.458718793219716,0.621623362834252,2
-1.5706483642671636,1.4691421043430266,1
-0.702468696410863,1.0963428552201442,1
-0.41784642487787327,0.9051178816304402,1
-0.36785557611119046,2.132096851418612,1
0.0084874311444052,-0.023242782129768075,1
-1.025092414924321,-1.457599029603093,4
-0.2756650753613129,1.1013892701929426,1
-0.3146988259591942,1.5310649076255276,1
-3.122827112971225,0.9331592544770946,3
0.06763955631050525,-0.9122478348552878,4
-1.996549374408602,-0.19976295315780274,3
-0.9369352613086521,-0.08543684058408006,4
-2.2614269968729657,1.3347058569352015,3
-2.035874402229539,1.0770503719034519,3
1.9086902030550372,0.15850856905622085,0
-1.1589470349455755,-1.484113424998496,4
-2.200291905189036,0.05275535827052426,3
-0.5383333854396188,-1.905072389663028,4
2.611197698974264,-0.11276180169991204,2
1.8197206346416852,-0.398938567142461,0
-1.7972814731313418,1.5422315667866942,3
0.710538487599428,1.0150709481782618,1
1.4290495827206633,-1.2843706548954477,0
-1.3644786827020008,1.889816271965342,1
1.842653154007907,-0.8179860933707542,0
-1.2518631869823138,0.9874527680447589,1
1.7425274432175764,-1.3101479660719586,0
2.8442588628065173,2.3015353122610094,2
1.2669453051143704,-0.3200650599357596,0
1.0737409657967425,0.47503715382890044,0
4.00728471972348,0.6158698846035543,2
2.4035084811447405,2.6565104965780115,2
-1.7929301461318539,1.9650889929305522,1
-1.2912020066258407,0.9165742855863601,1
-3.143863069096196,-0.014900605513646192,3
-0.8249927972856492,1.4229628482974686,1
1.4716155186910265,-0.8445557996988272,0
-1.088527474695435,-1.4439526326701697,4
2.313679906833266,-0.2805710764891756,0
-0.29022809115301296,-1.518735629899135,4
0.2915015699639555,-0.48995774455734903,0
-3.1575816600608877,-1.5885626412301166,4
1.3583510150774198,-0.2636666367394929,0
2.1077318186961573,-0.3596070426385277,0
-0.9047330024790325,2.7739170054205116,1
-1.4853759299974403,-0.8795298367098486,4
-0.032747745711142834,-0.38039996133347315,4
-1.9973060330365107,0.8400351707856274,3
1.5049442680328848,-0.7119717900156967,0
0.7960547424901039,-0.6826266772285436,0
1.6536145751964475,0.5859037238067902,0
1.5001758138644632,-0.8602234215199059,0
-2.662378682182181,-1.671926716178996,4
0.2034204686860397,-0.4584087185047664,0
-2.82458922677659,1.211216801695776,3
-0.32209033169840195,0.0488777796388765,1
0.285668475529925,1.2813596350798007,1
2.6190052246882765,0.32560328922253795,2
-3.490870534943129,-1.5474354305590534,3
-1.5267749900591598,-1.5633639075175094,4
-2.948387418265751,0.3537045380231936,3
0.11269426921447898,0.7140049315711836,1
-1.5532483866828612,-1.436816745195556,4
2.0867532194748533,-0.6770096747400488,0
-1.0077419420486267,-1.0213655061286822,4
1.498057239462966,-0.5715531156421996,0
-0.6068248963452282,-1.3339549326501372,4
3.975780331881002,0.8556175425819186,2
-1.4847808519724084,-0.18116557602357203,4
-0.1912901261321838,1.6184739110385917,1
-2.034374460463546,-1.4471964979540775,4
2.389224505551514,-0.3361157938835616,0
1.0352697761184224,-1.303149290700472,0
-0.19467846132082808,-1.2133409259853805,4
1.9111921069417543,0.8977048168522599,2
1.9423212570938975,1.392109400035894,2
0.4320083526070746,1.0478383340533444,1
-1.7546204772032252,0.9186025275040584,3
-2.541160159762993,-1.8697427909784567,4
2.2280587368100093,0.7722495560590744,2
-1.7582996010385408,0.4887186780138999,3
-3.0387770264948237,-1.4506177681734116,4
-3.8353958893135296,-1.5332144289506617,3
-2.775458968983522,0.239276424984862,3
0.5621725479652953,-1.6092151605139888,0
0.9120623561604536,2.232247131217803,1
1.0433407896534759,0.18698195832020154,0
-0.6305567799520534,0.296998660363467,1
-1.1958834046775504,-0.9191236585619281,4
-0.6128933771038945,-1.0428129837432092,4
1.4592916450953721,0.6059010267903246,0
-1.312782516318348,-0.0332643019307004,4
-2.748749476873036,1.2367324870323764,3
3.637899393206882,0.40495399695453793,2
1.9731435965260389,-0.6739321472950757,0
-2.713914296364406,0.8852724442878352,3
-1.734480644957496,-1.1904664964253324,4
2.3991518140513817,-0.28658681884124027,0
2.511299966629085,-0.054288930952388154,2
-0.7462221702377635,0.3122225067842155,1
-2.176125027407402,-0.1535300266140428,3
3.565740111848627,-0.7908027008315365,2
-1.6166554219635954,0.19564272342841255,3
-2.2888996983920755,-1.2975384928051725,4
2.006001152448938,0.6448445914982722,2
3.60767569261695,0.15846570741911276,2
2.4184261666375257,-0.09285592000495624,2
3.083163229369745,0.12872481402207997,2
0.37804651747314166,-0.7594704630013539,0
1.619929038534723,-0.8445294596241978,0
-1.1786483405613448,1.0561183512262142,1
3.482670649175061,0.19564413179028883,2
3.523925636031466,0.652498796548203,2
2.020341918752151,2.115831318676276,2
-0.8120672073473061,-1.174650212244367,4
-0.7264416762070691,2.236381991428712,1
-3.9855873130178097,0.24317979684105134,3
2.486019936007538,-1.021578452620256,0
-2.9090577048588893,-1.4235476451915157,4
-0.8311904785977802,-0.5548517133270288,4
1.7239264361071678,-1.3227612106476119,0
1.330066862237876,0.3980222230434207,0
-1.0494000659726712,-0.6344163993755247,4
-0.2324006350084045,-0.18309087076750308,4
-0.6040143085395356,1.8095252588133819,1
-1.71536966937268,-1.073027626104115,4
-2.93017930150349,0.6198203985015126,3
-0.8316238310939906,-0.5143202298730405,4
0.6928615367745794,-1.1912621411379547,0
-3.4872706095605177,0.6823634963811668,3
-0.7179033795428755,-1.6254373424608244,4
3.8498472721663295,-0.3158780365789951,2
-2.2396135150819805,-1.7978732953011225,4
1.5966839878983135,-1.3388459286125964,0
-1.637945894438969,-0.507607744069746,4
3.6521983993791522,0.18855339190726728,2
0.1588887535057571,0.8824083891874147,1
0.5577139615249526,0.5005518118679451,0
-2.6587097186556456,0.9346491219569277,3
1.5725866260448562,-0.5392802352187688,0
2.3569834151935294,-1.249490709162642,0
-1.4045975906458135,-0.8086083258382807,4
3.0232785433481073,0.23453630401708137,2
1.4512535292266486,-1.0785932745258664,0
-0.9721032245205432,-1.2844186729066263,4
1.7733439979978218,0.13863585555977942,0
-3.1922545556522173,0.651787859584172,3
2.9522526262121795,-0.3855052592576746,2
-2.1111493846958975,-1.216991365407325,4
-1.6261707549036395,-0.062206608308629334,4
0.3089243274294752,0.08216071187000647,0
1.8502244998146806,0.29612930235392493,0
-0.867922556939711,0.6935453351671497,1
1.3984783874790467,-0.6173610819872118,0
-1.7994300144203133,0.9162600165172248,3
-2.322198072902243,0.5998316530353321,3
-1.1588090193510598,-1.7425396184350095,4
2.111418418138224,-1.2732467934746692,0
1.4977677407876622,-0.8176481717693642,0
3.249363748318651,-0.3231488376774536,2
-1.3523837556352865,0.0298214875802109,4
3.4212875921053443,-1.0187982275129552,2
2.1567946027326106,0.15674115914309944,0
-2.8082175624179717,1.3441929037357236,3
2.0722563432073446,0.8947811350657116,2
-0.34422906865044345,-1.5397542367936117,4
2.2312595508677977,-1.278493883558179,0
-3.212349653400562,-0.1824309023716748,3
-2.3627277277687377,1.4561534329305894,3
-1.037646530558838,-1.4801609111471359,4
-0.18836404273244903,-0.6286472349770934,4
-3.1811234872469982,1.034179457676209,3
3.514453611461849,0.42209133304217406,2
-0.8696226514329741,-1.606987968184772,4
1.5828058277467847,0.11903076826532395,0
-1.3040802083823633,-1.5289395583884333,4
-0.7837851317323663,1.2943932629856598,1
-1.4211142841114008,0.2691381508223448,3
-4.514188520506997,1.3302846713396077,3
-0.47387610348136766,1.075644845226345,1
-3.0065890734825595,0.71537221464552,3
3.6965514320629334,-0.36215189839760387,2
1.9637773784347805,0.11897876839761347,0
-0.843970720252783,-0.7839669490241943,4
-0.6311955444824863,-1.3431356813373014,4
-3.801140298159779,0.7109878202373857,3
0.988450956311634,0.2809514501154657,0
1.9297895004194119,0.5384355878110104,0
-1.345664253996483,1.4782488975345116,1
2.1512309360957294,-1.0382358197615684,0
-0.21045824787779163,-1.19005749595494,4
1.1177976102367417,-1.2377667818771967,0
-0.46531258389857244,-1.237053279084632,4
3.188696017348794,0.16250052089533867,2
3.72009797800742,-0.05473128584347289,2
3.1412515983025333,-1.2792124951962551,2
2.006857542264298,0.12408627291818532,0
2.085115368890588,0.21871085193583728,0
-0.5357775178325638,0.21775852851268446,1
1.4725763202378193,1.5554595995644582,2
-1.5054869070621908,-1.3717713141567076,4
-1.2196950001931222,2.9430030620464547,1
-0.9195102821912491,-1.4125234339239372,4
2.217105521449522,-0.2943228325613306,0
1.6469465107825079,-0.3704867249049893,0
-1.4268131899134253,-0.14345489981937462,4
1.3617719353189641,0.2734361594523335,0
-1.64438789564298,0.22874529617025552,3
-0.5921124807514438,-0.3959351573999707,4
-2.5817502274228663,1.7103988589736248,3
-1.8420282874696456,-1.5688788196214514,4
0.005614400294812125,-0.8500777284245689,4
-0.7726457593299366,-0.620168664860756,4
1.5161531533371924,1.1189521520570014,0
-0.8846591969830679,1.0394959464475924,1
-0.5629216144970515,-1.2790501935448753,4
0.4861006560793373,0.14454035340700583,0
2.636574883283415,0.09051015079311771,2
1.4437882350623739,0.15427916608268916,0
-1.016733342641031,1.4641332416663513,1
2.397922349883913,-0.3335512081871717,0
-1.4521516407572985,0.8926421507604627,1
-2.075543274762704,0.9220259404301412,3
2.9296246127063488,1.124454337676136,2
-1.010843233621783,1.0292760602090858,1
1.5776407418278755,-0.647670623373333,0
-0.7024895186760087,-0.6408997414423702,4
-1.6436259865998641,1.3405585988972955,1
4.013947339167064,0.10847236291942348,2
1.9814898002919445,0.8912218538033982,2
-2.565133824787119,1.1442243217057,3
3.668894883119997,-0.14298019607262463,2
0.5273939672967428,-1.5262364381998652,0
-1.5747150723904197,0.28232320901804425,3
2.186945581168011,-0.3268854075205666,0
2.5101716860168826,-1.0088215604526591,0
-0.3850739185054649,-1.4366378025034714,4
3.5949700084095997,0.16319941291925788,2
1.7760296616901705,-0.3721235751113976,0
-0.4843737898081478,-0.745108079469986,4
2.103276645724912,-0.8082667796522028,0
-0.6843291948886795,2.117564627376936,1
3.5140720673097907,0.19730812283602628,2
-0.9290441522111266,1.3985673893902149,1
1.568382054720324,-1.3374065491445535,0
-1.5778979061805753,-0.14845865232621297,4
-1.662686803993564,0.7839628494726624,3
2.7415354193050945,2.5756009956143324,2
-2.326410850167008,-1.2059373594095142,4
-2.294634418253106,0.18329039013051712,3
-1.4402505011686069,0.0013701419369768209,4
-2.1472211647897366,0.198712796605217,3
2.6978441585874013,0.6207819362499016,2
2.5320162669471213,-0.34172450311676417,2
-1.0174016930043979,0.008685460702734724,4
2.632987665840545,-0.059186230366011755,2
-1.0237347955578295,-1.5729036150013995,4
-2.2912547629035154,1.1937937379210457,3
-0.3417147357274144,1.6067729031188338,1
-0.9811678521235445,0.02349971284601894,4
2.0863664791232504,0.9246981177585432,2
-1.5115917615223253,-0.2486442708577868,4
-2.1093300985125736,-0.22714747576221542,3
-0.017315914522179315,-1.2462885580988499,4
-1.4747227530664928,0.6574022131702797,3
-0.3588321018261643,2.1302230202676418,1
-0.7252340608230077,-1.1281229252091691,4
-0.6144398123266521,-1.4052600673195266,4
2.070781303555114,0.6139503283698737,2
-0.9716340113744788,1.9435959501544202,1
1.2282928032525415,-0.6981207272417383,0
-0.021106783759964498,-1.3831930921541469,4
2.643794374669226,-0.11605065817816423,2
-1.986618872970354,1.0932029509439367,3
-0.7590083581079483,-1.4845566900105296,4
-1.4561199394950188,0.8766718119147233,1
0.07440077052708197,1.6135425797302225,1
-2.266413035850594,0.7805869538963012,3
1.9801898204298425,0.4058817685978897,0
-0.4304393809554645,0.9246560613749617,1
1.433087080839221,0.6578303049463696,0
-0.06054580188824227,0.25033243465875227,1
-1.6935984107455038,0.741954973624978,3
-0.45679698488845555,-0.081368886678993,4
1.3335926395623001,0.6869219111932163,0
2.3609844981177535,-0.8103300797493121,0
-0.8626965893411681,-1.3333309609398436,4
-2.0949716739259014,-0.17787393768434107,3
-3.1790917123136677,-1.47454131300677,4
-0.32846999404678,-0.32633722852801156,4
2.291843025840572,-0.5565642435990609,0
1.788385812233728,-0.36041938411866564,0
-0.4672206342113554,-1.1674266727967335,4
1.920990264064803,1.540749108401572,2
2.9866256637822777,0.15148085402284722,2
1.129019358742389,-1.3090495412322947,0
-2.068897592771531,0.12420130504083839,3
3.9045002286506247,0.1616983592222006,2
-1.1232590793976998,-1.1433083121705718,4
2.50393687327953,0.38906850393264736,2
0.1771071165319873,-1.0594165321454143,4
2.4218542032042727,-0.09184515305974508,2
-0.8955319194824155,1.0319877210831268,1
-1.7666371221456547,0.6781019392428387,3
1.657336875246999,-1.0803108204877994,0
2.733991473854945,0.140758935672459,2
-0.6061800321414654,1.0657333825854163,1
3.5153573097772,0.3527470798248139,2
-1.7269537862897295,-1.3072979772692248,4
-2.357146409467225,0.27557080929888594,3
0.5570358695822869,1.2787680943902242,1
2.2720952989244845,2.742622401411066,2
-1.8928746443878393,0.8305337599635606,3
-2.1876561790884765,-1.357903479217261,4
-1.137483686659667,-0.04184085698643908,4
-1.5030664746560005,0.6955710478511391,3
-1.884546127651421,-1.8802728148196033,4
-0.6288202260359195,2.664525926471709,1
2.636745850677747,-0.06636345806540903,2
-1.3014882241303218,-1.3286699763814478,4
-1.333660077285995,4.515482503013216,1
0.9241184749937286,0.1803434375525758,0
1.5847885018687875,0.6512956863343424,0
-1.6206792108692847,-0.11337939088737575,4
-0.2548236642085434,-0.966505005049066,4
-0.09205920162321893,-0.2981008825645516,4
-3.52489211015657,0.8265434658277938,3
-2.8278108996848457,1.057180551938098,3
1.8813452402008473,0.6129343191094276,0
1.4659949682679092,-0.602392817419405,0
2.105710249781941,0.5996942054946063,2
2.7274950406733636,-1.1191416250299155,0
-1.2841505648428992,-0.06855021184218968,4
1.3874083185799972,0.1806453586784686,0
-1.7240922560637073,2.041559526286231,1
-0.19303928056923772,-1.343303961639672,4
1.8099208099040967,0.3440458534454865,0
-1.19652886768049,-1.3591834036681356,4
-0.7895626670636751,-1.3306924998980973,4
1.9279576551409319,-0.33221910550989403,0
-1.1811814763329462,0.17047725514764367,4
-2.2833348802317124,-0.13931527174103653,3
-0.6183610671303058,-1.170216678147263,4
-1.9715037810704141,-1.6048975542953567,4
0.6593751530965518,1.7232542141508367,1
1.998265786287468,0.40789510747873203,0
-3.28153999294902,0.8041310200585127,3
-1.5644672688883303,-1.6996830104159628,4
-0.2702149762079805,-0.10453382662262639,4
3.910133710511349,2.5686639073412367,2
-0.5980003955193446,1.5190378584657453,1
-1.0725051045711156,-0.1519705614735864,4
1.7075373500677922,1.2912562818881268,2
2.100982056348819,-0.5445750415733315,0
-3.4283652860789324,-1.9320285995847946,4
-1.5635707867409,-0.5931910989898309,4
1.101894380299333,-1.3161622202522159,0
-2.137965360009379,-0.06476607414974386,3
-0.9315681602482597,2.4695756701509666,1
-1.9967645145319628,0.7204125660085574,3
0.6543932574488207,0.9295780214565863,1
-0.7817511227739119,-1.2620300099880828,4
2.6812631126137623,0.13286214155940473,2
-0.5882477422813692,1.5014068584572429,1
-1.1921615980094842,-0.8212590272367438,4
-0.06750873622033918,2.0906731390914848,1
0.8936694117460333,1.303262583407141,1
-0.4052276774418121,1.0928938988368906,1
-1.4888782872558013,-1.5482828827383361,4
4.179753291482137,1.3618960408809737,2
3.864268227499761,1.1297002265157847,2
1.4282646945985789,0.9229660060386098,0
-1.2410529691982153,-0.08333704419224092,4
1.6476623761035716,-0.3051380112169904,0
-1.4325676839297234,1.9914468392259228,1
-2.0551324509590856,0.125214853564163,3
-0.489266442456633,-0.8000018608636302,4
-1.6392694468345432,0.5357295889620961,3
1.998874102879494,1.5289081312542323,2
2.0364756823314094,0.6239169812997373,2
1.597937731159039,1.3137701981621455,2
-0.3685053771631309,-0.5392902406238941,4
-1.853230889371409,0.6639045041573626,3
-2.078000062728695,-1.157660657386061,4
0.07971491846254516,0.25200321346229676,1
-1.9318760793031562,-1.0377844031733712,4
-0.86649424564995,-1.1916493295309534,4
-1.9591673424755898,-0.15485041060056948,3
-1.7547869661901756,-1.9960106663620536,4
2.1463007951749193,-1.2884548531054822,0
-2.141898390533657,1.3614561583242433,3
0.779116719946789,0.18623278473153715,0
3.579733741554918,-0.3112348676816641,2
2.544633687531654,0.41266407881617095,2
-0.08711843654121265,1.1071826051727534,1
-0.1309818392284683,0.8612908878509379,1
2.901043089036885,-1.3383933244687654,0
-0.7145261587950171,1.2047248195134792,1
0.6772511107601998,0.2791041243982165,0
-2.1370871700993583,-1.303396676246611,4
-1.0253233740278744,-1.3918510374329596,4
-0.9416777086319639,1.3881041041114437,1
1.803598882923902,0.8293577164263274,0
-2.8880013930371993,0.30852045198805367,3
-2.6819573489327113,-0.6782316862069779,3
-2.680019558851469,-1.9046962348047414,4
-2.9981759115974493,1.1433811488445582,3
-1.8959706207108065,-0.8148249973441564,4
-0.3138008416322944,-1.5402124915250028,4
1.4874560027102697,-1.3180296212327927,0
-1.124186118651612,1.404295865235138,1
-0.36061596528926865,-1.1347902907211,4
3.256580978603726,3.8953736457618104,2
2.886632264985891,-0.2522151771789043,2
3.6442856365063916,-0.06189515988230193,2
1.3854443276941792,-1.2985793161136259,0
-1.5339720899104707,-0.7037518970357204,4
1.286067928259928,0.9038232956684411,0
-1.2280136586729955,0.23456265006251048,1
-2.2258019257304027,1.994181840772983,3
-3.268237098030769,1.188096973424312,3
-0.4208002102336341,-0.3687679380009564,4
0.6373110437953357,-0.7898188913525857,0
-0.3932396487635359,-1.0138854999098486,4
-1.5086884705526593,1.154754939498653,1
-0.09035972151774813,0.19767553315859415,1
-1.5631730791850862,-1.7144618136393166,4
-0.4271526581698085,-0.0725242871794993,4
-1.9578862802401586,-0.0002507421788042752,3
3.893166899848236,-0.3866957875613056,2
-0.27739561218468156,-1.554452213636028,4
2.282263962197158,1.0588439138470416,2
-1.9378839262207113,-2.0113917178529626,4
2.41149187973634,-0.0855352976840415,2
0.4689346097353496,0.4747830368778837,1
3.933212186406774,0.40774090681284314,2
2.938907698592267,0.5989043578504657,2
1.4220047885323364,0.1645207984141694,0
1.5532622806305691,0.1567269671627345,0
0.6419288075489515,-1.467491580221746,0
-3.267200244868194,0.8563831858694392,3
1.0462844146007857,-1.3343511681297888,0
-1.2647007750726849,-1.4027944970423347,4
1.4453757485677223,-1.271076820638809,0
2.018499277938406,0.5774303331227999,2
3.8726538992732635,0.5768698660114111,2
2.7781611673187725,0.3760162009874866,2
1.0760693447967207,1.575293145740494,1
3.834992436788923,1.0891070614361156,2
-0.4597131414268618,-1.465277780334626,4
-2.555345493931028,-1.8337147831464482,4
-0.9792053871460666,1.2290193842370936,1
-3.2661506470163957,1.2055700041386699,3
2.623905193103299,0.3842720431640142,2
-1.3846367280794085,-0.7443725007481768,4
1.274447674583014,0.41465778058371416,0
-0.576748714003384,-0.6745742216104854,4
-1.031303608870626,1.6607530943347988,1
1.9098154515756154,0.6057201507079824,0
-0.7520410181122303,0.1917726586300736,1
3.733895204456048,0.13860540252640446,2
-1.8218917232197098,-1.4581596359068159,4
0.6227001209413279,0.9826679895251946,1
-0.17738761300294095,-0.44505883316630745,4
-0.006396482680672347,1.0509814959083985,1
1.5902015765656323,-1.3104721558557844,0
3.5133512125223367,0.606980634865083,2
-0.24272025035197495,-0.9034840122282992,4
-1.2849485019221125,0.04075842186960489,4
-1.8803296695658827,0.8216625078903746,3
-1.070907129977326,0.6701936078356154,1
-4.52466692973736,0.30792728263628627,3
0.343018013452159,0.10990170535046735,0
-2.889951481441486,0.3562757624756186,3
1.4542612782393556,-1.260395952702409,0
-0.5949394702309252,1.0443340407937665,1
0.09358289184131918,0.004618168782908133,1
-0.27575601640392744,0.8779554091354169,1
1.424178621112495,-0.45408562325575597,0
0.7251248326760213,-1.122235501726398,0
-3.2857748314695954,-1.6023544342290539,4
-0.48472381048452307,-0.7876802468965802,4
-2.04425747843328,0.8982213439212574,3
-2.497463918624664,1.0972958372079322,3
3.35366378539798,-0.32049130976041096,2
1.438132576897852,-0.33076190997315696,0
0.13340440342388182,-1.670501105533163,4
-0.8792359554978911,-0.6029889093750114,4
-1.0421327893756878,0.5649203952355019,1
3.7706241870407786,0.13741422767038447,2
1.4900165584780187,-1.322119720259299,0
-1.5077504903058454,1.99392187766383,1
2.730580441388416,-1.1042519225325658,0
-1.6912823069368126,-0.5183889987139881,4
-2.526099728479105,0.7489376892811086,3
-2.526975754272723,1.1089444885927442,3
-2.134176174660023,-0.11364965235106611,3
-0.6352152074461864,1.510276185837906,1
2.0369637502616618,0.651271340058876,2
-0.8935110547833469,0.16380346732181317,1
-2.774504432250223,-0.9548795905695917,3
-1.8138748897481065,-1.5605472064258008,4
-2.5581132898105445,0.6538128556198907,3
-0.5103222043150938,-0.23110258956948157,4
2.239449193693667,1.5820831224371903,2
1.7910546856320115,1.0586319059988567,2
1.6649013569562185,-0.5276696540226008,0
1.991043588966279,-0.3733973901955315,0
-0.17481298859906494,-1.2918471396713438,4
-0.24855957037087265,-0.9009032587186544,4
0.10800908108786644,-0.20917097172325486,0
-1.9634412396109757,0.017260869061236764,3
-1.9454132392195274,-1.553277670556412,4
-0.8703931999730203,-0.18764216918332002,4
0.45673297534238255,0.24303871750135297,0
2.997355927950937,-1.267219667710381,0
-0.5020035989061081,1.5661323734044175,1
2.9407560836283135,-0.14670356455738676,2
-2.1985431365103714,-0.5612885779634867,4
1.6788079032199883,0.1977514156640786,0
-0.7980648171406546,0.22844496672369513,1
3.0491778245405667,-0.29150215175688615,2
-1.3291674332674543,-1.073438986229854,4
2.1925652657729535,-0.615897369095211,0
2.6850359424801566,0.09651370074260802,2
-0.9886838986697524,-1.0829660206529192,4
-1.365386992046768,0.29926542586865756,3
2.9008931221751904,0.6499062194843217,2
-0.10632077287524816,0.02780970097839748,1
-1.509383018067512,0.09137207285066547,3
-0.5167650500062541,1.0345908968180795,1
0.07048863214841287,-0.04523951915301874,1
-1.32439508148054,-0.44992717886491207,4
-0.9437682788285509,-1.3363095221287185,4
2.9304734450417533,-0.03826931850418852,2
-1.8594376574258804,1.2319882814864849,3
-2.152890472847006,0.7916168845783087,3
-0.43155756596850237,0.13285126555355664,1
-0.8502113425847524,2.492979451580102,1
1.655690015733801,0.6079487762873965,0
-1.4275636222565797,-0.39514419150906505,4
-3.434307637374299,0.9048350775846035,3
-1.3476010801528697,-0.6627436201825085,4
-0.7108993381325404,3.01758825639645,1
-0.5924920089053104,0.9138957849040585,1
-2.272491200109744,1.4503330784861648,3
-2.2591255500245624,0.6592417290959721,3
2.190568273710606,-1.1508221174837803,0
-1.5356798106310907,0.7151363828260847,3
1.0867013595050705,0.44139769398638085,0
2.0365475051885227,-1.1641330112442358,0
-0.8539712910460989,-0.6683273566008828,4
-1.5726478104100723,1.136281883075261,1
-0.5577600924270535,0.14123610576429957,1
0.8359968305631722,0.4646696949884336,0
1.3906775908649711,-0.7573420677640197,0
-0.9801738422535975,0.7301402623752826,1
1.654631213270432,0.14957391810385473,0
-1.3052843956958928,1.74341743252336,1
-1.7772433390987155,-1.3184130214465122,4
3.6258177042430395,0.5997007818132832,2
0.1384162237108817,0.5237097950613295,1
1.6632416569239934,-0.5219155430765134,0
-0.8050789888461237,-1.4717799727494492,4
-1.4717333268255737,0.6690307728868696,3
-1.188983465733297,-0.2621002335242238,4
-0.630370042588781,0.13968656193833134,1
-1.3385805516617275,0.11141476113731417,4
-1.2530724088496044,-1.083174169537247,4
2.6140589260097022,-0.06769449074905906,2
-1.6431220235766255,2.36244677981106,1
-0.9453037073847084,-1.7201695421086802,4
-2.946692479410725,0.565645016036968,3
-2.588013187605743,1.045750061489028,3
-1.322004303646046,-0.2500968434139738,4
-0.8324886682497344,1.954699060801485,1
1.2637407216052867,-0.25804394713943485,0
-2.5145468458410845,-1.3672225550659691,4
-0.3674818211485359,2.546923086838767,1
-0.6613769796426825,1.7466708158132571,1
-1.661855078502472,0.8870720186581853,3
-1.8643813892829055,1.5400735471136646,3
-0.2610413838912672,-1.0211964235011852,4
-1.9885689360334406,0.7481210112670917,3
-2.282926117252304,0.19780146106026397,3
-0.6791951573455556,-1.5340860949965975,4
-0.6126138934580894,0.03220860022964801,4
-1.4364006141231702,0.0017850427635879573,4
-2.2114311005255187,-0.8592112460186587,4
0.19381921989023687,-1.117592438175811,4
-0.9510468055410994,-1.0191714612320406,4
2.409541449537136,1.7494806151767164,2
-0.5841456747588178,0.4625546241050823,1
-1.5925352435574598,-0.8046622066649628,4
3.230148143471538,-1.3455793243936385,2
-2.582658034955759,1.1251153814020547,3
1.2694273314631754,-1.2917385371950232,0
-2.79944598077662,0.2585056375067957,3
2.5438773888975073,-1.3304368947206962,0
-0.7082513446016742,-1.0697753637730048,4
2.8401739985953887,-0.3998215458878116,2
-3.2063655579976804,-1.6969645148155639,4
3.2019516880324064,0.8370272436985114,2
-0.12289058857570873,-1.412260072421572,4
-1.7511698015311035,0.09024104490113267,3
4.1834557074185375,1.0391646865693678,2
-1.587761161433653,-1.5623320302330928,4
-2.468371517586217,1.113539985103233,3
0.14164360931031492,-0.4474845931302924,0
0.09782756389276882,-0.43571080919735794,4
-2.211770338695237,-1.4697831752763624,4
2.1265791966696077,-1.1500738518670157,0
3.529118220518027,-0.3814652973074539,2
0.9735983488245215,0.1468023639243724,0
1.6258703629104394,-0.45122658235290136,0
3.084509254978466,-1.3070787701981477,2
1.987008830295039,0.559802588091981,2
3.4782946486193795,-0.3674699249208346,2
-0.744065315694435,-1.0008269945557555,4
-0.11850055345857147,-0.23383516132282234,4
-0.0633427924318038,-1.31735511754395,4
-1.6401127194172864,-1.3787086852240091,4
-0.5239309602981046,-1.109202904710442,4
0.19303363199211618,-1.440992419794819,4
0.8806413453663062,1.6238982270791738,1
0.1358207653773071,0.038842663895937116,1
-0.5246417533965954,0.9716568403979284,1
1.6667989757923287,-0.35438274492527116,0
1.2769665217742097,-1.3100634838262224,0
-0.6750105792091878,1.3510737997180144,1
-0.2574112840422462,0.3641797110003972,1
-2.254957483808762,-1.0539604890238774,4
1.5164245908194833,-0.5237371856240032,0
-0.700699240447349,1.5977226207502269,1
-2.560658110425908,-1.4169281384346517,4
1.6144102876747255,1.554810473992253,2
-0.5951911894141707,0.9440249280546704,1
-3.516808211443729,1.2324320202315673,3
3.3009491010445244,0.13940737531898523,2
0.6526661808723587,0.14494151886887946,0
-1.0299962068352246,-1.536828753743537,4
-0.12673796068070697,0.9428905103067244,1
-2.7397586142936494,0.2678313734098472,3
-1.5260239285960415,-0.22349395250099152,4
-1.9391973447896744,2.3351453949425363,1
-3.627840469612832,0.712527320532199,3
-0.2308440840389039,0.040072943030419514,1
0.3280182894700213,-1.5256424700132674,4
-1.6574845078184879,0.6333282584374742,3
-0.469159395778073,0.6232981749721336,1
-2.8781422075090997,0.46401507912846696,3
-1.0108184950495063,0.11010665518254846,4
0.07453511192313658,0.8606582022112214,1
1.5670635726591673,-1.3038752479662334,0
2.280983169432817,1.039735832674046,2
1.326124164646641,0.6588606918362327,0
0.5251975950639323,0.7495079748963528,1
-2.7612815506978534,0.907925444581086,3
3.5118916301492944,-0.5277772073907042,2
0.8335747520466565,1.9580616207064843,1
1.3810901992052573,-1.2932005932940112,0
3.2523066095275657,0.4478138925584406,2
-1.0761234364179422,-1.276454126739973,4
0.22465306779953048,-0.886873302184358,0
1.5239098561733766,-0.792560801523149,0
-0.509027827860747,1.0322861726779287,1
0.6380839158951795,-1.4221506114537528,0
-1.047192608290579,2.378117964315381,1
-2.2510964139129466,1.5649163223389215,3
-1.8024055317336538,-0.62979886358006,4
1.6673286531753198,-0.8238439308051219,0
-1.5778904622305956,0.8963195412388356,3
3.2848015546141935,0.08749548870856917,2
-0.7580602559471707,-1.4937840292272535,4
2.032962734929391,0.6045696283901081,2
-1.1838280542936666,-1.323678537329463,4
2.1379326591155925,0.5904646447457709,2
1.159911804869343,-1.2896903894445513,0
-1.1926558911775516,-0.9405259884942957,4
2.0457333554217643,0.14048831378999488,0
-1.093175254520639,0.03148756311841884,4
-0.1747183589806611,0.5339796264412149,1
-0.6619582507283418,-1.6419825532556183,4
-0.8418923855486876,-1.6044664352128235,4
3.6203908771899806,0.18467479569938133,2
1.5581273396051034,-0.2976646861851763,0
-3.2071024478957484,0.3280610283751923,3
1.0214002936268984,-1.1578261719504095,0
1.0285196394113858,2.291204265507534,1
-3.33250045520913,-0.06821966747162075,3
-0.4535763785513871,-0.9711238483774371,4
1.1738841549684589,3.1737590636232436,1
0.7149237792876265,-0.6348123966981956,0
3.165216617514986,-0.10595730559714703,2
1.7461222300156791,-0.36533317546027366,0
0.8852348240418627,-1.5099523296073554,0
2.4860518109872034,-0.31403365943614614,2
1.2612981206282101,-0.6419347481757852,0
1.1372877167045365,-1.024398053520052,0
1.2773972991513014,-0.29913783877548267,0
1.9229709852816792,0.6608984476854631,2
2.9113794136773654,1.1315616426205277,2
1.1202173654714078,-1.3045161541627701,0
-2.50200642214276,-0.9880449844582919,4
-0.17960117448635685,-1.2877530584527936,4
1.1800071537102974,0.1051464660029018,0
3.5756283059596576,0.6431886432591737,2
1.9504116518921164,0.13111285688582808,0
-1.8990277503961994,-0.1776592558371681,3
2.345318496799234,-1.0247186233479404,0
-0.8426744772181541,-1.5910956784518278,4
-0.09233908142380448,1.2336400308453435,1
2.620336712512699,-1.3368734882126925,0
1.9486717377430955,0.3248911141638704,0
3.802766538920543,-0.35981490924405607,2
1.4375499872947681,-0.5345066438876166,0
-1.833146675305509,1.4818372167198774,3
-1.359205409504231,-1.2118311446570074,4
-1.7994152757537825,-0.02193752931720347,3
2.32061149672284,0.20627971064824951,2
3.0362023381191623,1.41567157874181,2
-1.860004379817102,1.9156402839059865,1
0.21839702267734723,0.10384654793156449,1
-3.9691121618749428,0.9970032934661006,3
-1.2891856536012,0.6239561579530164,1
2.0081091523231396,1.3348150118597033,2
-1.907713624304156,-0.475536617065104,4
0.9828166885166545,-1.255248009274434,0
-0.6358268901258701,0.07686181646161923,1
-2.66753886967727,0.9173808774728753,3
3.725972623011601,0.6594224663254039,2
2.2715418390421895,2.7371009364506294,2
1.3887362025828118,0.2073621368683164,0
-0.6309170717228395,0.32705158537021584,1
-2.578288666775821,-0.3726146472906364,3
1.655771212267673,0.15042342570316397,0
-1.8594130871785073,-0.23864018072548843,3
-1.2705527223584008,-1.052838206222278,4
-1.2307431052237403,-0.8366535458380473,4
-2.8115801482699774,1.18248657458558,3
-0.8788985356132831,1.4287610528638794,1
0.37679375781488245,0.13208552250635774,0
-0.2346268780858213,1.411781097683633,1
3.5748732712562723,0.8204859960249298,2
-0.9017635638105631,1.900541127522097,1
-2.9292899913183783,1.1215440591220356,3
1.0920381571018747,0.18978582855109616,0
-1.8306114492812664,0.4644585443050575,3
2.714113629675032,-0.7776395710439081,0
1.8717094252424575,0.13823945714215036,0
3.1396322804732044,-0.5465424329021903,2
0.027691130881442455,-0.2469096617906661,4
-1.3700418887891046,1.4669073977632756,1
-1.679826755542598,1.6527115043907734,1
2.238718492731444,-1.324938331461502,0
0.0031536307716442252,0.18909144536188055,1
3.714784081038936,1.3785072178485527,2
2.0611037679692945,0.8303620680430863,2
-0.3587705659993081,-1.1245208263805408,4
-2.021513467372616,1.0774736356411807,3
3.5700142407245994,-1.3213644538491818,2
-2.29114420840027,1.1522935323687427,3
-0.2011274195885053,-0.38031688567315025,4
0.8153709645784751,1.0125271919684438,1
-0.017364170796220352,-1.3399549643790736,4
-0.6459078721235462,-0.19525721223995146,4
1.0536451158448663,-0.5646309880000845,0
-1.2600437734845844,0.9058159348057719,1
-1.4674319621098832,-1.015911161514469,4
-2.331411059847743,-0.23686630970176112,3
-1.699025499114019,0.24763517112554406,3
-2.45247048560484,-1.1320732848396438,4
-2.1026933238255325,0.8105133624722473,3
4.557881266667278,2.526408990966175,2
1.318180769884514,0.19980722430486741,0
2.2186611237534737,-1.2447476967711342,0
1.9561362010722705,0.15897620978509397,0
0.176241292061073,0.42482830912352554,1
-0.5354720491064147,2.6270126161313048,1
-1.4982549730822647,0.7429897533340009,3
-2.2766748271362887,1.4456477861202548,3
-0.47959689992805565,-1.3877687965411136,4
-1.0444766308477498,-0.5479211745814476,4
2.2770886399275154,-0.7989044867514297,0
2.934198072931095,0.5498044187231607,2
3.290418690373314,-0.30838805526539037,2
1.2494129646270886,0.1946733946963951,0
-0.5186905067711931,-1.1296088875223282,4
-0.8120126504909789,-0.8197710930701863,4
0.27763164554596664,-1.3326933675200363,4
-0.3212791832356148,1.3182521434436125,1
-0.11604089238825616,1.5051410234770313,1
-0.8969392677095708,0.8131285080716866,1
2.0971631121832273,-0.5849795904900444,0
-1.5108241863817173,-0.6866517655053784,4
2.3893370581032567,-1.0888921380808871,0
-1.517784230024476,-0.9545234683592694,4
1.6994859851642896,-0.3487518235301126,0
-1.502091678117774,-0.04660019176841387,4
-1.081654493380118,0.36855384918031714,1
-2.340848071890764,0.7584153477240916,3
-3.0383521330905587,0.3748716283403664,3
-2.4800480904008406,1.5222254862251172,3
-0.8067641483795195,-0.24929736858207124,4
-0.3179778499613505,-0.6042531785276548,4
-3.430682098774953,-1.7245290064732128,4
1.7078005114330306,0.34840688554301974,0
1.3705567304876378,1.2968790038015838,0
-1.6434036396821072,-0.2744846733861646,4
-2.3022304976477526,-1.315762005900297,4
1.089265962437749,0.3792057142844252,0
-0.0667068054518136,-1.6817257650590574,4
0.44017342306281293,0.6051362503490201,1
-0.7209838022734874,-0.1637592805844551,4
-0.9624307653523061,-1.2753999774274578,4
-2.7489530245654534,0.9206483655377611,3
1.204369892312657,0.13649525270736657,0
-2.730341051151708,1.329965612994768,3
-1.2546615072797775,-1.1465376913882557,4
-0.7028533841087411,0.11350239991767656,1
-1.119468763135956,0.1788363288057258,1
-1.4293930783070814,2.396832883344576,1
-1.3427578225038757,-0.30446443713496674,4
-1.9822422742749095,-1.6902676840214874,4
1.736879058865824,0.38824542057441114,0
0.4471773041244943,-0.9400881133775056,0
2.0023923195143336,-1.2483169587170042,0
1.889357361103938,0.10509674395426967,0
-3.6130353356395672,0.9508049350965668,3
2.2370632908595556,0.11338589167682768,2
1.82046300173106,0.18155713728867745,0
3.2292972574315013,0.21281799326376138,2
-2.0111971562327455,0.8180406018204024,3
-2.0397402021287268,-0.9727083567811228,4
-3.313914958411214,1.322386377609058,3
-0.962589830864593,-1.6239783041368887,4
-0.026785088545697167,-0.8108340207542366,4
-1.1441376100284613,-0.01344056716058109,4
0.24133187520196178,-0.8585305303969426,0
-1.8633668585944043,-1.0028747111340808,4
1.021607088936174,-0.7625443670466866,0
2.0419094740745662,0.41601310797911106,0
-0.8029272121629667,1.3536505152570504,1
1.7948127505638802,1.0597399828052527,2
0.8461429345655964,0.22342201361367148,0
-1.332052139038848,1.2437604137696199,1
-1.3030378605358026,1.1259708135134163,1
1.5670839847428202,0.27461293361623507,0
0.17218663676056417,-1.0038000457045113,4
-0.519961210843997,-1.4495449285403132,4
3.973594681506138,0.8800886832617348,2
-1.1467603947523268,-0.8705308440548112,4
3.236821202048833,1.1006844866279955,2
-2.3674695358252413,0.15513484854660597,3
1.9050079358222198,-0.793460696821421,0
2.573910734612932,-0.35285270101170785,2
-2.139548276616291,-0.2604095559283994,3
-3.635152223752927,-1.760846824265489,4
0.9808370309394314,-1.232585235678313,0
-0.8080081987056975,-1.1156169280609263,4
-0.40200635486055136,-1.21773938248689,4
-1.9685374847820067,0.8355820139989473,3
3.749706357576356,0.14788211381524607,2
3.016121022973914,-0.41825003105954495,2
1.6650973735594505,0.8295688686732343,0
1.2889050423939357,-1.0720883741431164,0
-1.4619736692957233,-0.34662627943382157,4
-1.2061465764493338,9.494323261695359e-05,4
-0.1706168807156256,1.7359910861492884,1
-2.439811765709921,1.2749413079844167,3
3.8543690987052845,0.13578142047178693,2
-2.6044053950542128,1.2627591150351727,3
-0.4380127648762311,-0.8825606115390475,4
-2.071347344091929,-0.22871638393421878,3
1.267116616919826,0.2356048748067976,0
1.3346165235446807,-1.1684908152052533,0
2.579707875827037,3.007104584539035,2
-1.0836226480271827,2.08535828383785,1
-1.840710105898505,-1.093543180253554,4
-2.0819028286047407,0.2711243978833019,3
-0.48211942670255636,-1.5523808640783432,4
-1.6421407472157348,0.5727268493152287,3
-0.6897671576808236,1.5146000156642683,1
3.3783923942459317,0.8466512448341517,2
1.6089523189554409,0.13745669152513196,0
2.006321110918517,-0.3162420850638595,0
-3.6054105669766905,0.6923139867680004,3
-0.49923629193737984,-0.8494985879172456,4
-1.8480350526135083,0.24778710972204132,3
-0.9178541404948042,-0.6884238397355288,4
-3.5793479758849673,0.7844391416334997,3
1.4211019948222294,-1.239421805700659,0
1.2380315963755435,3.35384582531561,1
1.8203538070364902,0.1925580139455495,0
2.5502014797469785,0.6486359211890825,2
0.8898531880577706,0.6443777081091563,0
2.908698274842367,-0.07717997721897366,2
-0.4466680012838644,0.39802203140390424,1
-1.3155801454709755,-0.8466492768889613,4
-2.4226593315036866,1.6709842272466997,3
2.8025161809413364,-0.8685216037175242,2
1.5819511400331994,-0.6232432394911553,0
3.2421623741625774,-0.7568679318894592,2
-0.06795149791816249,0.9744602000073215,1
-1.084754499946626,-1.540558467531478,4
-0.6470862985056406,0.057101049501198556,1
1.4046232680636699,-1.0522258682602197,0
-3.01173005577518,0.8363811873315085,3
3.4521601771112658,-0.33366069478762606,2
-2.747780111219074,-1.452480043202813,4
1.8366918856195662,0.6211541867028075,0
1.287348247974385,1.834070123301491,1
1.8948883388070492,-0.3263609971094774,0
3.1397796820335646,-1.2946473875979119,2
-0.3110408848980648,-0.5603832062288371,4
3.90360743708386,-0.40234779914834634,2
-1.6720740049614626,0.45813422164284134,3
1.7710991116293036,0.930751034761887,2
3.4623173553806645,-0.38243129878857485,2
1.4616572533955865,-0.04659849883072445,0
2.435184549630958,-0.860246215209639,0
-1.7911822346375847,-0.6653665267969319,4
0.878142334787732,0.46996774292636734,0
-1.0610911957464828,2.148499674057493,1
1.6747382996113749,0.4149787129783278,0
-0.8500198372399972,0.20154195112203704,1
-1.6326349946726684,0.770027391365851,3
1.607464016198047,1.624208353679617,2
-2.015619406780074,1.8030811396964683,3
-1.6412881156648544,-1.1316409108257388,4
2.156949525370338,1.5728617252747503,2
1.4604292267357917,-0.5795261096912754,0
-1.9562495709027072,0.043216443231113746,3
-3.2187999444692483,-0.17579264117853105,3
1.4178193794493499,0.19273389117238876,0
-1.2044693971226306,1.3920428794128366,1
-3.22357426358408,0.33478032988802914,3
-3.8669150537578267,-1.5915530524914947,3
1.5737091919487523,0.40969775860177193,0
-3.7709024173836614,0.19390020623774756,3
1.3966643769759686,-0.7649420635573685,0
1.609198538749898,0.13305621741213025,0
-0.7079954042109192,-0.5872055369049632,4
2.164825839948814,1.5390272980144377,2
3.7421875307010066,0.6398373696607933,2
-2.8564580130839774,0.4550833775700005,3
3.54191691900174,0.15692176689652398,2
0.055958274998268054,0.30492547497159445,1
-0.7886189785303056,1.3173281554268672,1
-1.6407186115901937,-0.3670443844045108,4
-2.7156196623266466,-1.370418734503127,4
0.5174652584735225,-0.4741646988979557,0
-1.565792106340562,2.245974278214717,1
1.5275658424534178,-1.0476121569233243,0
1.3587922184392778,-0.5345251018139107,0
-0.06655060397835627,0.40796860248350264,1
-1.5834975302173604,-1.2538876206795093,4
3.461835518755544,0.9230201810782581,2
-1.3814365569655596,1.025985322541608,1
-2.0445154364270373,-0.7898040378919926,4
-0.250000005317787,-0.8509298477299653,4
-0.5516972436585722,-1.4793266409628252,4
-0.7946480509782309,0.8754630005927263,1
3.880117528571839,0.16760380628281685,2
-0.8487244029123413,1.5849526583959725,1
1.2980049331265187,1.074712072446592,0
-0.6181525747521747,-0.8847952896725281,4
-1.1500977469288993,1.0944673443944215,1
-2.7305636692299293,-1.3525286673529973,4
1.0459452568119523,0.13374787823325723,0
0.1927487602120354,-1.6289145313313116,4
2.31330720051531,0.19788253831126829,2
0.9855435342955204,-1.4968699023122112,0
1.1562581512581755,0.1256913582865053,0
-1.3629028524156042,-1.1625317134056714,4
-2.730163198370059,-1.380359951943384,4
-2.8445452433113396,0.2724820498680146,3
-3.1437436638078164,0.8812595719698669,3
-1.711688306150958,-0.5060185420287167,4
3.1735430537621885,-0.09059620141157088,2
1.5729544229595211,-1.0779807911920882,0
3.733590553337235,0.10548053205693599,2
-0.9716889455313846,-1.0916879377803925,4
-1.7304856344496558,-0.6065333462415738,4
-2.1436348830659955,0.17697506345307285,3
-1.5120299151402388,-0.08389292349080615,4
-2.133174072661869,1.198600048872587,3
1.4763639544728302,-0.7971675782234322,0
-1.490146720627141,-1.1078371322537408,4
-2.1933352838297124,-1.4818304014961654,4
0.15348983489916987,-0.8078928966365465,4
-0.9802089870540647,-0.23409946934920492,4
1.2964189428181456,-1.2864826459964187,0
0.3474596875845265,-1.3402000115551482,0
-3.8796322425885235,1.0463237008885875,3
2.1348992213813203,0.6194835303662634,2
1.3871400596589134,-1.2610373391150274,0
-0.01045499368998265,-0.635550318319321,4
-2.3746688929972533,-0.3041620577762403,3
-1.6183985943318853,0.45356605370250924,3
-1.4297559667059416,-0.8834467156960284,4
0.8929239158115575,-1.3062819878683405,0
-0.2939144632688565,1.116155043736573,1
3.650413973279186,0.39187265952816364,2
0.03007771157207645,1.5443627023499165,1
2.277796562234968,1.5411196644185239,2
2.189698965919507,-0.2983967961775304,0
3.448922277491305,0.17246283468703738,2
-1.7935622002370883,0.12646664043274208,3
0.6621908582220604,0.22048234943680145,0
-1.7666787412020681,1.0426021110310717,3
3.363903664998785,-0.35898710836939685,2
2.669475568073995,-0.3480203015039029,2
3.4887935967315995,-0.28558707976081454,2
-0.2897472364723861,-0.24068482522336385,4
-1.6005224984253572,-1.0034095441656736,4
-3.948257568173144,0.29653365665050174,3
1.5523349735266707,-1.2627430781228737,0
1.5332652475197222,-1.252757148191548,0
1.4412807844923952,-0.28612930181946467,0
-1.1265070286077672,-1.021885664936295,4
-4.041238004596746,0.507772643647604,3
-2.41128358687017,-0.9860781313900042,4
-1.0402406785594773,0.24371165424197216,1
-2.0492463044242317,1.2135844622931755,3
1.7838596868380585,-0.5849425199150842,0
-1.1471558203765173,1.152789532578613,1
1.2990561413389083,0.907652909560235,0
-1.536616869005807,-1.3957029388019124,4
3.6254759321809296,0.16371416186753857,2
-1.8861532335362177,-1.372482005971903,4
3.540545620599154,0.10563715957358645,2
1.8081571251672273,0.4597977794020034,0
-1.8501411818923768,-0.7354953976702008,4
-2.960081897682226,-1.1820906185035136,4
-0.9010663104943287,2.019084396067976,1
1.5072051311860148,-0.05325033842474017,0
1.6410065974401447,-0.14043873415654035,0
-0.575658999491814,-0.891651040886507,4
1.7236626096087297,-1.2590056371812182,0
3.728191176949344,-0.3291529985769258,2
-0.2714234944032172,-0.9868075919874499,4
-1.81471694308478,-1.504711274604579,4
-1.0264568284456899,1.0421933136558776,1
-1.17985236941539,-1.4282027658895995,4
2.768074617994983,1.5370654671999118,2
0.9353218183848642,2.2506599497530027,1
-1.5204503711634307,2.323016692637537,1
-1.8936578391748233,-2.0783244180514853,4
0.26602103215704054,0.9546583604983376,1
-1.6472028357367705,0.7986724487031858,3
-0.48113149094699437,-0.7503227287290994,4
3.2349484586709885,0.9057922736195203,2
-1.9021091765145501,-1.6572137830741365,4
0.25796174272986294,2.39146907967407,1
-1.26519444186537,-1.4165189664530848,4
-1.2492819136382478,-1.2030068720345306,4
0.5337059331521734,0.03796730323527191,0
2.3888320748886263,-0.28026440735441605,0
-0.5344012919402894,1.0965401789313738,1
2.430695827177166,-0.8415409623480515,0
-1.0380229583739538,-1.320438017069166,4
-0.7154023560702839,-0.896546364444311,4
0.1004237433276677,-0.813837380703972,4
-1.2492365987320293,1.0774345007170625,1
-0.9970136719755784,1.3978410181217888,1
-1.2650585375015237,-1.6659108246874257,4
-0.4166499062954464,0.1868498128802361,1
1.851401556137292,-0.5453647123096393,0
-2.2780928786131707,0.7244338609906242,3
2.809671568165754,-0.865526613285334,2
-2.5118400998301342,0.9386648047473891,3
1.3311941261802103,0.25361311925165103,0
-1.790316989825957,-1.0348738554680004,4
-1.3441133569866315,-0.1078760332885604,4
-1.1332401616000833,-1.5421610905058705,4
-1.6144117883101576,-0.14966498804249845,4
-1.7992271621178015,0.8949221044844353,3
1.756087819362415,-1.2775876777681374,0
-3.4251843318234942,1.4844851252716116,3
-1.8952851902971737,-1.0873516729465733,4
-0.6217680798917131,2.5400463925196797,1
-1.9018826951212577,-1.1146252482747683,4
2.4440958820866627,-0.3447160416599295,0
-3.15883176911615,-0.04902751814496012,3
-0.8291371599069065,-0.4560032732442589,4
-2.250725443741348,0.6736682054720788,3
3.5837968514656886,-0.30067162966384514,2
1.7344198391425605,-0.19784912477201722,0
2.7759913249857906,-0.3164248915152361,2
2.139272180528906,0.5556352719571804,2
-1.0260883184340892,0.23297248282915556,1
1.102016711079702,-1.2633869860813396,0
1.1171896102607477,1.0710278384864138,0
3.441318591836598,0.677623557350491,2
-3.5237342868108845,0.29957887246986803,3
-0.44299245167177503,-0.81275051693739,4
1.6137241435395135,-0.8177972077128397,0
1.886822347324713,-0.28543296234910825,0
-0.38056011301576165,-0.40151625327092894,4
-1.762135281109696,0.6349943086069579,3
3.3437102764453033,0.12075099974810662,2
1.1538740357333552,-0.34220395033389583,0
-0.3723943513141651,-1.9967587582425317,4
2.030836193248216,-1.3104261108310165,0
1.2484832355507878,-0.28534493239899583,0
2.5422631058597323,-0.05322624282804614,2
-1.1655256645421674,-1.6531044001850497,4
3.302371650623461,-0.08070635348904198,2
-1.2126783716527152,2.306073109350832,1
0.4349028071540897,-0.6034109770099317,0
2.178727640363448,-0.3047534639448803,0
-2.659669592557403,1.1759386628838056,3
3.7574091427505873,0.11478729635583064,2
1.6809140357741454,-0.31541542789708976,0
-0.8109246138886818,-1.4411612461970782,4
1.6719590764687504,0.18235985847792863,0
1.5270267510555728,-0.3202069486545285,0
2.447804486960366,0.6621482079302788,2
-0.6427802204427946,-0.3965579245098237,4
-1.8559011271695935,-0.25838885446419946,4
3.174219717189369,-0.5658384542803842,2
-0.4825011051141178,0.6068773746040099,1
-0.11338806812281729,-1.6593330940574242,4
-2.659924072112757,-0.22983271052347512,3
-0.9824745455745874,1.1144804182767554,1
-0.0024913648125834825,-0.47689190276545695,4
-2.762780238256021,0.9317174700673772,3
-0.32968377139078897,0.2647524938445454,1
3.3940249689751743,0.1638710093304891,2
1.5952821458720223,-0.28670947923242146,0
-0.11082611690403432,0.9194182280391991,1
-0.03407147336394051,0.24091906038381705,1
2.3096578345588705,-1.0115576940377424,0
3.4832109784193697,-0.34253942187653186,2
2.603364830978742,0.16994441630099533,2
1.343123196570089,-1.2838001342936902,0
-0.5728510713177231,-0.6113893978488534,4
2.5352456029728465,-0.688842420579581,0
1.5147241786180403,-1.3260172856753034,0
2.2956478842174355,-0.8380690347901173,0
-0.5211054159067326,-0.6158616255218123,4
0.5396874721139184,-0.661443424907443,0
1.37185493098455,-1.0158995806821045,0
3.851777679261579,0.09052220751728347,2
-0.25480296407438996,-1.0879584897098733,4
1.2575046728236392,-1.2640363901051326,0
0.6665409743546875,0.993152002858974,1
2.9850890688419573,-0.817990524540107,2
-1.4562123302653773,0.08938911222916752,3
0.7584113450046712,0.03554410954115329,0
-1.2998111244912993,0.07406734542569489,4
-0.6153872709255345,2.4939355669282848,1
2.934417256393125,1.0803454629537792,2
-2.2281259422045396,1.3708834336428117,3
-1.8213699477853476,-1.9282871090595082,4
2.221223028997065,-0.6634146368680347,0
1.779269479174281,1.0551570022462207,2
-2.7606098013179996,0.25051098186898707,3
-0.41471252249808743,1.7464880576486648,1
-1.1957195889649765,-1.1145710336091426,4
-1.6456285690372565,0.29231795875218625,3
4.061544982868426,2.0219427847753013,2
-1.7394694275895548,0.9552530464513211,3
-0.7289324603400499,-1.2012589123306494,4
-1.2580131124490717,-0.8287368488709743,4
-3.5060453643322833,-1.815670090275082,4
-2.452274927395141,0.8965900851498794,3
-2.2531232066637537,0.9663200353536443,3
-0.044284709313155285,-1.0654379849612172,4
1.93708424824775,-0.6908078336662663,0
3.892316937783025,-0.3136061479336626,2
0.6446752887586706,-0.6889152928197277,0
3.6481729585852443,0.18648127564244388,2
1.5707639851509665,-0.3639685166907086,0
1.3779468866190758,-1.2851812629852675,0
-2.5296414276668653,0.6684984071439365,3
3.7288482713611657,0.05921530335374921,2
-2.2690511790171293,0.49425623893705406,3
0.46141699407315984,0.5449110093455499,1
3.6831008931442537,0.6347607807571354,2
-2.2452704733717037,1.454924696823667,3
1.4203090573033252,-1.0850617369910185,0
-2.0650779070003327,0.8606175165790427,3
-1.0105513544823228,1.0775505545714164,1
0.3872890664681359,0.011289746624259397,0
-1.7517609061556347,1.021658464041111,3
-0.9684922513906529,2.3166578893651115,1
3.5831083803805415,0.8554358105637844,2
-2.2490516043886624,-0.5573209334983901,3
-2.56837460214686,-1.2330378389657408,4
1.7706167523003464,1.9639966168386307,2
0.10622323188585042,0.42801370002705486,1
-1.07510788258779,-0.6001902205118036,4
-1.6306315824194786,0.5771004655098876,3
2.9248160968208965,0.6127835561931647,2
-0.5568346528179698,1.097243046657983,1
3.6159309086782874,0.1684945948544675,2
-0.3808185735572118,-1.126973691983605,4
-1.3286943051250188,-1.596604704674516,4
-0.6167041461033604,0.6260066956891805,1
-1.5203446833607106,2.2179885981144367,1
-0.3104778244662788,0.07913979428195468,1
-2.2499274706060346,-1.2649704831529858,4
2.7461618406940014,-0.376985683858462,2
1.7515790607886503,0.17596999247271594,0
2.772132903716261,-0.3225515146740514,2
0.3842216012032855,1.1512327057505305,1
0.05779431532244253,-1.4889292702586336,4
-2.8054629561689057,-1.6075043370610167,4
-0.25209936803523225,-0.8681690533609072,4
-4.450775044741006,0.5363042174131816,3
2.0978497501788005,-0.8254756125056742,0
2.3888854095143763,0.6541409576006774,2
-0.2974986213380978,0.7732889427120446,1
-2.4664014938539833,0.3801152346421978,3
-1.6661367276691637,-1.5760526722924308,4
-0.8880039498091509,-0.3020423389775827,4
2.6302760701672137,0.4343811271722492,2
2.1412319662477883,0.6723346130736049,2
1.442499016079578,-1.070505076289528,0
-1.6732526217133734,-1.0352465202175092,4
-1.7585942355072448,0.16210054274965818,3
-0.4290739734308108,2.020240496584741,1
1.246592917196418,-0.6877384351088675,0
-1.0378360271478009,-1.291691189751715,4
1.600211349776148,-1.2490456560974064,0
1.259859942899278,-1.0650437132417996,0
2.1837886116969347,-0.3362962644131486,0
1.812046238367968,0.6018665166941711,0
2.8013974702354445,0.13468276089840975,2
-1.8259304150471085,-0.20097305160712486,3
-1.6688681215655783,-0.24332918406977905,4
-1.200008684235699,1.0979029978586743,1
-1.6200630035981343,-1.8276109513995527,4
-0.20879716871067003,-0.9643964891327292,4
-0.5073444570776288,1.079467273867296,1
2.9112683049074013,0.15910948564460659,2
1.9058526127406834,-0.127485538063766,0
1.8081070825996592,0.8909324663502101,2
1.687612830699761,0.3514006323757291,0
3.741522080613743,-0.0540500000842091,2
-0.18379426359776144,0.8552586960575476,1
0.9365006024491854,0.9976709649858191,0
3.6274127999804677,0.16712959243098618,2
1.853500530479049,-1.3233681018122092,0
-1.2077563154073387,0.2200758616006453,1
1.809165823256098,0.8881228999744397,2
-2.338394848552259,-1.4041557753890324,4
-2.6532726030306377,0.9667447365147801,3
1.2602570976061533,-0.6230921891569567,0
-1.157262679954752,1.8412581817986193,1
-0.5238960445981582,-0.36130939372189236,4
-1.1062162086085408,-1.3549849655791033,4
4.035538497869745,0.5678203727935702,2
0.4012054007954847,2.5843288974059857,1
3.4580690185220155,1.4968293896936031,2
1.9067111271967307,-0.3250906956791995,0
-1.0782974031731853,0.051671867424275306,4
1.4692224015422517,-1.2993171424649594,0
-0.9656724715384759,1.0432910817960472,1
-0.9171259523268822,-0.8158465447047704,4
2.9035066242564187,-0.8385553491467599,2
-2.851314184223981,-1.257374781400716,4
1.2757838559464727,-0.621635816779491,0
-1.0116167906038211,-0.8827810410386507,4
-3.92187743140524,-1.5472064463317756,3
1.204111599474624,-1.4698853186365206,0
0.3867685931348669,0.08517282282883444,0
-1.0643371120560539,1.544269129451623,1
-0.7578853281488498,-0.7735501348425007,4
0.5814542722094028,-1.1710413424929746,0
-1.4299310727695898,2.3056421067926705,1
-0.0016403656069141487,-0.665177732974635,4
-1.092263709833893,-1.256221742109738,4
-1.78036127846926,-0.2915034421328137,4
2.612278799717306,-0.3178699356339693,2
-0.740339484865279,-1.1843341614735046,4
2.601614807020536,0.5964211211506595,2
1.5851266299415816,-0.35349016893548196,0
1.5678020959575325,-1.3117184347893702,0
2.0260647096933773,0.17126462236709084,0
1.7561567432951937,0.11395250311930284,0
-1.9236496370530196,0.5268716220374081,3
-1.2162392909000657,-1.4858223538155333,4
-1.1022655964868302,0.21727399405664755,1
-0.19547656645177572,1.3331456891038815,1
-2.3834250526987812,0.8625636224545213,3
-1.699696069737366,0.8043275756695558,3
4.077413034023971,1.8052031529010264,2
-2.6625819376166286,0.979573067202862,3
-0.7233387975597542,2.8972304028572187,1
2.7399154523352593,0.18911346118983346,2
1.1835504911618846,1.967486159208232,1
1.8586504831835442,0.12409132312135747,0
1.580573851731584,-1.3159665282608184,0
3.6971506606067086,0.14827200399651908,2
-2.1164577711661154,1.1524132292312184,3
-1.420744436513529,-0.010723855049932812,4
-1.3299756498909958,0.03867115460449359,4
1.7630223602011927,-0.7951233487049866,0
-0.7821690800416141,2.178610033284262,1
-2.930068495544497,-1.281203531035928,4
-1.5561019520672292,1.974837854850294,1
1.9211404326416341,-0.7980691991402784,0
-0.9222371970960157,-0.752748942192587,4
2.7026923540985743,0.14215492723560552,2
-1.6870019242000003,-0.7419451443882643,4
4.083834385758029,1.5659791427617025,2
-3.2222558487918196,1.061288864265375,3
-1.916854723764385,-1.486159763705834,4
-1.2996469987859887,-0.8232978718572473,4
0.3898399468453443,-1.0837387365348568,0
3.268150954126808,0.13593297624329143,2
0.8456683212024753,0.09717273737054162,0
-2.057754705584179,-0.9225415246697982,4
2.7197533369893336,1.2218629294740264,2
1.6079520527269096,-1.0310387211990595,0
-0.0516169534293508,2.0991079726212254,1
1.712123965595237,-0.33878199827527167,0
1.487425936210002,-0.3550870633927495,0
1.9925265635325535,0.12433381327803668,0
-1.071744716963637,-0.06109802588408988,4
-0.708897629011546,2.7924631451725106,1
-1.0563020853682785,-1.9261620517649591,4
0.18840464313453076,-1.0382401895952122,4
-0.40980756286175,-1.618323082776901,4
-1.4531906382990158,0.24317486342875316,3
-0.7861078165009228,-0.05511509232953065,4
0.6248533273683494,1.7264475093832887,1
0.7238622240658885,0.040965893080127866,0
-1.041014210653323,-1.1358350969589708,4
-1.9524132126206941,-0.19813870468437222,3
-0.6952309287461779,-1.2888767090121989,4
1.8185781220669068,0.14130396733075357,0
1.6626439359344747,-0.6998126980331688,0
1.8410302887164538,0.16399888346671515,0
1.6289233638222438,-1.2387234951640917,0
-0.34435014649040774,-0.650197317476117,4
-0.9798050257504209,-1.0932067183873233,4
1.320212806620361,-1.286129504089463,0
3.3479682793384025,0.150102138105345,2
0.793540697900585,-1.1770512033656064,0
-1.0525962215662485,-1.0053634379300138,4
2.5435176531885575,0.6011431745197147,2
-0.6702061589956089,-0.8881164890670563,4
-2.7757666419493137,1.230856479728585,3
-0.950658794298725,2.026243240991698,1
-0.9822289349151514,2.3576695955139995,1
3.5272280500968733,-0.3536023215960037,2
3.8634579587420466,0.1080818637961889,2
-2.0725097740498564,0.7803650797762884,3
-1.033667691037436,0.7015097553838531,1
3.50354734388089,-0.05656618205145214,2
-1.6453458868010595,-1.551126737847939,4
-0.9163695693756706,-1.1031891070822906,4
1.272508514498025,-0.600548909581566,0
-1.0412674580450287,-1.036065783895475,4
-2.352421532972559,1.032973959514843,3
2.379904716891388,-1.3011543791164868,0
-0.7341707785296272,0.4406782832896683,1
-3.345401158089941,-1.7500395419276105,4
-0.025085581399537815,-0.8151266369488729,4
-3.2866511982029065,1.35650274945479,3
-1.011914742086215,-1.3572644486301946,4
-1.0515975828001054,-0.5015246859929126,4
-0.522024176600798,1.1389606994768953,1
2.2529591814252203,0.3527934977673373,2
-1.2063264958702309,1.3151056211651726,1
-0.6759594929947013,2.44221417052882,1
-0.5424124878449235,3.4395141483113707,1
3.435252795627826,0.6655846183460786,2
-0.737353430091578,-0.04297625048626538,4
2.364256579322797,-0.31248448059019174,0
-4.307994190305378,0.35011528117684515,3
2.1627914833256137,-1.2466922107758227,0
2.0764847996131954,0.18716716390151328,0
-2.220707846122172,-2.0331508983719813,4
1.677997217534418,-1.2854233037519205,0
1.6938414783397124,-1.2423844622112756,0
-0.8953282774320273,1.472164952323485,1
2.400750311469564,0.6308477951637228,2
3.00231958923834,-0.38485855441165795,2
-1.3671308004721705,0.28464727054471844,3
1.7177249320330366,0.14231817487376475,0
3.7082807069868173,0.37678500061340714,2
-3.0453089018210986,1.5478718670525269,3
1.0197647811246697,0.21530189403614836,0
0.21854489440216154,-1.4147399113941816,4
-0.8075507655187883,-1.4251812623824789,4
-0.199363263166239,-0.4141001840642536,4
1.4045679728732454,-0.9893410699622547,0
-4.266895078288645,0.6727750743014053,3
-1.2140760699719721,-1.8368954033013547,4
-0.77158046781778,-1.1560440794943299,4
-2.8213830504244872,0.09219112399052855,3
-0.3232419921080506,1.6363556034374713,1
-0.6868037031167583,0.04845898912671025,4
-2.4289642333103565,1.072898845346536,3
-0.8966758624099119,0.946767552070535,1
0.24867783968552323,-0.9250550766137196,0
-4.0739733691155955,0.3532712144570384,3
-1.775866202137363,-1.2761622841454896,4
-1.0481387792621775,0.17406783404588533,1
-0.8019515603442294,1.0581468062966213,1
-0.37077355745986695,1.4153389606382127,1
-0.5689050517789542,-1.3957131664065379,4
-1.847955632041486,-1.2381268895852717,4
-2.79857345668653,0.9823876544100276,3
1.584900521080769,0.40259733986520985,0
-1.1196080920251097,-0.7966141025429422,4
-0.5276820008255075,-0.8100129947232191,4
-1.447529996854321,2.7232332978231515,1
1.623219143572775,0.49599336998426,0
-1.212737197685208,-1.4413451108978879,4
-2.3198275610761385,-0.021996358314542996,3
-1.6566642109756509,-1.8544718105349527,4
2.264482320336496,-0.5088534514852343,0
2.044289831646859,0.14750770315383727,0
1.8213165971889655,0.13628682228766192,0
1.2616818343836527,0.1266143084785537,0
3.4339475606851835,0.3577240253990365,2
-0.2925208170994129,0.7443124798874408,1
-1.4425148777844492,-1.1025094994491746,4
-1.3393856748811592,-1.7349949728775895,4
-0.5067362309267942,0.6987541115778333,1
-1.2296185034107132,-1.211236846959494,4
-2.520116673106645,0.6948349629818642,3
-1.7743379448417693,0.2158214138217282,3
-2.6547427957694247,0.18136316024934634,3
-1.3604577662848762,4.31359669443558,1
1.0467219396554,-1.2082194813282399,0
-1.2419490689326154,0.32017066886801876,1
1.6421054244904065,0.14811718779647043,0
-3.1655228609995243,-1.7740183021577853,4
1.147014510046372,0.4341602363094843,0
0.11525915864896982,0.7472624794540429,1
-1.7501219802433716,0.4405196800608894,3
3.316460802910725,0.2010575570489499,2
-2.3054982273886617,-1.9230493866334906,4
-1.6915608947683691,-1.4636009967178067,4
-1.7989693392903234,-0.0668498378663556,3
-1.2509048640476406,0.2614340365950101,1
-2.003697045786347,-0.025176655786378954,3
3.0842730228943815,-0.27267421152382715,2
3.89856463326675,0.15146821607899702,2
-2.457018859834246,1.2659521976724895,3
1.5906155631709824,-1.2545306114190995,0
-1.933027008029079,0.43800243817209605,3
-3.8868320176046254,1.3289935015642829,3
-1.6931524245335312,-1.797850493923777,4
1.7484088843146743,0.6553691704948245,0
3.600835054414075,0.5829693542074519,2
3.778829087759517,0.17696988016120424,2
-1.3364231911490119,0.3183922580476332,3
1.6304455886440785,-0.8012648984698414,0
0.6645695597629893,-0.47000078844944715,0
0.8414443222483113,-0.7853455483452145,0
0.09118483756176958,-1.277681014655175,4
1.2097815595484167,-1.112950692647418,0
0.5026843971470782,-0.2883799437546174,0
-1.4125870102530496,-0.26601813834722104,4
1.579575723923879,-1.3318695255577435,0
0.3970289660182963,1.010506547831687,1
-0.7086563176248014,1.5610960814418877,1
-2.02266365572925,-1.2875120555524409,4
-1.8117093729706646,-1.7512115410668072,4
-2.182437327115609,1.0327980657773685,3
-1.1496566699693058,1.4479201997630848,1
-0.4660247707575348,0.0832475476825942,1
-2.9845564590005065,0.17602299921951198,3
2.4089140830086357,2.017916346628519,2
-1.139288462400548,1.6792354965068481,1
2.5026550868035073,2.4530494864919845,2
3.395590585152762,-0.3552797998300598,2
-2.2450288354635046,0.7573031836007109,3
-1.5183140106224053,-1.0706211203505565,4
-0.3116385056355512,-1.0909473508613898,4
-1.3994682069307296,-0.8086129794117382,4
2.2295890752284926,1.3207242217164588,2
-2.42733724257336,0.09613851345978298,3
3.680637760394715,0.18757360570227372,2
-2.2040897590012567,0.16542792630804487,3
3.836105003377166,0.11311152210614091,2
-0.693777652827077,0.9534228875229234,1
-0.6364320554674324,-1.4368540563938337,4
1.4851656368346364,-0.7669428528660819,0
0.9331571777676992,0.4504985703433225,0
-1.2112330636274926,-1.6562836995107342,4
0.5525312698142372,2.0121798003008444,1
-1.639528187375374,0.06194112021721558,3
-3.441357516794479,0.9864886572327032,3
2.327522795343075,-0.2800832732833839,0
-0.47696600850049864,-1.5045960187334626,4
-1.1247078383178934,2.30984079827464,1
-1.686888962621082,0.11730959094621908,3
1.3776567744987895,0.6191680196629757,0
0.31787885441520447,-0.8412070669555891,0
-3.733341309921556,0.7485936343631601,3
2.9502847495362636,-0.1719896619393193,2
-0.32817418108007657,-0.790426237246834,4
3.1204649707834635,0.13357773079928137,2
0.3761294003024166,-0.057138353316075384,0
-1.5175031482620884,-0.9616937944106246,4
-2.2279599233599368,1.4885327673166442,3
-2.3555168089937597,0.060434538267049545,3
0.027031993846172178,-0.6653459366515491,4
-1.9962899089655497,-0.1911773954549819,3
-0.9843385763520707,1.3169726479816828,1
-1.170833003740497,0.19933978769067173,1
-2.8788962210063955,-1.5096520073371944,4
-1.218613728118599,-1.3252720430146805,4
2.7697700449195506,-0.555239080954115,2
1.8446316316855325,-0.33982800563366855,0
3.7413385751588355,2.52680998514665,2
1.6191698664491303,0.3655591493020541,0
3.655817240101088,-1.2882814510149725,2
2.5652787029939725,-0.2886315094702019,2
2.625811301903841,-0.6702942205122798,0
1.1985376037916786,-0.3027093282463131,0
-2.518187847898602,0.4434938801192364,3
-2.12321038354993,0.8104423098449464,3
2.5040040358480136,0.6724753363019459,2
-1.679202481017358,1.3708247083338012,1
1.5325146170837773,-0.18693300687743908,0
3.0988129920545706,1.7548409803414955,2
-0.7040550946919156,-1.0111810782219464,4
-1.9358728484032655,0.06933598420504587,3
-0.5216905546405883,0.5108762868669964,1
1.17714058308586,-0.4166625203401327,0
2.0453689646638833,0.203302827238719,0
0.6160484019754144,1.0068258992048709,1
0.17205991101070847,1.864772335204633,1
2.2222789254294186,-1.070356672721131,0
-2.3055219978267107,-0.35532241169285383,3
3.9335411127515796,0.12432026568584621,2
-2.7616711102353406,0.9682310934978522,3
1.042885185416091,-1.4447382083993847,0
0.7327216700553726,1.4881073501871853,1
-3.2379964874242555,1.091706387697771,3
-0.316643576542991,-1.5242759446496916,4
-2.969298261649257,-1.3953336999594843,4
-0.48939978010607965,-0.1655579595790525,4
-2.0142991881543444,0.8884599286182153,3
1.9143848172130904,-0.7978245763908165,0
-0.7643945940121725,0.6192655440635962,1
-2.048289216800663,-1.4364288457440912,4
1.7465639573050342,0.4348053917851209,0
1.8439296421222302,1.1192781163443186,2
3.535262689959817,-1.3466119470916151,2
-0.6697497615501031,-1.5078085792547498,4
-2.6634843935574155,-0.4565469617707652,3
2.07323434837542,-0.6394806966873521,0
1.6703975223171155,0.18325076302018461,0
-1.9342441017692964,-1.2454466730494598,4
0.18003740135540064,-1.5411794289123022,4
2.875031733058794,-0.26500084686507575,2
-2.5687618762549964,0.5172669739731037,3
-1.2923798723889712,0.062921890778303,4
-0.3341671353985094,1.4118870009275342,1
-1.6650419778843262,0.871302751454461,3
-1.8390027658973302,-0.21051020781568464,3
2.2031640016670555,0.11016782298059653,0
-1.1784034552319254,0.32194725537625785,1
3.7321385362622594,1.0822611862618687,2
-0.4321112730659443,-0.8131749082340942,4
0.24226854767598163,-0.6125952542636127,0
-3.4030592706885066,0.7188898322411367,3
-3.2577640473948817,-0.2519104893471796,3
1.6234061600305714,1.1543227088403611,0
-1.573706431928206,0.1956362233329461,3
-1.0576526653927676,-1.6552532600294079,4
-2.513418461836639,0.7531488741496868,3
-1.567613640996901,-0.9781977757198645,4
1.7914079705127033,-1.3439128172159591,0
-3.1217125021876155,0.8155364513691684,3
-2.3728775652963163,0.46569002374052304,3
-0.08216621454043752,-0.12582647353628754,4
1.5566879398678395,-0.8078229401470998,0
-1.8595288671963495,1.040971951129514,3
-0.6998961512501888,-0.5814451265587149,4
-1.084164511947403,1.7551331006022182,1
3.734941610804584,-0.3789280914675255,2
1.9582421847375804,3.5127991911837846,2
-1.426567921500347,-1.3596136584744627,4
-2.3725150168969757,-1.7225235908188579,4
-0.6306057767361084,-1.1775387766046492,4
-1.6502150690298176,0.4200725674632849,3
-2.728516868981835,-1.0956179865122764,4
3.597031910719087,2.464320445599932,2
-1.6640956859277305,-0.845962938161384,4
1.966769668783147,0.13372038415045367,0
1.2221900918196418,-1.1628749422469282,0
-0.9710383086324168,1.4742318909423344,1
-3.428270809285197,0.7215076594535458,3
1.5694525628429543,-1.0687158462019302,0
2.756951456264211,-1.1996670612095703,0
-0.07379625823091326,-0.8474973564184953,4
-3.251770174954788,1.018695455002157,3
2.0735717451564764,1.2907496223810193,2
3.809371730949876,-0.39159867739994836,2
-2.4139732590957843,1.0812605678984826,3
1.9410474768452737,-0.05865934358125634,0
-4.329247524066115,0.2573311195226535,3
1.085470641052607,0.11334652017821163,0
0.9903315226561156,0.45887658388090136,0
-0.9304992751537844,-1.382569297953959,4
-0.5800741711083637,-0.822274353582088,4
-1.150707527100465,1.548898455099619,1
0.06466391361857213,0.24745910639247765,1
2.7266922937926013,0.6145701607003706,2
0.8469864843091387,0.6866255488954627,0
-1.1519939788999563,-1.4109538202821739,4
2.4242525196164393,-0.8045753971929263,0
-1.7920915581312382,2.2826609888795524,1
-0.5912349064349033,1.1481775351240988,1
1.6731114311085777,0.05645590829658419,0
-0.7268042771925819,-1.084424773973142,4
-1.2676718053691625,-1.0275756438185843,4
-2.3454737446410663,1.0604625806086911,3
2.700086132760796,-0.539209924888206,2
3.483528096698864,1.8258787541649384,2
-0.2324795650589929,-1.0932794863831474,4
-0.9398840039546015,-0.9623384329716815,4
1.8318664224991257,-0.31013793718103555,0
-2.052465494613167,0.0859211043738,3
1.0036134681647497,-0.09451793832095809,0
-2.532841493769216,-0.5310110545348855,3
-1.0700167081293,-1.0542500966753172,4
-3.09754237360161,0.5280408442633329,3
-1.6194204196327702,1.153696341567418,1
-0.45663629041570686,0.01419235392276956,1
-0.20958815164062336,-1.5472197128530667,4
3.6564344688015886,0.9100912725773631,2
0.9619941256637932,0.14338082364399912,0
3.6307162883662283,0.1429880496680867,2
-1.7954733580583278,-0.1451019021547393,3
-1.3533770242871705,-1.663384069124041,4
1.9536426053422518,0.09325312222159617,0
2.600972778833849,0.5775013816444734,2
-3.321073617116573,-1.6984184262061308,4
0.7149475771387782,1.9976339543448076,1
1.5023119221590455,-1.311412772089608,0
-0.9645330603942317,-1.0858662946019222,4
-1.782005665399167,1.1396776499318897,3
2.418232107044951,-1.3117056070732973,0
-1.3545984821323764,2.1973676380591165,1
1.7477741343509712,-0.3166684976391506,0
1.3354480576664614,-0.10785331455964589,0
-1.035555702858941,-1.7155632232299072,4
-3.6282979777965854,1.4682057836847247,3
-0.9447928426316436,-0.9078072070177333,4
-3.0790842671419982,1.0298738955435642,3
-1.8930684711922727,1.5749005381074819,3
2.4100392874963563,-1.308957684084232,0
-0.5552156780784437,-1.5511961370876086,4
1.6284417240149474,0.4952967272344553,0
-0.9935876002772552,2.693290926851921,1
1.061018191490239,0.18371417879339058,0
1.8443622760522913,-0.8327755419531694,0
0.6317341444426207,0.0991194819770674,0
2.4521455763721214,0.20047337917742497,2
3.178236463653586,0.8171252721460528,2
1.8693892377232848,-0.1047829454497669,0
-0.43905264839829306,-1.5263103343840922,4
-0.3886649830239919,0.3294472984074491,1
-1.6743054370923705,-0.09419130829297215,3
-0.11520269959344856,-1.3313297284280359,4
-2.3729921875001585,0.5774423351295949,3
1.6530388801498528,-0.8562000252913786,0
2.0549571153236332,0.6467453897395306,2
0.89239921197391,-0.8480916095548937,0
-2.2895601503747898,1.9198756257822227,3
4.214441612961772,1.0962011833062817,2
2.51054949263357,2.071398293002175,2
-1.164913713942391,-0.3344448929258999,4
-1.2688007875344645,-1.4524995209111575,4
3.6305194947023725,0.647352649796105,2
1.853171566548025,0.158948965730434,0
-0.7204269957199261,1.1249678559780754,1
-1.8600097213979065,-0.6709377297311957,4
-1.5150723999899751,-1.7045655884717295,4
-1.2784883509345557,-1.651889685307566,4
-0.6031242745712991,-1.4579911688160165,4
-0.8468582255201823,0.9140351454953917,1
-0.6373049978300096,-0.7413972499427044,4
1.26154432731197,0.7026729889938377,0
-3.0968449363546826,0.8931406540066329,3
1.9220963053224183,-0.030663255021613656,0
-1.401438180956471,0.2680756488322137,3
1.211836184482522,-0.264868141925835,0
-1.3646161333364049,-1.423125954469225,4
0.9903100852425337,0.1673385662248124,0
-1.229193874105726,1.8528830941872594,1
-1.263504756789671,2.13013762023826,1
3.1660669785516693,-0.7643039958940411,2
-1.797449704003814,0.6701793592295293,3
1.767490930234596,1.1525121654712194,2
-1.8770309938717795,0.5866172896129542,3
1.6351043172045585,-1.3230445056020577,0
0.19382462250495022,0.1418753936800305,1
2.350891555625613,-1.2941003011318297,0
-0.030857262897721116,-0.6574461409576305,4
3.7426255593997735,0.5853567057891008,2
1.8016393227812366,-0.3494299234487606,0
-3.8708206774134246,-0.445724369204196,3
1.9588093886913243,0.6500794650901117,2
0.9648568053147903,1.2986535432816428,1
-0.7407868785040832,1.0806656673798436,1
1.3220331836796888,-0.03279137694013182,0
-1.9450147743838173,-1.3836795484445041,4
3.5668961537330786,0.6706687314681535,2
0.08006513613010649,1.2569841807635487,1
-0.41488426677253565,0.6877861002298744,1
3.2252129371107343,0.8719815466433336,2
-3.7533612286743705,1.0160749104392393,3
-0.5702872789420389,0.6827304488229486,1
-2.4672981451135296,0.9335450702793522,3
2.6722185395716473,1.0842005993657624,2
-1.2932549287761117,1.0853046404735558,1
-1.6640066752046676,0.8377525382959089,3
1.9231575930170373,3.2097735499943285,2
-0.9808362020839159,1.3500491682880529,1
1.029574596494979,0.21507260849566878,0
1.3434872239900715,-0.40603047786082463,0
-2.0825015639189433,1.7104514410741471,3
3.585570996098709,-0.33462932183288574,2
1.7395646070510695,-0.7878212615625885,0
1.5493376832949435,-0.12381029937305232,0
2.08172480856398,-0.30302285244265126,0
2.0446564990368574,0.1513272758742279,0
-1.8539521781999106,-0.2126698484208671,3
-2.156177970438196,1.6563948812509164,3
-0.049949128765779754,-0.8573432630200032,4
-2.576251188111624,1.3347743984194638,3
-2.3703742003847386,0.7471603735619778,3
1.5764140685898071,-0.04574990328741854,0
0.03958385289041764,-1.5879508579318085,4
-0.384056876931794,1.2230086887545064,1
0.3689589837704961,-0.6334565755378787,0
0.1620415009836822,-0.8333247447272466,4
-1.482809220301867,-0.44754306071312366,4
-1.1198059555576805,-0.05395976374243383,4
1.4634159207930906,-0.10898105268386366,0
-1.6035589710314941,-1.617238438792633,4
-1.3510403847509387,-1.6933167689392645,4
0.6877230919536484,-0.9450166505432797,0
-0.41881340363694053,-1.0325638894317175,4
-1.5647893174985619,-1.4757743610971876,4
1.7602081616973417,0.5914740480864298,0
0.5412329494308025,0.1725688656009895,0
-0.31347141970588066,-0.9851549374410017,4
-0.7052052890997297,2.0026742320793565,1
-1.5342104596879778,1.0568702594843777,1
-0.18926782805259948,-0.9236072689291794,4
-0.5062153578547283,-1.4521922824468476,4
3.555289610641233,0.40305623049126305,2
1.025658050788822,0.15809832391931183,0
2.682795939932288,-1.3511675945069803,0
1.813443808213167,-1.2230643972340016,0
1.3730469664696918,-1.2580640488522419,0
1.6519725466630693,-0.36276130451296207,0
-3.902940002089081,0.7160698051324859,3
-2.166711732913165,0.8720058418461173,3
-1.1326917310186275,0.5710292770307798,1
1.7651874945146167,-1.2659584655122107,0
-0.8296223282454187,-1.1130498611665742,4
1.2843034370612483,-0.6280699380592547,0
2.413564244980352,-0.7957119853070304,0
-0.16376305141494543,-1.3825599104676123,4
-1.8650268030071966,-0.06925491444460882,3
2.041401490239683,0.14545452876326237,0
-2.525381460612034,-1.28924600881626,4
3.4630569010435908,-1.3424619975432486,2
3.754552597462273,-0.3854910175726969,2
-1.04209063088432,-0.5674470409999809,4
3.0079977811815914,0.6815844025005252,2
-2.5308317410431243,1.5571049876010647,3
0.8890017088476343,-1.2810745286565484,0
-1.009550999271776,0.6930707878533018,1
2.0480047533771866,-1.2326314583169407,0
-2.403617749713193,-0.4647246452147337,3
2.040557656421065,0.8412640147389093,2
1.3409238021474894,1.3798307887529733,0
-1.3614064801275025,0.3794129992894029,3
3.0982996420469067,-0.32878391408245305,2
-2.7828515528510054,1.2749556313874624,3
1.1354076985285249,-1.277252616026361,0
3.7854748118990122,0.5850849081427488,2
-2.196131823770863,0.05661904237817468,3
-2.104023935550922,-1.2520268178947156,4
4.023873070108258,0.15095491640049513,2
1.1236367994128742,0.20534626228240016,0
0.7341043468091434,0.13955406628079764,0
-0.6294318375509066,-0.6203556162324584,4
-2.8524675757545266,-0.31321540004639253,3
0.4026921045696573,-1.3062790980125172,0
2.570673848584573,0.6260572878179285,2
2.364861971919885,0.3792792414116116,2
-1.972267142610577,-1.0851658428767674,4
1.7209954675896537,0.16336445767229724,0
-3.4125212371886504,0.9021649149104569,3
1.4062732596536327,-1.3236552351468158,0
3.831473876160076,0.14864633331996502,2
2.7565394740377984,0.8108049288890713,2
-0.7969050878715821,0.9271468238378697,1
3.526343862620926,-0.09983963254950537,2
2.245837901958421,-0.26935710413316777,0
-1.6255642073910614,-1.0805147759965021,4
-0.9939380693945314,-1.3245939726744311,4
1.4479629204974742,-1.0791444482080281,0
-0.3005293986524611,-1.3144453185472575,4
-2.2729847766778346,-1.2022588113179058,4
0.5787105980682434,-0.26821175954852017,0
2.0579384218089354,0.35487218990955927,0
-1.3451770450552454,-1.3037192809369103,4
-1.3724902341849805,0.8014510331705371,1
2.147522622864614,2.2710326125134417,2
-0.9358039295194438,-1.3549696061886611,4
1.1443085037101972,-1.3210353897895,0
1.8107933327724017,2.477190933947822,2
-1.899671657701821,0.1308126197728997,3
-2.9623514743125527,-0.1891930628243659,3
-1.2473537207989336,0.7468564238984483,1
-2.167419829728592,-1.11496486311462,4
-1.2096985562528888,0.021325032153047,4
2.3459216450300704,-1.3401552467998525,0
1.6630495684927145,-1.3251022428089705,0
-1.3228352559325474,1.4552033988593123,1
-2.754398365408271,0.9717728968463137,3
1.4870438589807435,-0.8275197498857925,0
1.5440047754659472,-0.3049505061754533,0
-1.878873634464132,1.9102440103334106,1
3.1552862568722397,-0.09509407029062011,2
-0.5692615415054694,-1.475222848044267,4
-2.6604328519453038,-1.130679742706907,4
2.9320659020399464,0.07834871755569124,2
1.3607766098087337,-0.5723333168265138,0
-1.0720470110653786,0.06116271775425404,4
0.8384851421010019,0.20243365480036057,0
1.7211271376731718,1.0754744281897455,2
-0.33417162847638127,-0.21704381666714412,4
2.356079795060479,0.11661220743707053,2
-1.081321312957845,1.0536687766304387,1
3.226865775947954,0.3782966864909186,2
3.1702684342195666,1.989544479142506,2
-2.407651248730398,1.1852738654502777,3
-3.0103899425283465,-0.23249633883222162,3
-0.47439042591756975,1.3223556552072964,1
-0.8606939707312355,1.036529914688381,1
1.2872091292539278,-1.232074433007167,0
-1.5256489050929074,-0.6401375486053605,4
-0.029515440204499643,-1.0414203380620204,4
-1.2006877585661868,0.13446441526103492,4
-2.256585027708126,0.5800883505742845,3
-0.6994323777055014,-0.1421847597117866,4
1.3630684558460302,0.4306410430948857,0
-1.029064375995421,-1.4701772971339562,4
-1.7095605977903017,-1.3437936699533384,4
-0.275139636095699,-1.4065400227733502,4
3.7273803730275925,-1.0324484441166488,2
0.33572770028633847,-1.5505797773816838,4
-2.8261779976345305,1.0292038175010314,3
2.141849463407204,0.5800177721732084,2
1.3334555457016697,1.1369302714577418,0
2.4208569497132544,0.38534443420166453,2
-0.4251571838289796,-0.6052423027401577,4
2.460879384143977,0.6441512060789314,2
1.0089789131846523,-1.0831964045712719,0
2.1897241589913334,-0.6303019129721028,0
-0.44373560353008157,-0.14177013465554275,4
-0.15906657863090398,0.05985102440688382,1
0.21060838598964493,-1.4666089572315377,4
-2.4300796790829953,-1.3794238461285409,4
3.050557948201356,-0.11166910754428433,2
-2.9017938421379306,0.3963237544734498,3
-3.5751187141165532,0.528447813779619,3
1.7616222516360815,-0.10580710513137112,0
-0.9916046821008655,0.4690595274327666,1
-0.98087336713092,0.3601569868106895,1
1.2208143498796047,-1.266793700095593,0
-1.2001172101869406,1.3650956321057899,1
1.523844190155184,-0.38542040723427173,0
-1.1756747122563427,-1.4090667911234296,4
-0.8720065073059948,1.7339682585753624,1
0.30952496707723864,-1.5373387605471955,4
-0.9347260003308853,-1.4473713376925443,4
2.5561109487292555,-1.2572190812226198,0
-0.5334060969553105,-1.4945486859223407,4
-1.1534514924524921,-1.139987790276465,4
-1.2886804371490082,1.3215561500243937,1
-1.3567656505472712,-0.23367294536392974,4
-4.089771279175473,0.35828549288537254,3
-1.1660334828325436,1.9546192866257326,1
-1.803714597149608,0.12443126030075478,3
1.656123607070503,0.1000661267825196,0
-1.6213145124358774,0.07363650349186003,3
1.8716150041157193,0.3989918651510048,0
2.4020939646378503,0.33120981501565644,2
2.351925298337849,0.20614746194389882,2
3.1201481260405552,0.11153426928517741,2
-0.5418513074319182,-0.6645618293609638,4
-2.480440918005969,0.4272120320552675,3
3.606676466342946,-1.2766342397465469,2
-1.776266687704146,-0.9909053506932485,4
-2.3736365039273335,-1.3704229907263894,4
0.11004208334927988,0.10286693977810858,1
3.793273595114106,-0.304463302957585,2
-0.6214645978361119,-0.6038413461257122,4
3.023783619544193,0.6293806614571733,2
-1.9184552079190669,0.19729813627965054,3
-0.6251796995585276,-1.6118708839598765,4
-1.089080292604956,1.0022202648081722,1
1.9760963869781822,-0.6877850015216386,0
1.3912541542964705,0.9151750756007833,0
2.461740568495192,0.13365091535107726,2
-0.9715058233378546,1.0074268300161224,1
-1.3071010616988565,-0.29217467223039006,4
0.7253569044097888,0.2127818015391566,0
-1.8883440838871393,-1.1656442182851063,4
0.782057815525631,1.3939602866724496,1
-0.7059249054065618,4.409371603744467,1
-2.1995730286208564,-1.888907604187455,4
0.15623126959612044,-0.05460180692644808,0
2.5548663000384555,-0.3343261096699578,2
0.36912792304476905,0.9282896769076747,1
1.213496162469783,-0.3500642307184102,0
-2.680596869366711,3.204229277128806,3
-1.8628658877112318,0.592197659057771,3
2.6341490770009583,-1.2762849192803332,0
-1.4612991794662764,0.821726400005052,1
2.2438544257213113,-0.7618776063965347,0
-0.6904608244016289,-1.1475153596682206,4
-1.6460571556705104,1.1478469769666653,3
3.531830937004834,-1.2575122571187092,2
3.449493841203891,-0.8252671822112686,2
-1.499539240522449,0.5377160191590414,3
-1.4407460166317745,-1.69784004012683,4
-1.5307980959702188,1.1249575169414132,1
-1.8304687751422832,-0.632337348235206,4
-1.576807790152469,-0.8423542558248376,4
-0.782367147464901,0.3704649741873523,1
2.174031783083653,-0.04046565828320173,0
-2.4892159870109074,0.16102981100004626,3
-1.0651696874154961,-1.7109228361908015,4
-3.0762949663855497,0.9244803159910704,3
-2.9208788137739803,0.9054724986241776,3
-0.7775981690616423,-1.458307059723055,4
-2.5156572353373545,-1.7711854935279276,4
1.6847060474147213,-1.0387397635391509,0
3.869967135906294,0.3270770130979767,2
-2.1281708036821665,-1.5483292645170672,4
4.004045645072645,0.8759724820358091,2
-2.5626990456004908,-0.37810976366920085,3
0.9046546057583911,0.196503876500644,0
-0.6736218106315969,1.5656903748913646,1
-1.3209102712613447,0.7428607151036148,1
-2.917146742437399,1.4677534969272097,3
2.218170332553934,-1.248208822338889,0
1.2881510859759475,-0.706749520818904,0
-1.0268424100021412,0.022029666489841518,4
-0.8085120229784312,-1.53232376621508,4
-1.0375104251147533,1.7298347556599578,1
2.666163906623806,-1.1949531409420435,0
-1.090206946713414,-0.91836789140678,4
1.7513837119345448,0.1797695400988149,0
1.8073777880567548,-0.8199071267645461,0
1.718489690814846,-1.310992091519765,0
-1.4281701473292026,2.26010254048176,1
-0.8488954278599091,1.355115374631497,1
-1.3919760294760057,-1.457577297382456,4
-0.5703013753013846,-1.062103389988214,4
-1.623055145686106,-0.9214888521775078,4
-0.6723869209979977,-0.03699364650838732,4
-1.158281060870774,0.794901105658741,1
1.7146840239688685,0.5999032932638527,0
-1.3969140988616855,0.4166730004289739,3
-0.5502371004609514,0.2112228738750085,1
1.7237480928264448,-0.7964917507338342,0
1.3334581615367693,0.193595258137658,0
1.0608878179280101,-0.35466713362358027,0
-1.926288764937363,0.11847376561408592,3
-3.4772810634366937,1.0466753767467882,3
0.8648003197614548,0.19901008257916009,0
1.8421708213569765,0.6330673329441271,0
1.8481694177788586,-0.4008007780835978,0
1.5550848580060588,0.35961657848709744,0
-0.7841334190093092,1.106378313072978,1
-0.715514664317224,1.2973275791606877,1
-1.2622741377438023,0.3337858059302011,1
-1.550793390603736,-1.9592785605550098,4
-1.3790718342438355,0.9855823763700444,1
-3.1537895851936066,0.401994778826378,3
-0.32351814627929276,-1.7088036258226176,4
3.668251662153152,0.5795021642645165,2
3.9822192507695062,0.6301897578910824,2
-2.955250987931436,1.0961227880128204,3
-0.8723162342512502,0.9377393209162572,1
-3.1908075596919043,0.4190987899178672,3
2.9546641057766876,0.8864753308732454,2
1.5176641807747553,-1.0871075464784097,0
1.2716700703685742,1.143686551340868,0
-2.592471194873766,0.37561769426311775,3
-1.3368786563079058,-1.321059508757011,4
2.3420558190156626,-0.309665224106025,0
0.9309966868403899,-1.0378250515380758,0
-2.806644996037431,0.6722607416091894,3
3.311004051227428,0.6748903864444714,2
-0.48161109046269535,-1.1111059648661425,4
-0.7551816293147756,-0.7808391122016101,4
-0.6869523593152941,-1.2444055528746265,4
1.5064462547681146,-1.1611115768623455,0
-1.3893819326335126,0.511084612422735,1
-0.025376115241225405,-0.8197837984930538,4
2.8302281743016837,-0.36067848614820147,2
-1.7843472675501353,0.22780089589189612,3
0.5875904378130354,-1.5124942690207757,0
1.5958700992153596,1.0099574062058256,0
-2.1686012678472606,0.5545124224861332,3
3.4853575136542045,1.1031492334591064,2
-1.5677503568264788,1.0220129497781012,1
1.6428599784050788,-1.2765870587528325,0
2.4459740191950186,0.14959105161829878,2
-0.037439121255512464,0.29092408311388457,1
-2.0555386433790566,-1.789627631873173,4
-0.18767824510025352,-0.16531391920927196,4
-2.177704633013039,0.8482342762273,3
-1.0646906420298725,-1.4212919829079396,4
-1.4042047726247657,-1.2961319395296294,4
-1.1773667097791545,-1.6579589905433116,4
1.5448377184384392,0.3547777142746291,0
4.047669972563207,1.1032193676204411,2
-0.04847426767390273,0.042336868738614156,1
-1.535109705119351,0.7177012023214855,3
1.8838792840066907,0.40260802515374794,0
-1.132952422198552,-1.159997182986345,4
-1.6614987751661037,0.7749662526955837,3
-3.742886455023082,0.8487746623453324,3
-0.05106962872993179,-1.6315930960265754,4
-0.850337520391715,-0.1400427360574919,4
0.49030821053757045,-0.15568854901392673,0
1.6467719161563437,-0.17369749331540008,0
-1.2858397230704373,-1.6524465458250555,4
-0.9842277171709373,0.23781841103093815,1
2.604781992055492,0.08757407425743664,2
-1.8826549294899992,-1.0607663857478171,4
2.3752091593908395,-0.7022983207913397,0
1.1503724392125716,-0.1586171411935392,0
0.7798719311186029,0.15211632917896145,0
-1.2433919959554018,-1.2684142675362287,4
-1.4177734043863046,-0.19141577239914542,4
1.1592255887133467,-1.0085643878593462,0
0.03708175892557387,-0.9877012698664072,4
1.344459288223041,-0.8303299647666418,0
-0.99882946975137,-0.6789483354786997,4
1.7635763730726006,0.16254740646942528,0
-1.4667454907327961,0.10191984864537958,3
-0.32236376897139396,-1.267418848698624,4
-2.2798045491171557,-0.5811064668314191,3
-4.3294291846292685,2.47340868062639,3
1.5072111536135882,-0.06750592548439124,0
-2.0459784707202706,0.864902761092039,3
-1.097171156550658,-1.2425088157346729,4
-0.5885352655043022,0.9052514623208525,1
-1.5706556464675632,-1.070091333051607,4
2.717487222679367,0.12392729149198568,2
-1.3481398123807997,-0.06475090690861149,4
-3.153244385442626,1.0375196254240857,3
-0.3298344134988863,-1.4664244821237813,4
1.8866005664648102,0.3721457661016914,0
1.6638253380949404,0.18531987676975592,0
3.3500082408931773,0.1837386701029794,2
-1.6510239628044345,-0.3336132625966359,4
2.3930077778172425,-0.7595617779012714,0
1.2118944196747925,-1.2868501153536196,0
-2.9622228413020015,1.1317286065520438,3
-0.5480062949760695,-2.040058455834379,4
1.607162956653319,0.1886945713612857,0
-3.140811950793732,-0.013003821123201476,3
-0.9095290227782433,-1.486083481851075,4
0.9570195712670243,-0.9830124210317425,0
-1.8013023551695915,-1.2880823701142394,4
-1.2855878322241523,-0.8285830672299535,4
-2.3640533139543645,0.23315377316352737,3
-2.404826201866974,1.7244318771344505,3
-1.5524893454950486,-0.04241083618371999,4
-0.846940134367962,-1.2443273264480037,4
-0.2825606185325036,-1.5643927080006639,4
1.393378997422798,-0.45375470925784933,0
-3.173307693313515,-0.2326910120617032,3
-0.9000698290742998,-1.5763626169184426,4
-1.8430355622941397,-0.7026147079023825,4
2.5626139132936263,-1.00398344284441,0
-2.7225885232771736,0.6025725577495856,3
-2.1896932283108455,-1.0403549459757007,4
-2.341021884564536,-0.9492527103677566,4
-1.5081254161236264,-1.5228585909415484,4
-1.5604171713051134,-1.3101633142740647,4
1.9876229097121896,-0.3123900884400205,0
-1.8402890761732345,-0.46246032176592916,4
-1.134249114918331,-0.10279702748099015,4
3.4306068250221378,0.41400442597851606,2
-0.8964767397558727,0.022476298618904253,4
-2.09522104470194,-1.4529011214742202,4
1.948897023008901,1.5121347103014262,2
-0.928505384546845,1.1098098222724722,1
3.2999289624861183,0.39490038453218823,2
-1.1061603599431122,-0.015019106087671485,4
0.9871173521477209,1.1079627445154896,1
-2.3606986344094216,0.8135041288027177,3
-0.7076095098724584,2.4170766674692254,1
2.9695380280484502,1.771143386947036,2
-2.3224495819581183,-1.0002608173175938,4
-2.4282395427033694,0.9534001463957582,3
-2.1728723818118794,-0.6018496559034177,4
2.476200484186543,-1.0469337253443214,0
-1.5686043410974313,1.4255681712601556,1
1.1030112708883042,0.3841437629125338,0
-1.7489042165554451,-1.3097749862381967,4
-2.117930102156719,0.8093251925502207,3
-2.307100464206514,-1.0640085952869733,4
1.8896950101787702,1.5814696227709502,2
-1.6519287992601894,-1.0777844126734781,4
-1.5166450951758559,0.8266637502645778,3
-0.1857092970676064,0.9660169596834951,1
2.0117463007872223,0.13358886724173347,0
3.494538774225715,0.6531992092807625,2
-0.5329933763513455,1.5799976462387346,1
1.203239477217014,4.631058181952991,1
-2.3057436375131237,1.905124336077907,3
1.6539394674135508,-0.34657265568804224,0
3.7355884170859213,0.1548550199124003,2
-0.8466128891488786,0.5896471222403808,1
-0.501514550740029,0.8209497155990255,1
2.244338514201143,-0.6171257694498118,0
1.3201504606178829,-1.0798355979198795,0
-1.2134237670905115,-1.4572211796197603,4
0.4562725325292518,1.0222665414794616,1
-4.139546744210776,0.3440223607993516,3
-1.8560601713344977,1.2301637919679478,3
2.670591149063775,0.40032726405508323,2
-1.9900669157883055,0.39583946354969946,3
2.2642427771369666,-1.0157779182781834,0
-1.1868491403535424,2.007871242895624,1
-0.4577093280457577,0.406834534058264,1
3.36908191590884,0.14607713702367864,2
2.8382156047698346,0.3219847427207347,2
-0.9775993201082362,-1.0998443598925969,4
-1.109167264593619,0.020564148036858285,4
3.3052331133865898,-0.29553996295353435,2
2.015969163038877,-0.059907694018786775,0
-0.7207480073555332,1.087406202740817,1
2.592467626589819,0.6619834252402372,2
-1.0003009117847348,-1.6673829119923917,4
1.801336645648602,0.1781542097575946,0
-3.3211793835179653,0.7318080715618355,3
-0.7530897802037287,0.01828609191519477,4
-1.1814102875254242,0.6029952945002934,1
3.008607645065515,-0.33673897128959257,2
-1.3695385094144752,-1.0555753782826867,4
-0.4485595945290548,-1.5291134861917743,4
2.6288625463890254,-0.5884949850308205,0
-1.690530617680883,-1.6355358411029055,4
0.2837015712095916,0.05483906542234514,0
1.2268804038634598,-1.2730662348333575,0
-0.8145121698842839,-1.461100910293261,4
0.23635709929276805,-1.3676006699530183,4
-2.532746772374942,0.9332496977834053,3
2.0203391854560264,0.10667533198449992,0
1.5687438581785795,-0.876604229713403,0
-2.3954950681775964,0.5555052215342254,3
-1.6857122382544123,-0.09788522737705894,3
-2.336620562523431,0.7599048420799338,3
-1.7743477937538694,-1.3096941350585463,4
0.21618405321893358,-0.8664175167960869,0
1.1682067725742298,-1.2411798139301478,0
-2.587280538198948,0.3653458764164685,3
-4.297129160881688,0.6359514775693534,3
-4.04432992510128,1.0162743847217985,3
-0.842643457594287,-1.695258132740476,4
1.7666100879123536,-0.794065496343073,0
2.414813801422152,-0.7823845177147585,0
-0.642044124549644,-1.5651960128669242,4
1.758560312426634,-1.2924673520087309,0
-1.2631580660573396,-1.660198753203556,4
-1.3827490460865146,0.7743027470540969,1
-1.4487549958613213,-0.5960487883148973,4
1.2850331342318617,-1.0544995824157177,0
-1.7777592316965953,-1.532007245932063,4
-1.3517931186892898,1.891007542951559,1
1.6673964166718152,0.188609356465972,0
-0.6947052584982009,0.8464857587514675,1
2.9714872724883707,0.22347305284079183,2
2.0883600544765066,0.8335065215064404,2
-2.3399107695574286,0.9757324433775336,3
-0.5553347025575207,0.18190226907598733,1
-0.8255586501109119,-0.7659289357089721,4
2.157684039695605,0.8352164725714591,2
1.750020484223786,0.20839568931686897,0
-0.8462921777663786,-1.1130723745856357,4
-2.0055698967750266,-0.09686806885352955,3
3.106613665697026,0.09323898512434793,2
-3.4316902184638542,0.9745685375753119,3
-1.1998121089470621,-1.4381474289655318,4
1.3703287577065766,1.0677150601925216,0
-2.103084165696103,1.8567456533372482,3
2.2082305331776673,-0.06742979672278956,0
-1.6135207568960652,0.2760144102522045,3
0.5220879515660919,-0.8830418017006012,0
-1.9313057985157822,-0.11434965784338653,3
-1.4927986121066184,-1.56029715805039,4
-1.2389299995144567,-1.5808656815000313,4
-0.8755201896553726,2.270230401683057,1
-0.15442242954057436,0.025145227785427562,1
0.9110338147182192,0.47612508371136486,0
-1.4623895688601367,-1.3771865663966245,4
0.6568564249269008,0.9833738612381464,1
0.9250896548044193,-0.8335133438233564,0
-0.6812588580887459,1.3271725506363234,1
0.2524543981246701,-0.11632020551185798,0
-0.4986529351486212,0.9271687111388813,1
1.9420794417091256,-1.0312265064806374,0
-1.0203359544482002,-1.5075723722885084,4
-2.995822887622705,-0.7108907069822503,3
-1.4241353222977506,1.295862932805532,1
-1.6798958574935343,0.24222775942601255,3
2.6602612989887624,0.08832361933425466,2
-2.975947258733654,-0.05908359935072479,3
2.0943278178219273,0.3598243654443664,2
2.2003763800807046,-0.8037253406246181,0
-2.5790574243636866,0.19301450657111774,3
-1.056299767473739,-1.2121894615856545,4
-1.4561770580431208,-0.1714569215097108,4
3.7403172363708452,0.1422693638056871,2
-1.5571014229084048,-0.7426671009286993,4
-0.8902539734251491,1.9339253549541748,1
1.1737360273077968,-0.6325283613787025,0
-2.102616261742241,-0.12282092988529564,3
2.7877997337960805,0.6248456318814862,2
-3.2471376270187142,-1.5178263847347544,4
1.757629087697156,0.6733992461029799,0
-1.2999409137579383,-1.543725804130456,4
2.572098524716461,0.4029169364135279,2
-3.7613739787565943,-1.8370529231113568,4
-0.9918642350194684,1.9053456259139385,1
0.9990196779158337,0.18374509293921393,0
-1.0270159920098765,-1.478141877071042,4
1.8250528599588134,0.3749652107060516,0
-1.8181302041137253,-1.506992734988911,4
-1.84709694592253,0.5956018513352498,3
-1.4856605347831875,0.1716796065559587,3
3.2252427857834034,-0.7553358451337924,2
-1.6956035100083462,0.42274539234170394,3
-1.7749500334806951,-1.1502212434055556,4
0.8532882787285683,0.38948792645310903,0
0.3991016279485601,-1.3374601863531816,0
2.541982588942487,0.6544978962485932,2
-2.471741771419656,-0.8150549476886431,4
-0.6695319733774767,0.20121770096009983,1
-1.4146512651020404,0.11106214713544997,4
0.869898941182105,-1.0671280452369958,0
-2.7518682331183393,1.3066582285117565,3
-0.09094814070887389,0.17273788616780306,1
0.14088085153450086,-0.058242721221513936,0
3.3176433788858266,4.378569427558044,2
2.345093432196153,0.3743356305877798,2
-2.7012499765408275,-0.8953722440420414,3
1.7801771187266067,-0.3097699883681169,0
-1.6229940872415003,-0.192902140564955,4
-2.296037502794667,0.8692393587289688,3
2.015366318150006,-0.36221881782793874,0
-1.5304150755500825,0.10882486921223837,3
-1.9046349393577808,0.9843683742526739,3
0.9995907022932682,-1.2993471190108465,0
1.5376263651818989,-1.0326249549735056,0
-1.7906003049447585,-0.03023824307307979,3
-0.32723170489344144,2.364614455915902,1
-1.2814126215730504,2.2348437935850702,1
-2.914431423864186,-1.4676149019678963,4
3.4668946371639167,-0.30406488060216996,2
1.3597852389517553,-1.034695234733304,0
3.5141522087927703,0.6484074107034379,2
0.7197038378975441,0.21111497778789218,0
1.9054602488015737,0.6615597603649864,0
2.925082508015143,-0.1041742319818659,2
1.757073393726176,0.12046625878818869,0
1.9727399056245254,1.826694031774361,2
0.34701689253866763,-0.07891608478784631,0
-0.7105963461597113,-0.7914201421188056,4
3.5306047604175723,-0.10883371460716346,2
-0.8586911430412012,-0.9689374125368017,4
-1.151222410361071,2.059819830599574,1
2.1189485001246364,-0.7790908577378398,0
-2.666623820047499,1.1712963051567362,3
0.014211211842345028,1.4708471531648213,1
3.4373669619419607,-1.072343533966475,2
3.2576743935685815,0.18460940941083542,2
-0.3432718310195606,0.658238914883545,1
-0.18771349959540815,0.4193051716482312,1
-1.0361852159156941,-1.6211525091627963,4
2.322928873834098,-1.0906275592980657,0
3.8415618689233066,0.1320051700522557,2
-1.492133059601742,-0.06325572368791349,4
3.3276732888811633,-0.0402110457917603,2
-0.14291923784356106,-1.2229891011059193,4
-2.4742013562870633,0.05062243139476351,3
2.4466143000430347,0.6412434335989563,2
-1.6252054027253218,1.1154917341300348,3
0.19058528224896448,1.7515502732835782,1
3.194186695705014,0.6582916686882402,2
-2.82377272131958,1.2536436662087915,3
1.4536775403802995,-0.815505734983428,0
1.195500751739932,0.6613947246404572,0
-0.6761347837026027,0.4471807280561426,1
2.6666797437122347,-0.3055591949487391,2
3.712192159792677,-0.0747188423161155,2
-0.45397667312843537,1.907650564696881,1
2.80409728201862,-0.3636327859502189,2
1.9995974018781288,0.6237598601010043,2
-0.6310816842047,1.5249396816031981,1
1.6262700660225602,0.14121154809751119,0
1.3873356311222278,0.6016446083357601,0
1.4883048611949927,-1.0186057655717915,0
-0.7374697614095597,-1.4178384607471375,4
1.3608064266406754,-1.259902803271578,0
1.1994557982479548,-0.19878407439787735,0
3.6775273973072844,0.34260170798177914,2
-0.6807436131984007,-1.2416130446482205,4
-1.987530194802303,-0.5496323496092822,4
-1.3309238786513562,2.7195344014620977,1
-2.1207540277880357,0.14496712966047387,3
-0.8180957289901197,1.0587029327190431,1
-0.9945356365557787,2.515692729832116,1
-1.428539925102434,0.16658024297106722,3
-0.41865870043459785,1.1136244771632662,1
-2.3185072062105605,0.628312845500139,3
-2.5647031198596437,1.3178626783376388,3
0.37130212230903936,-1.2596946647059966,0
-1.8485126556756293,0.972234968819955,3
-2.7850765234808414,0.4919749683708766,3
1.2116463058926816,0.1166297368055962,0
0.8492201468711283,2.214974946132539,1
-2.236951884764535,0.28627649748002243,3
-1.1873078646563833,-0.8279773149071097,4
-0.729347862863725,-0.8242844188323014,4
3.791442240258832,0.1789185005528458,2
-2.3934412347981016,-0.49505960641312213,3
2.4780117115606872,-0.3235329884538818,0
0.4246272419767867,1.2408384703718258,1
-0.6680908159462128,-0.5760092777480225,4
-1.9036248239550642,-0.7155580783417768,4
-2.7179565856462022,-1.176184740149118,4
-2.270595157824996,1.4044855204529163,3
-2.810135195929369,1.0731335949779057,3
-0.4164272841982427,2.0480229528234926,1
-1.7312199238435177,-1.4010812002581934,4
-3.8077347472057306,0.7192583674935393,3
-2.6484823618190623,1.4102498336186318,3
2.4956178688532846,-1.2902950253416026,0
-1.9479420281668742,-0.3314054500577088,4
3.795616981008128,-0.3836334805943453,2
-0.5031822412513556,-1.6232626201875022,4
-1.1201237814617235,-1.715524462796321,4
-1.624205350133079,-0.746047666980386,4
3.246719127902468,2.2542776823346875,2
1.7116953126147387,-1.2567568829883409,0
-1.1690289233680662,-1.1453301315150861,4
0.031755995800723,-0.9193277782953495,4
-2.1197660688002764,0.2591699044610924,3
1.0276258801521647,1.7770413259669415,1
1.1389281164492981,-1.418608951391837,0
0.04583671619185018,-0.04339175951492155,1
2.2698436476392168,0.1292947574917293,2
-1.8493004764593475,-1.3307970072133264,4
1.9308439935460844,0.1939189868768585,0
-3.134584090839412,-0.4065615209567422,3
-2.2569573086998456,1.1135408623796033,3
-2.4586221914649036,0.6221533244841325,3
-1.9494721827547743,1.8031561940505394,3
2.881432442836889,1.3719101819381554,2
-2.028141370237601,0.9775993395968905,3
-1.0362736329889581,-1.7180114434810407,4
-1.1526605833842913,-1.6178638549722526,4
-2.1494463547664098,-0.9520604393622577,4
2.1482956724173627,-0.4482259512584932,0
-1.5453319911847332,0.3480510026522749,3
0.18282044896829733,-1.314427012766404,4
-1.4748475219195305,-1.6529700241204015,4
-1.171232852509094,-1.538150445591038,4
-1.0953820356956747,0.4073137180697882,1
-2.442322582428816,0.1148878824142839,3
3.7191943553907794,0.6641334827712508,2
-1.7665307586649583,-1.4864850985438989,4
-1.2628772690094743,-0.11855205526170287,4
-0.32462588012435056,0.249997836982553,1
-2.9120974139381617,1.0417656380662002,3
1.0274866138265215,-0.8425998125774233,0
0.9891642409929099,-1.1093221122857184,0
1.433762145722732,-0.8004106909261585,0
2.24630155021206,-0.26609865678483474,0
-1.9565508156087692,-0.8083731778163671,4
-1.4731337589962235,0.1379358844513165,3
-3.3275568243408826,0.2591425357304213,3
-1.7741044952505491,-0.6228760763819098,4
2.9517153559988447,0.5745850810248221,2
-0.7534489087530716,-0.7965547972438538,4
-1.121957370858484,-1.4144956795340065,4
2.7183923339665275,-1.3076368469462847,0
2.6023182853291096,2.512037855514734,2
-2.4435437823094515,1.1794294273330685,3
-0.3774307177319154,-1.3912344563026033,4
-1.6960240363618255,-1.49213317595463,4
-1.2714825540941959,0.2036699540697416,4
2.234757917908717,2.0150069826837296,2
-0.7641076858178315,1.9183809910884713,1
1.9179484621123941,0.1759618881466261,0
-0.33263280614537194,0.44831404602488123,1
2.5889892599228275,2.3248598657361295,2
-0.6953654176527465,0.9396539977110874,1
-2.2664950428168016,1.7987259829188929,3
1.3103890659918092,0.19839501973371448,0
-2.431183931796294,0.5841426929522723,3
-2.94744838337831,-1.0416995890564387,3
-0.011469916832103272,-0.2553346758400848,4
-0.5741065421355249,-1.0471047020197068,4
-0.9825163043463863,1.8684583887521462,1
-0.7411678904823337,0.6048577469913307,1
-1.7035859332759888,1.2963306792673364,3
-0.7250758083720406,-1.291118379660849,4
-1.4369061638850193,-0.21219393205576043,4
1.1265584161254918,1.1602129873136569,0
-0.074109276760537,-0.14036364605342078,4
0.8321507933338481,0.9819903683019005,1
-1.9683340328831995,0.9087755055674713,3
-1.7787766476780564,0.9320987434121095,3
-2.598560110964008,1.45555059354756,3
2.2630792564423587,-0.023574959335750295,0
0.8484775415050999,-0.8345801487979629,0
-1.9893141274702717,0.08513870712131553,3
-1.593222849428301,0.8715275573188795,3
-1.0578996612179827,-1.518394763223272,4
-1.2112982300651884,-0.9959470190081124,4
-0.7985581699456705,0.24877297574629437,1
-1.9532925495959377,0.328360174575511,3
3.86670594550506,0.08467343129534473,2
-2.116342548450553,1.3381882766231008,3
-1.6362831173523056,0.2744844798038984,3
3.32016231312334,-0.3257545751492657,2
2.2062444110959873,-0.6988538451898177,0
-1.9614120980676304,-1.1879087931701438,4
-0.3328539200595515,-1.1639591225898689,4
1.3178082075433193,-0.38681063528722415,0
-1.062125748433903,0.6388627651311869,1
-1.507907847902962,0.778277139655033,3
-2.469107571376257,0.2361820447848233,3
-1.3349910307203308,-0.052724523261996725,4
-1.8680992714309608,1.0513442219253148,3
-0.6272805086328119,-1.6294695420358978,4
2.727082256268004,-0.815652865189828,0
1.852442744097146,-0.1530649477046377,0
-0.27215167719813516,-1.005814135181761,4
-0.7686345030903026,-0.975477798235318,4
-1.8460057765915248,1.0953669789641693,3
0.46368531430277815,-1.051657476953704,0
-2.889261638678107,0.9178343945337293,3
0.6439036234566924,-0.7430975909481661,0
-1.5048697165954954,0.8415486913048336,1
-0.9600187093472261,-1.0755548126937016,4
2.6431193157823856,-1.3301559687631523,0
0.5136717638176701,-1.6444827352818523,0
1.5105900307419453,-0.37681884405031435,0
-0.7467224714227404,-1.5808709294130565,4
3.815619401278996,0.15422201412502995,2
1.3358356803629092,-1.0104921970748846,0
1.8452924224634264,0.7188174854694699,0
1.7473794155079123,0.8712563243643364,0
2.965051708832167,1.7805444582262113,2
-2.8480608817714597,1.0007913567217388,3
0.9660583074457292,0.9628395021654752,0
0.07175572920350166,-1.4323712279011331,4
2.4278571908892945,-0.28212989383586107,0
-2.1164190251563313,-1.878086564560462,4
1.8183030915675926,0.16978465771566015,0
-1.8955238167741275,-0.9779619030130711,4
-1.1560798377367638,-1.0159697352966155,4
1.6503405018740702,-0.7797901268631338,0
-1.7386087295513042,2.5293804184552826,1
-1.606207179900707,0.9445650576428597,3
-2.578520601399779,0.29873118668238013,3
3.478768357583625,0.38789960266503565,2
2.8915948243807854,-0.2991950715263101,2
-2.6705953835049625,-1.4243755061215775,4
-2.694507841295096,1.061970553889741,3
-0.1326988461797682,-1.3824417569911907,4
2.2502821918468925,-0.664435883395117,0
0.7334008545888796,1.6277552898419783,1
-1.5745344984696956,-1.609565874632551,4
3.5419759585152604,0.19724438522163668,2
0.6775488322291254,0.22286282753656678,0
1.5895796956665253,-0.3151351837418222,0
3.5745904115398055,0.6381321441662254,2
0.4330996649095693,2.000257021824714,1
2.666169392497161,1.0699300330270476,2
-0.24346115293941853,0.01087831783831826,1
-0.864399953933819,-1.1115427467887307,4
1.6851056558159865,-0.6637426187412115,0
-2.1340208344117086,0.20930880507873711,3
-0.7716674400879435,-1.13964898179987,4
0.6644365288082033,-0.11736700567723383,0
2.795249394255318,-0.6097423171491366,2
-1.9248458856928268,0.7571018775420659,3
-3.990417033588778,0.4088069312164241,3
3.1414697583954103,0.6462536249868945,2
3.0359512654388037,0.6791162140742164,2
-0.7141973187712747,1.606123436518859,1
-2.6690583663705376,0.7157379926734175,3
0.14805349075567265,0.9999156052019782,1
0.5288896612399959,0.8532943850126559,1
-0.05909849190261965,-1.4852585981993147,4
2.19432395890356,2.0891895182028732,2
3.0470056684221984,2.318543918904331,2
2.906284143938617,-1.3499427434781075,0
-0.8259862666743754,-0.7806655860377096,4
-0.6777865240535427,-1.5761536532221176,4
0.28864839075307813,1.712451467185669,1
1.1347455490081986,1.6175206711913026,1
-0.19377175602756144,-1.1706207794050827,4
-2.8320745048022546,0.7605712710147298,3
3.2742902728625967,-0.2680878847956267,2
-1.0715798232952705,2.460342498636614,1
1.6200971435868254,0.38409686469628856,0
1.4176112121047428,-0.7610023622758784,0
0.136671132082058,-0.6274444944406407,4
0.06102028637417662,-0.44093381501934437,4
1.379131431622014,0.27226412252187204,0
2.017710914957781,1.1073197222279354,2
-0.44575589596749565,-0.26918494580274743,4
-1.4352792039736046,-0.048073867626242744,4
-2.8619560580267476,0.4456427020711613,3
-1.0433651853973092,0.004328627475615937,4
-2.9846232963129085,0.7873992604584834,3
-3.5684970997846226,1.134958932398906,3
3.621108982710247,0.37829260463071696,2
-0.7571939871363023,-1.119315994616193,4
3.494071143198852,0.6820421830675336,2
-2.3340813764770627,-1.1675554338686747,4
2.165220616793306,-0.5309923834637209,0
0.6083015393037524,1.4670774531661666,1
-2.386072578207863,1.0531477507301863,3
-1.3303279533395245,-0.4600373367574798,4
1.3741259234046848,-0.7041840161557548,0
-1.622128145767775,-0.40929633598344234,4
-2.1829941358332303,-0.9190584980597565,4
-1.7722376101034292,1.2871070987493907,3
-0.9822741339778058,-1.3855487912781188,4
-2.2866555879057877,-2.0875427241126294,4
-0.8044394341243573,1.7329348394010553,1
2.4153417979802474,-0.3386654519085533,0
-0.8368815493190684,-1.0450942325232442,4
-2.5717279845917105,0.8817593321082741,3
2.5887117362942327,0.12233844321415095,2
-2.097717085160463,-0.10405642449858726,3
2.178833094194376,0.6608437962426974,2
1.010932184325897,-0.216024757914036,0
2.924084556239928,-0.8081217724739199,2
1.5424759951785227,-0.0785412693446875,0
-1.7346326270001098,-1.4571513193750458,4
-0.6013368175640833,-1.4911774409626544,4
2.9955205312153765,0.23571698800000512,2
-1.0153786079649265,2.4609088245787087,1
-2.2994656252812478,-1.2667179869126823,4
1.5428658577523826,-1.3431596712057479,0
2.1061950275777948,0.1968305996953772,0
1.7558825203887873,-0.09766813383706263,0
2.151529042411641,-1.0352208579937991,0
-1.204460653111953,1.0454097461183818,1
2.302935903318968,-0.6850675598120808,0
0.2130839780204637,0.5648722757338436,1
1.600952809605038,-0.7729191346718162,0
2.026525207921304,-0.11422316400306265,0
-1.1781464234605616,-0.5286251297479465,4
-2.404261360161423,1.9436692900414667,3
3.8288917292036513,1.0835787072467025,2
-1.310858800422761,-0.8924488352574935,4
-0.6544531289302248,-0.7683274329467289,4
0.8074467648453958,0.150415503861759,0
1.6563939940395336,0.39781828955366527,0
-0.6553426873025726,1.117277927011277,1
-2.10610453297441,-0.840106611839345,4
-1.257268384261431,2.672956683798106,1
-4.45724882051277,0.3493098410778959,3
-1.5981731752022756,1.0079693106139958,3
1.7361893790262173,-0.8294463129384743,0
3.5837213540791906,-0.7975217036084163,2
-2.05610212507141,0.1819580827320061,3
0.5325158516784996,0.1712179744723697,0
1.765032845870564,0.14513161919985396,0
0.1963927803773115,-1.4993150106604247,4
1.5536418569164905,-1.2587698697178924,0
-0.8660023356098236,1.1154097864703665,1
1.6776316786150927,1.531633831902576,2
-2.7272664139373246,0.6419883862561152,3
-0.43980530284067176,-1.1362577520779982,4
0.34445885125292514,-1.2064787878307588,0
3.4297373636180497,-0.30477039438520315,2
-0.5608129932300961,-1.3589741319631836,4
-0.3686764627290984,1.4605500745291051,1
2.7175900413072567,-0.8514867166335737,0
1.2454004894268598,0.3799561777309749,0
3.3876856383917833,0.1704818534431693,2
1.0344977435701066,-0.6330005799106424,0
0.3998705452600698,-1.645887528324051,0
-1.6337263075212234,-1.5632502866506246,4
1.6706851045489037,-0.38799511221238764,0
0.02173975647639334,-0.037180526618923376,1
-1.081980720418032,1.4740297778368159,1
-0.06644274224196431,-0.8649614791159833,4
2.4949298509593594,0.13723426196741806,2
3.1589240963236884,0.6522672097869815,2
-1.950956946735664,0.4491430022343095,3
2.9152066452349032,-0.05797867345262413,2
2.507417476226681,0.15013406358807752,2
0.7162820655349408,0.980188791264718,1
-1.525003542450647,0.18966581507028463,3
-0.2426351397395697,2.4639653647563096,1
-0.7542062931912366,-1.2666018546572633,4
-3.0187691650342368,0.4518977212108515,3
-0.562483063239452,1.4230769714719929,1
-2.6866260940318525,2.0397627110999066,3
-0.4560005101210878,-0.8385614989414936,4
1.3193453014771295,-1.2595937259556043,0
1.7314788700734263,-1.287965440121871,0
3.7083830355864946,1.1203126746457468,2
2.7447229109434574,2.0595840099681375,2
-2.242850414703733,-0.369840254916186,3
-1.1138087866404551,-0.5578599273791455,4
3.212536273405242,0.1601646746893164,2
2.0008461963273247,-1.3192687520877242,0
1.9151960011031501,-0.30653493094719053,0
1.1974638394789734,-0.4241121866068042,0
1.994591472329617,0.17878911968099798,0
-0.8672847172607868,-1.2971244892199476,4
-0.5779303893715536,-0.19614984934426455,4
3.9589266577596787,0.4096872207675111,2
-1.3598383128429001,0.06665754778134243,4
2.3201905515766406,-0.35627598887403095,0
2.5665742877266,0.6766139986257876,2
-1.4305314550650514,-1.232384869984256,4
1.3177429998986556,0.03414376143773919,0
4.039145077488307,1.5627281409269531,2
-1.883706564883019,-1.0829405273042214,4
1.4487486320263883,0.4934428440304153,0
-0.1294892066303466,-1.3107926313556664,4
-1.213332649180594,-0.10823990534988565,4
-0.2366658833856938,1.0832347491036833,1
2.1670823625424585,-0.05276513659336715,0
-1.628638310230395,-0.5161814770673724,4
-2.4361568790482377,-1.1864522871378222,4
-1.2582755875571554,-1.471856111547339,4
0.19546736869886358,0.44723076205401935,1
1.0219551185994449,0.8388546781272612,0
-0.6750937109228653,0.21188197669536535,1
-0.49588385911753574,-0.12730118573861166,4
0.2766886802346433,-1.04050744566791,0
1.3113058736331638,-0.3409052717988968,0
-3.9711200299027585,-1.3272068827554337,3
-2.841323242292206,1.2683845698904586,3
1.7189506571295246,-1.226500930036006,0
1.9259599120736643,0.12343687040807923,0
-0.49593620174503883,-1.4282453302235936,4
2.8249161535263254,-1.0518817243506078,0
3.3216424410084384,0.6148015871813289,2
-0.5951319664627819,0.1422078135190577,1
1.517016005880433,-0.3321049791042565,0
0.9844513450352228,-0.5078274570867127,0
-1.466611009996565,-0.025386391623049093,4
-1.537618037059653,1.0839671227602947,1
-1.350831208019572,-0.2425158693999373,4
0.7352673621602391,-1.3474564685136623,0
3.1070266394267207,0.4461680673927465,2
0.8819007701743488,-1.2144427533711641,0
1.030227377424226,-1.0420854030815447,0
4.11069967878304,1.1013030257395389,2
1.354776607018585,0.7172778185920698,0
-0.7100488200497997,4.023108410194445,1
-1.9255216694634025,-1.4529511989114987,4
3.6062456527517894,-0.07520622824731257,2
-0.42360468059171175,0.193205155088348,1
1.9857018893995488,-0.9915727312534943,0
0.8161444636370265,-1.3973931317878483,0
-1.2414065282402909,-0.9797281453443618,4
-1.6323695121348567,1.2091361713211255,1
-1.6646430154998157,0.27702283000789824,3
-3.2124715772444317,-1.045458605397248,3
-1.1461971401438553,-0.2340209686703073,4
-0.98026965135859,-1.2942917399725882,4
-0.15563842278803422,0.9072648804668335,1
-0.08985922318540734,0.21267325805155374,1
-3.434699184967351,1.5517841845252975,3
-2.9236896939796897,-0.13960695155647096,3
1.41957429742983,-0.9871529461820936,0
-0.06153461381215802,0.9241678731583371,1
-3.6522233203355543,0.6226445673052742,3
1.722782424419758,0.5835606955651771,0
3.2272883360211106,0.3717116704603168,2
-1.1848423894158056,-1.712760709626918,4
1.6868882944969026,0.18811311705165085,0
-2.1318424395398585,1.0497510589106378,3
3.560742011188277,1.0683000709161394,2
-2.410887680562219,-1.4730690301174263,4
-2.50050362509418,-0.4286085280411702,3
-1.7260825754410518,0.633083432242128,3
3.345480754046132,-1.240192038344656,2
-1.6043316789293798,1.4649400747977492,1
-4.008206615163075,0.9466109682999433,3
1.4110399228626063,0.08178165510540435,0
0.45641898026842753,-0.3842075931958172,0
1.5292850952665118,1.7697013145898448,2
-2.903415769069454,0.9482380615161354,3
-0.3443957122261211,-0.6823016457140438,4
-1.9240590597613687,1.2039319119621354,3
1.6040429854574056,-1.2595176408922102,0
-0.9746491994013691,-0.6672313303936097,4
2.967534603887406,0.6310149128093587,2
-0.1696280514140285,-0.22122174502980788,4
2.6610953219590705,1.3889935393456472,2
3.1283857778803723,-0.2990874398251369,2
-1.9691335564115071,0.02552617931430383,3
-0.32964043748958927,-1.0625205092334953,4
-0.7187381140383062,1.363620648578306,1
-0.7759842335370063,-0.6412606166675138,4
-0.6034415874068585,-1.460311644031,4
2.6040203110296867,1.3480228993757601,2
1.7912103908319121,-0.08315873126240661,0
-1.3226500331325723,2.0076458361454907,1
-1.6146948409535444,-2.015220656036776,4
-0.3132992738674011,1.1607356244521763,1
1.2502819066514206,0.21116324543221088,0
3.9082798870256927,0.5697177941318384,2
1.6806520369780589,0.7443093094151142,0
1.6412150377206245,0.9424021510545051,0
-1.240624347644044,-0.9985805901163893,4
1.5413797972890593,-1.3426655793709381,0
1.8806953565971352,-0.37872344965562776,0
0.6424240474824662,0.7820960845807838,1
-0.2200030981033114,-1.3389659850760887,4
1.133481445236552,-0.5367281907490536,0
2.3147119871347006,-1.0578259984554577,0
3.864116199765582,-0.32476556003076246,2
-2.4380806163886364,1.3270431057087806,3
-1.4425906479254127,-1.1940655628293717,4
-2.447748097291765,1.0043815041319624,3
-0.49104380206497633,0.8974214468167185,1
0.9259217749606635,0.21213978341119982,0
3.762057081242673,-0.7993597762254764,2
-0.42047372977055686,-1.5426844588730977,4
-0.008141703135917694,1.027738208014741,1
1.603972860162208,-0.6760631146581421,0
-1.369840071843199,1.5682377695876397,1
0.8046800906139471,2.005361421664391,1
1.218717875390341,-0.6067783704479464,0
0.2993762291113036,-0.6539732611089977,0
-3.035837349951014,-1.47525720572676,4
-1.116105484606205,-0.1082394777179442,4
2.9887289838774938,1.2891519524971538,2
-0.28285382763588385,0.6612889332780523,1
1.9489318328922869,0.12308152931394674,0
-2.0939429003816996,0.3610438358778843,3
-2.411031455104422,0.6438335982523837,3
-2.4820677075230435,1.0117770931451346,3
1.3266159942919362,-1.280700693337894,0
-1.570793811444086,-1.451384509581986,4
-1.9573057575618187,-1.3550918338256606,4
-0.9808630715111681,-1.2453040252410332,4
-4.5536206209429135,0.31113957007366794,3
1.4809668020741533,0.42502173601186144,0
1.307493078444727,-0.4229341838301505,0
-1.1146356261005448,-0.06582133573196625,4
2.389407254548109,-0.3028321915835935,0
-1.5564556456644552,-1.6468007946917071,4
-2.493079258363141,-1.9143422574684061,4
1.4843645708299178,1.1387306968347162,0
1.8357925186123656,-0.3848345057886227,0
1.529363006472392,-0.3302348344071189,0
-0.0009739399894026085,-0.04604682145458602,1
0.6864587706230328,1.5106704352323532,1
-0.9877526347981813,-0.007540580933006136,4
3.0698357296693466,-0.4989100238409946,2
1.5797805837934378,-0.6350188580919527,0
0.9746427203303076,1.0931016932586821,1
-1.5690986066587076,0.8138902889333736,3
-0.8813004289623579,-1.4247456331496473,4
2.252201986195369,0.19859591669253235,2
1.213288642438026,1.6456187295719844,1
-1.2760398450614963,-1.4059626549109427,4
-1.6921068212136903,-0.027179502457592597,3
3.4225948935011985,-0.6012573538785926,2
-1.0094399761810884,-1.0712939694339854,4
-0.4914548695422668,-1.6197649660338223,4
1.64003961273956,-0.8439580716633462,0
-1.0964918230961014,0.7151235371396465,1
0.3729721335067231,0.024913588335398792,0
2.430541574605053,-1.3236848196450237,0
1.0708712070310527,-1.2810503470079595,0
-0.9677073120699817,-1.3946611919853351,4
-1.9718647827231865,-0.8731340409371109,4
-3.545337017980464,-1.695758898612023,4
-0.8337805589014277,-1.660211881965451,4
0.9004831665837596,-1.4857934264580512,0
2.9273628131152805,1.527653416163104,2
3.021823722129427,0.22474212780540137,2
-0.6556955844990643,1.531013244659263,1
1.6831861631687355,0.3245019530370555,0
-0.8894187806265648,-1.0006579600728658,4
2.025854823764529,-0.8270878957795893,0
-1.1011241576297093,0.06686823942638921,4
-3.35411991242537,-1.4615803934634053,3
3.9460147205484555,0.15716773346897933,2
1.1870703503863047,-0.5431353869068052,0
-3.1915042389984802,1.153278606103036,3
-0.9680631271933264,0.6470055526749432,1
1.6428217373717324,0.3939190191329339,0
3.56671051013503,0.11442588983682912,2
2.7043499924116334,2.086958454569411,2
1.1753011697026818,-1.0725499627260564,0
1.955306477963019,1.606023842732151,2
1.2329027825520724,-0.8006522247418185,0
-0.9688356009667127,0.9332635906648137,1
-0.893821110097804,-0.20793127039276013,4
2.5346896560516607,-0.3400510433800208,2
0.2959281718126747,-0.6626109129908594,0
2.303977561005902,-1.2892025987196136,0
-0.41260297934031065,0.4537744021503196,1
-0.18968085236887752,1.6301498038273379,1
-1.0793861531809625,0.8931190812407848,1
-2.585815906541701,1.2110159692765963,3
-1.498195825510021,-1.4111185113578466,4
2.0524982190580467,-1.283072025096934,0
-1.7824412142407482,1.5991510679781467,3
1.395736833453285,-0.8414888147346157,0
-3.373440768847236,1.2343340556347613,3
3.5968524025034028,0.17773440527744983,2
-0.23549889678794098,-1.3130021152954234,4
-2.003451603235163,-0.19326732827637136,3
2.51429680106878,-0.3271445857192525,2
-1.6865637619090956,0.7490159199647675,3
2.6554229163695027,-1.3452586504886654,0
-1.365134032517045,-1.0413059704314094,4
0.5940725812270762,0.48048078679587003,0
-1.0923319883460207,-1.233728485146697,4
-0.032017902848540475,1.6918303597998632,1
-1.88189093172842,1.4407911468334866,3
2.2826593477581345,0.12058654837945633,2
-1.818870440412803,0.6884180457206229,3
-0.7920449512588588,-1.4821407902020185,4
-2.4890926619205995,-1.1072869095369386,4
1.8105844429370432,0.5947258927464811,0
-3.050883667947622,-1.3484916548073815,4
-1.290867812941097,-1.649025059442652,4
-1.866015692786935,0.1693628584144602,3
3.0061531344238284,0.1083525551655893,2
-2.4782346248733877,1.0006749337348178,3
2.619374301153935,-0.38267990553878545,2
0.16715319381768298,0.5357918868168724,1
-0.4001296689467958,-1.14370877928263,4
3.390763715489168,-0.35106734128005573,2
1.8185521706049488,0.506055810633329,0
-1.4125094026074207,-0.11609858180809848,4
1.5415546282841015,-0.6913457662119159,0
-0.7407413532999532,1.6969337557616202,1
2.309428498750184,0.11999949857690119,2
-1.6368541112626682,0.9867842220928478,3
0.31808977593991883,0.8766986103447683,1
3.337396237224865,-0.3340925052615123,2
1.7517462704853324,0.1519305835619531,0
-0.04263501625120608,2.060577613153622,1
-2.360602178908716,0.014604929346105841,3
-2.3216859804166483,0.6598257223814609,3
-3.4317442349921556,0.20325368864094673,3
-0.5373676785391823,0.44069731505067444,1
3.138315635461919,0.15346668259295837,2
1.4292243101592428,-1.283386874726933,0
-1.1767816864854714,-1.6784879554391006,4
-0.8535506796339469,-1.4402964291029596,4
2.989405956959952,0.2745284847845735,2
-2.4312239595520855,1.0195229293891042,3
-1.3872475946852372,1.4694288689437824,1
-1.8228328469764614,-0.27665744486212757,4
1.996983710286862,-1.302562385096469,0
4.009851166943668,2.3040095650884465,2
0.28243620918299905,-0.08853359732174085,0
-0.0036364283971835887,1.9747375333225738,1
-1.1938141396912294,-1.7010955052729515,4
2.6990769422561622,-0.885041013188445,0
0.11382524404633443,0.5797790584232275,1
1.5287773337289832,-0.17102768155192893,0
-0.9405204541091294,0.32074916154983074,1
0.4561443326346305,-1.1828147797805182,0
-3.176249611276035,0.6946082253863487,3
-1.8539102760416717,0.9759071259280316,3
3.6808853171610942,-0.3065256061171225,2
-1.1678436101746152,-1.3088507827969098,4
2.689264380775663,0.5941692096195335,2
-1.4818109059129574,-1.2225198713351073,4
-0.37028041936703804,-0.17550623829702305,4
-1.0313510917460755,1.727195622624903,1
1.2929231200885198,1.8330582825665243,1
1.5384608504371893,-0.4337613223592573,0
-1.2783771319707506,1.7282299324382182,1
0.8362102956187097,0.4924092168873041,0
1.6319145232250445,-0.3856355031623114,0
0.57156944243162,-0.038277225840013224,0
-2.226848124666583,1.1098853347071826,3
-2.099321417503589,-1.2136831050741759,4
2.6953104219835975,0.3869203000573075,2
1.6491569543158349,0.13547285926526864,0
-1.3754516928927818,1.9638092695509646,1
-0.8871026024814378,1.6193822492987437,1
0.22726820407462103,0.6723318997355254,1
0.33640906331980913,-1.2731047278953638,0
-1.385472088248732,-0.07512159982181082,4
-2.654593762662704,-0.841887357523843,3
0.5675495181519884,0.0706835642777033,0
1.4090827165560553,-1.3170495103950774,0
-1.8044258485259503,-0.007712098795850858,3
1.2966523350119303,-1.2346483508820347,0
-1.624257992320228,-0.9884024768306073,4
-0.9289446490945277,0.24243072365779167,1
-1.2923596055570674,-1.3284101820707457,4
1.6655350494136971,-0.636504419945732,0
1.3290860663112207,0.6788835253004009,0
-4.213500926461964,0.29525378754121095,3
-1.194785427288424,-0.4648029877916663,4
1.556178070982245,1.6401154487524214,2
-1.4125925996824975,0.6828926140584166,1
-1.0438515958977816,0.7124445621221567,1
-1.4142994221908898,2.252997794944768,1
-1.5264972133540506,0.2985353799327648,3
1.1429209624399848,0.1735713849412951,0
-2.2925940431235006,1.0803665354792973,3
-1.738614795107878,-1.4850990185829906,4
-2.2183881500240212,1.0749425039905198,3
2.5010595782022764,-1.0358744042062682,0
3.253843137855632,-0.016924405890458155,2
-0.76268306218827,-0.8692243875226591,4
-1.4916232728934353,-1.0385382284252365,4
2.2808542687368165,0.19767891104314195,2
0.7413064059723379,-0.8832765624051114,0
1.4072082697079054,-0.2703165688606613,0
1.9714903151807623,-1.2614354502527352,0
2.4589561249717273,-0.7787342379440175,0
-2.7763276813566247,-1.2224356240824301,4
3.004422005404261,-0.8079149410547095,2
-2.715972230025978,1.1845202722798345,3
1.9887051115744492,0.5562957996190968,2
-0.8361821634768645,-0.9247627337640119,4
-1.515599769104505,-1.425284931685156,4
3.5716305649331623,0.12556644548820445,2
-1.231601183894813,0.7140638272111942,1
1.614883971115625,0.10663693100156031,0
1.3949124001229765,-1.317173670520431,0
1.5708558826696275,-1.2760125676247738,0
-2.1077459056246974,-1.9335852846627537,4
-1.8359937765035712,0.012439064352585447,3
0.4554563457593982,-0.07745291325687612,0
-1.565406325903178,-0.3833852091915248,4
0.3384534923581749,-1.7501011426159756,4
3.3796760977848788,0.17748543395828797,2
0.04562196792520034,0.03761053993376194,1
-1.2149928548749669,0.22769925681137398,1
-1.6606827062090832,-1.1681116826165463,4
-1.4134144994139515,-1.076243072838128,4
-2.160291209786977,-0.10280192515033068,3
-0.351029863155189,-0.21806905732181447,4
-1.9330413548511471,-1.863112288233899,4
-3.182645938304168,0.6974445426790193,3
-0.27616139340801005,-0.3496907824278229,4
-1.5395836903557645,0.682419869804066,3
-1.1123186783229184,2.4644111089852365,1
-0.5269393940698945,0.8335997844188288,1
-2.0716520892395605,1.7976185768610637,3
1.414289871818625,-1.3146289620466562,0
3.466997383182883,-0.04134225928206567,2
-0.595680846700806,0.3709230959128346,1
-0.9953662519744153,-1.47272227231188,4
1.4410625175992884,0.45589437632340635,0
-0.3580189331544794,0.16043298293480635,1
3.275126474469468,0.4299875569018401,2
-2.7040708370182873,0.9224254669112983,3
-0.41829309370563006,2.391719500412689,1
-2.908626751467809,-0.15442686883773787,3
-2.5437065316359178,0.6991567176380369,3
-1.873723230332583,-1.386839242807521,4
-3.673095106387887,1.3326169582957073,3
-0.5735399635252074,0.4699779811511632,1
-1.168336222699148,-1.3677483325336655,4
1.6262865510294209,-0.3212720862673638,0
-1.4762390732179702,0.5013006801084637,3
-2.470663864815776,1.0554219625859795,3
-1.2869401918886556,2.088835476688662,1
-2.325994751572034,0.9460919116818816,3
-1.938245023375374,1.0374417701642957,3
1.1476730852608052,-0.6698784945640142,0
2.0109103912860253,-0.3666544005938314,0
1.1402768667873533,-1.456458918264262,0
-1.2624504697078138,1.116185722015207,1
1.0106043759810712,2.4117116286760165,1
-0.10504190645505912,0.4568648192033232,1
4.062340092959347,0.5709724313457376,2
-2.5264993680771783,-1.0988073291937033,4
-0.5830442805766455,1.2903187376829939,1
-1.2735822221078186,-0.2684591059339033,4
-1.9430455556854171,-0.09126182660007479,3
-1.4715406562445634,1.8908650069683266,1
-2.038475511602012,-1.418946643132831,4
1.0483515364394405,0.19246633429458582,0
2.152391400849151,-0.5646884204766504,0
3.424557256550653,-0.37944928752072765,2
-0.8064315367533629,1.6121338389776958,1
1.2150049301084112,1.1800482308314253,0
-1.1368578616266187,-0.02287803219343465,4
1.4185430419358878,-0.176367203666552,0
-1.9659787066935797,0.5906160697761984,3
0.16210576891966277,-0.6237445348886256,0
-0.5152704530336396,-1.6183468510761077,4
1.9921534015475786,0.165272712777214,0
-1.8379365925473392,-0.5944694740925903,4
1.5893692926298968,-1.277216383496777,0
3.692966481531237,0.10976614564363214,2
0.5168089565201224,1.2735694317859951,1
-1.695508698332531,0.07417362506331789,3
3.3448360953616096,-0.3244927591809183,2
-1.099343736663059,-1.1552394586280923,4
1.1486187519370916,1.4167812411012846,1
1.2816073957644314,-0.6252770040996128,0
-1.4620391014798961,-1.2878511222100006,4
-0.24486901141649306,-0.6744893714997496,4
-1.3931689929968467,-0.226804072579788,4
-0.3081116290486544,-0.09066641159154432,4
2.002253109564921,-0.2536343895187073,0
1.4981093782765738,-1.0750281064351086,0
-3.3769407121618995,-1.5015387070192838,4
0.8711601259873976,0.22455492961725287,0
1.3808236613279243,0.567044503723653,0
-0.4856143528560082,-1.282246948332501,4
3.684027580616761,-0.34483037710079545,2
-1.2338048905661372,-1.5088173209309923,4
-0.8123870526313812,1.3942468783597315,1
0.7412828972752121,1.5267884363400634,1
-0.05811483369318127,0.036372579443784095,1
-1.318407456360593,-0.8650507507076091,4
-2.005858344896368,0.20442668313152912,3
-1.857561340920246,0.12496485549855564,3
1.651237338994416,-1.3370651292868216,0
4.006186349548559,0.10618401166768761,2
1.7693478096840092,0.3616621474862659,0
1.6055074485389853,-0.35549630299369567,0
3.855053238147263,1.0658524625491483,2
1.9434289841925367,1.0741129417451578,2
-0.23325893818731439,-1.7223541500099893,4
-2.528588341930324,0.2441971343308848,3
-0.9630185475237103,-1.2584717711929645,4
-3.043468252270138,-1.4973472359864797,4
2.6374126857573326,-0.7989956623689378,0
-2.1169889193747853,0.2589202692216801,3
-2.014102024349481,0.983256556891702,3
1.7790817031753252,0.16935573630719952,0
0.1005597382342686,0.26250459354306965,1
-2.5993696393255914,0.9170041139971092,3
-1.0888511177861648,0.8942230327250855,1
-2.1123384097690074,-0.2290584387719028,3
0.12358927211819702,-1.3431722367489862,4
-1.424708183753056,1.2956643007034387,1
1.7234863538385583,-1.2453810630021613,0
-2.9435637794694696,0.9510686555968484,3
-2.6129061733519667,0.1034148884104948,3
-2.4837278591288405,0.9256613977917914,3
2.5845812314293974,0.6576930169912111,2
-1.0489654075109822,-1.6945432011137387,4
0.12191438476680683,1.4633935217989615,1
0.6020221254925476,-1.5095229321675403,0
-2.022896457250585,-1.2051522530319307,4
2.6077414154122653,-0.12314611513426194,2
0.33497427740875274,0.6499563930795704,1
-0.5924269658294866,-1.4762050594344371,4
1.751201575367386,0.6575439373991656,0
2.3847817556189796,-1.0206245713921214,0
1.7403202718030648,0.1815493916528702,0
2.4678263201234794,0.11274880478961953,2
-1.8595133161021176,0.5722075005709837,3
-0.8251710246346732,-0.5525728414194297,4
-1.700713528649702,-0.8367185045516123,4
0.8846274610898034,-1.3283911058772007,0
-3.844397753242296,0.6473531394320106,3
0.8139941387864947,-1.2671198860602975,0
-2.0016604506877482,0.09361312468495207,3
-2.443406809135683,0.2739836474553133,3
-2.2163305235739372,-1.0771818004605822,4
-0.6869263495708883,-0.8932411628457675,4
-1.0917122527068857,1.4513973374711855,1
-1.1986406312018167,-0.6774571057920992,4
-1.0437129190375671,1.4375011099108803,1
-0.34994972415828207,-0.3861062830049724,4
-3.4482045535123436,-1.858447731704351,4
1.39965646505649,-1.2827398254666365,0
2.054783671192285,0.41062047880008956,0
-2.8856087921803986,1.2631524000936951,3
2.036292209253773,0.3694567106339553,0
0.006931238124662911,-0.23614738691709636,4
-0.0067217589470836,-1.3664646670635678,4
-2.4268772920737627,0.6499426618360441,3
-2.2740231457631452,-0.7588045083035978,4
-0.47403018567855915,-0.17854101804090744,4
2.23162328175623,-1.2348769618189697,0
1.8638920918690944,0.389119929104658,0
1.099258619156897,2.4704205128310086,1
-0.014677160111892879,1.1910894560114407,1
-1.850561611317733,1.2564819543113268,3
-1.8829780028219494,0.05583343863376895,3
2.763497584977925,-0.023734619335417567,2
-1.4247507416886225,-0.13084954560931927,4
2.0289213447958088,0.5659171411826746,2
-0.4325925079236429,-0.13673519283074137,4
2.838636162929972,0.4007104637493206,2
2.973360756820335,1.0414081685806342,2
-0.829728882462895,1.638188056242178,1
3.2101035552835526,-0.5222229529696245,2
-1.1884458388134351,0.3259142901390291,1
-2.180037079214655,-0.09176494424851257,3
3.078886143628744,-0.5761026139762546,2
3.3200665591654426,0.18339028962704718,2
1.5186804850159668,-0.3409794201763499,0
2.8584500186882087,-0.09111062457740057,2
-0.8983306030079684,-1.5248042614907555,4
2.404994255107894,-1.3124870884780289,0
-0.7379857878172492,-0.3296913590785581,4
-0.225524241768319,1.2315190663030937,1
-1.6927078826686803,2.2043032004259797,1
1.8822701875580456,-0.9962107642824265,0
1.1885792689659498,-0.9981389607416011,0
0.5306233087434165,0.5800401938660303,1
-0.23254131819294274,0.5543912232181447,1
-2.0862952031777016,0.28246981109382646,3
-0.34017012509777056,-1.6918613373054037,4
-3.449304129315313,-1.300630835415991,3
-1.6448942272835378,-0.39476732975429596,4
-1.8395198260111836,-0.10313702673074329,3
-1.3390894394051767,0.24438463791623705,3
1.4424378869449554,0.19687099327411028,0
2.767664503164213,0.3882642702086557,2
-3.3438712312580137,-1.7856979759800813,4
0.13507314109447682,0.5937071613040643,1
1.7214314803952426,1.277763151545311,2
-1.5582396781314642,-0.18288484972000546,4
0.48434830843402366,0.10120452165643785,0
-3.3390724143813695,-1.6750987503539017,4
3.8029578778324247,-0.3850098064817293,2
-1.4011640342592901,-1.4877744452890196,4
-0.6813933621424212,-1.982080358120879,4
3.6685020649128894,-0.6414756432375913,2
1.3823455868931835,0.06803264769749436,0
0.2588542212905087,-1.5031306268239595,4
-2.2644281290925874,1.2654848055863892,3
1.5410526193032994,-1.2883409614371322,0
-1.305198246765736,2.4178495394674204,1
1.3382588233287447,0.3760534539370534,0
-1.988043768530592,-0.4647556211982834,4
2.621986119840046,-0.30517041011025725,2
2.191085146904294,0.8776338025474258,2
0.31256902946423515,-0.642954642645665,0
1.3139952402877955,1.6267158797598902,1
-0.5358673038311123,-1.3559050215427206,4
1.9578625733008188,0.6033930906303259,2
-1.722430410703613,1.6508355752321142,1
-2.645677904634344,1.2251787847445335,3
-0.3860361284192275,-0.11676442506831401,4
-1.436551507358411,-0.12939596452865476,4
-1.9569288955004918,0.00882462713196959,3
0.8961261610126677,0.4596616321614654,0
1.8757201774667542,-0.8547469625117822,0
-1.6446675776865558,0.9359545529267852,3
2.1586595435977425,1.0515169571132603,2
2.313144972578964,-0.4087959374681334,0
-1.4465062873087662,-0.7803594386933856,4
1.079115229216582,1.991695012915975,1
2.28708435936455,0.6787820462702501,2
0.4625289939766425,3.072436573431679,1
2.4904781512622445,2.461946037271067,2
3.4647716055722517,-0.40505283624604027,2
-1.1289855944309222,-1.2149422643851098,4
-1.911913190606313,1.8209936854842843,3
2.5399997479978222,1.61836362280678,2
-1.9458404540856369,-0.19747575701091513,3
2.6978414270351943,0.6060633954161398,2
-2.085126333334842,-0.8000598274577789,4
3.4885071468936744,0.19913544654166282,2
-1.494802786516047,-0.7719870610188376,4
1.0242207079886503,0.21973747680204092,0
2.1945678349299347,-1.3214623872163074,0
-2.2266840736305507,-0.6152179320249036,4
-0.7297812596367195,1.9516639440967873,1
3.502888969904454,0.6583168983521772,2
1.353673506825655,-0.1758314853954323,0
3.630662208520581,0.1304379022047853,2
-0.7107269970531676,-0.5809414076063505,4
-1.3312228051330763,-0.11535251086379307,4
2.254204464825525,-1.284410138387602,0
-0.3954727519642439,0.12312312445528557,1
2.04240454070022,1.2891546899464454,2
3.6855655384556267,0.6427578425014278,2
3.792364698788312,0.14470968616139251,2
2.389533628054369,-0.2863010308007178,0
3.456672212778498,0.19082275345859945,2
-0.9161389100069017,0.5713069206359523,1
3.2046419647768545,-1.0724266114741765,2
-0.6619516719243902,0.29278553982101135,1
-1.1440533320496218,-1.4183789095954178,4
-0.8460062464679334,-0.23057658275054305,4
-2.1691508323634,-1.7065781081263198,4
3.9239248361089323,0.07908461650294048,2
-0.8408730645456803,1.0976563968919768,1
-0.8745743259562021,0.604340099773649,1
1.564414722436532,-0.11889865817433126,0
-0.37328040714852806,0.5307391100398962,1
-3.8526800794979095,-1.790593435492009,3
-3.1980098087581226,1.0013202490410194,3
3.2469561207152746,0.4658519231883206,2
1.7661849533042844,0.14057917654625823,0
2.4835168408101516,-0.1071176669181079,2
-0.774733145531849,1.153432628881743,1
2.1245219049668664,-0.3537712320652936,0
-0.623777293268499,0.41077028869327814,1
-0.7453458246983508,1.947470485004346,1
2.633632361484616,-0.3013233527372488,2
-2.84769120188127,1.1032388038835623,3
-0.9419851088692841,-1.4713638826039954,4
-1.2614411667151813,-1.5377856807029486,4
0.3681975975662154,1.712834749292267,1
3.700051768846273,-0.6055057211354605,2
-1.6957523678955653,-1.5100399785911591,4
1.359523018973485,0.8198640527190217,0
0.02831871675469909,0.28379305783073694,1
-1.0495124741749913,1.0978531578292443,1
-3.414865676392019,0.7559498635996569,3
-0.790794438200191,-1.2022696096575192,4
-3.6820519171489074,1.5471049171134257,3
-0.49426495250483016,0.16939965160833115,1
2.2882339002902565,-0.32329824317264594,0
-1.436350347626512,0.9467337063021783,1
1.7164380232935863,-1.2865758729973507,0
1.2048503945828586,2.572669605342701,1
-1.3511719820408359,1.1690316735484934,1
-1.462555239200316,-1.2941640168314903,4
1.6833685515051167,-1.2633387083834968,0
1.6484109220485323,-1.3066811142773829,0
-1.3600793198457233,-0.9826739854555662,4
0.3085887631354657,-0.370652057084412,0
1.1541137772047123,0.18618977961171201,0
-1.0703191934518506,-1.6413614306624849,4
4.260406536954604,1.7879671403558346,2
-1.0271834450604562,-0.9420671712973923,4
1.3957235837804625,0.2054154452021713,0
-0.36089039452858573,0.6844741239070908,1
1.7197167286303001,0.4393763622831445,0
2.7281015825806403,-0.32118010906459293,2
3.5922449778503376,-1.3101949088089042,2
-1.9092294518231483,1.4446178388471673,3
-3.376703674287692,0.6621684147483937,3
-0.6720125206268638,0.17682242314967,1
1.5310859487730084,-1.2413318362288037,0
-3.008880148690299,0.9194195313260056,3
-2.262049715559939,1.434551967661077,3
-1.2284702730440817,0.05778107798367384,4
-2.8310847372706385,0.8768687596863284,3
0.9232538710129286,1.5055213858565943,1
-3.06909273201391,0.7172549326719614,3
-1.1025378821146268,-1.6195729797123848,4
0.1955582441325497,0.014070379947732123,0
-1.4869142889936913,-0.3078808476284679,4
-0.11085120820527186,-1.630070554103372,4
-0.016388043941202454,-0.29216260782298203,4
-0.7003994974483234,-0.12647254348644682,4
-1.469707407040252,-0.7765364019088736,4
2.031123281032648,0.41079902809223623,0
-1.6309235048739887,1.9036806406330942,1
-1.725069968873179,-1.4935749064480686,4
-0.9967537975930674,1.6840968219888575,1
-0.45014467169508343,0.0354646416870711,1
-1.571214378891017,-0.29272087608796027,4
1.564338253895781,-0.615329946216995,0
1.7118828395114496,0.12498691993686713,0
2.8431603210147607,-0.40369149247985975,2
3.0859857078044786,-1.0471672739389528,2
4.100472800528896,1.1021528696771554,2
-0.6646292695981127,2.8919570816271474,1
-1.3854786632585376,1.329484657179436,1
2.4218991892254778,-0.7688882905813733,0
1.5557445790798667,-1.2956579916609903,0
2.288943159629057,1.292434845964599,2
-2.2111261367645594,-0.5029020511438592,3
1.0341544125320357,-1.2637158598552658,0
1.4542781178916393,-0.23185344999920995,0
-0.17580480825103165,0.6902437287676936,1
1.1663724891768241,-0.8484749812420208,0
-0.8967583881645192,-0.08643665921537982,4
1.3672917964582372,-1.3035125725768895,0
4.015780682466377,0.5947051195140756,2
-2.6988896377003626,1.0765587198558404,3
-1.523230904282825,-1.3182564197615156,4
-2.205372053339083,1.214767886483112,3
-1.9217716204752573,0.7723068106698987,3
-1.9511256443410743,-1.1790219482811124,4
-2.5731912905123075,-1.362554041372834,4
-1.635841144263179,-1.3338567988070156,4
-0.6726191585289371,1.4516974494636745,1
-0.053616773854663485,0.5594363742708017,1
0.9522717062565282,0.9262180403395823,0
-1.5880131923696426,-0.13425693447249606,4
-3.41852522939971,0.6061664847108358,3
3.495383562481924,-0.37641116977478317,2
-1.6207613314252007,-0.6730383562202195,4
-2.1995500725586563,0.804763071099347,3
1.7481052386807059,0.8379691617275274,0
0.5176061994945894,3.35116375494888,1
2.270520900831707,-1.2504236566554388,0
1.0173910013488325,0.6891114857638843,0
-2.047633510280629,1.7990177934385778,3
-3.327661245275731,0.9268775671318616,3
-0.6497201490010509,0.5505384612440769,1
-3.5334259407715396,-0.45656542978891723,3
-0.09335790696309035,-1.0951841972798748,4
1.9941579229218702,0.5877696366155597,2
0.34353025181801244,0.5311187189373089,1
-1.6431123932367946,0.6642273282727508,3
1.5782406133339846,-0.6568589672234423,0
-1.199707434085781,-1.6865517701109058,4
1.7214256448373886,-0.36548635686652686,0
2.8403942380863687,1.0767112029546604,2
-1.336729300451545,0.0111094951650791,4
-2.497642174208107,0.794907250790235,3
2.3810117215306748,-0.3437009586818515,0
1.6359754834521645,-1.258582262221388,0
-0.019940408610001514,0.13009773350629555,1
-0.8071611407204925,-0.46972749301235306,4
-1.9199515734708694,-0.9787912390461693,4
-2.347208536888173,-1.0859353399639,4
-0.8974085654750145,1.1098909956310654,1
-2.0883588887684184,0.5898387763821394,3
-0.7578468933131964,-1.1573529691737938,4
-1.3223322406802298,0.006461679698791523,4
-0.6118966734308379,-1.719606680161781,4
0.5280433168477711,-0.21768535204718503,0
0.1565628042638723,0.06380703325755964,1
-2.1444813777034875,1.1527474032678127,3
-0.5569202870408939,1.0636576761089875,1
1.008723524842545,1.1629298844938305,1
-2.7773897414474686,0.9194492079523131,3
-1.0665446513469081,-1.2410396456221455,4
-1.1211578160041757,1.3380746582240755,1
-1.6317785009985297,-1.437883312362502,4
1.1622168999775344,0.06556182405728912,0
1.721567100873471,-1.2801714039534613,0
2.551145382951192,0.1797159432945658,2
4.118594876076094,1.0405411156720827,2
-1.1047856376453076,1.42590275748432,1
-0.2698162122582175,-0.8332291938795323,4
-0.98444875116834,1.5702316930548208,1
-1.938971178086481,-2.0063361884094912,4
-3.9190831117423057,0.5073616069789708,3
-2.877778643796491,-1.3825116128976376,4
4.2620137864983025,2.2405376313227,2
1.6421905619262362,-0.5941453635885392,0
0.5878313447887112,-0.785677694635388,0
-0.16314353553346247,0.3539802098389488,1
-0.539748543575995,1.402705590664348,1
1.2463672505951795,-1.320856177194246,0
-1.3300825667358096,-0.18312425980632902,4
-0.39846620246916165,1.1720790755635326,1
-1.9710694840228753,1.1616033896963067,3
-0.7937043086133684,1.365074141917661,1
-3.116465249760432,-1.426894235510522,4
-0.34529762627993044,-0.3273096114872043,4
-2.7879423137285984,-1.4971621717126276,4
1.8094922968799383,-0.8787475260840963,0
1.823785231760023,-0.6061581506385155,0
-1.4968314276055406,1.641499518896755,1
-1.8661881481342164,-1.0315817140886507,4
1.8433775951694267,1.362516489945189,2
2.920097316326994,0.49006778920629956,2
0.300464830171696,0.3169182758859395,1
-1.6241160581315748,0.2199862362115345,3
1.7727310918507628,0.7612559212808037,0
1.1893255244731815,0.16978050509664605,0
1.4847763364815887,-0.9321608141172779,0
0.3969525648280432,0.3506322336703639,1
4.080145694298476,2.2985996020191966,2
-1.1866763061184575,-0.18987684165235322,4
-2.1778643542894773,0.09911195151928028,3
0.03403794378597661,2.066307562397263,1
-2.2714415680810034,-1.1679640034841996,4
-2.8949787484496055,0.7764158992672386,3
-3.1137239326972828,0.8443000642365696,3
-2.102452301124972,1.5190642696672731,3
-0.7263027051227592,-0.735061963107347,4
-2.000643911065786,-1.1302244251655544,4
-2.907397993423939,-0.24671840378165227,3
2.125352070627442,-1.0383244722699045,0
-0.3406431029379018,0.06092226879446393,1
-2.582442270471849,0.9261818873720424,3
-1.6052052817119655,-0.5078210904359286,4
-1.8637201991091352,0.11092745165980085,3
2.292533699831287,0.15471542353062467,2
-1.28652133880968,-0.15671094377919698,4
3.3995400405403275,-0.07926641042078245,2
-2.3632454527330657,1.2992255434862476,3
-0.9800746320263596,-1.355222932998073,4
1.6318768483231585,-0.32540111810055655,0
2.5357528082089953,0.14796694564320456,2
-0.9193856899574979,0.07380726318108778,4
3.5704881692368624,-0.8288229156685818,2
2.405027629334035,-0.5784917668789318,0
-0.8624103348148474,0.8534590583071918,1
0.19610500181490553,1.6894823764944356,1
-1.2965161420377986,1.1083543006316972,1
1.3987374151448135,0.24686686735220997,0
-2.740807251356033,-0.5227539134620768,3
2.061134104896952,-1.2497272012654634,0
-2.1673133708404344,-0.4747730612559503,3
-0.4351166644866101,0.5902509765452755,1
-0.7303665983174039,-1.1448788962633902,4
-2.466771243016385,-1.2078659207525337,4
-1.2487044341678644,3.774886704631503,1
2.0581375119699716,-1.305497973728695,0
-3.6631852488592247,0.6537940286462519,3
3.482649460421147,0.1467167447389669,2
0.5881186867972624,1.0811545373100078,1
1.3641313278604421,-0.7790076042054798,0
-0.007113604711025845,1.1304950581268087,1
-1.4114731188369138,-1.0973692646233757,4
1.234310486401927,-1.0903752220295257,0
0.4197308575305361,-0.7392772689646968,0
-2.66343369957123,-1.413311772001247,4
2.246442056450187,0.14424690239632254,2
0.5041572277723081,-1.3165895369081617,0
-1.0686613980671464,-1.6223309197328724,4
-1.384393292249878,0.029211629975155265,4
1.994207411525604,-0.1331173817494235,0
-0.9007652658719286,0.4785410776249708,1
-1.173721312281247,2.227052868859981,1
-1.3627305937424417,-0.9271818326954333,4
-0.88490078035952,-0.6158537708885952,4
-0.7486786233732999,-1.5289801841899533,4
1.4703933897426713,1.711646361024761,2
-1.5313383962263762,1.0000504305418423,1
-1.588235678650545,0.3354007206982343,3
-3.6127080641231326,0.672954403577991,3
-0.5241481800875671,1.5574962236743985,1
-1.4613002180584513,-0.1695036562108345,4
1.833430477489461,0.13439781038664267,0
-1.622956731236366,1.3142674326527355,1
1.7299312309847967,0.4339081242824421,0
-1.8924815117124354,1.1511435057501842,3
2.214364836823598,-0.29736746809069425,0
2.1289480693413187,-0.33685746782315706,0
0.27680177016585095,1.0603652727774746,1
3.688882763789381,0.10077832004992328,2
0.2982343354342115,-1.0750101718781988,0
-3.9697880956586085,0.3613524595639022,3
-2.8544670427090155,1.1381136876421294,3
-1.4215169206580862,0.27872605145042084,3
-4.065794411687682,0.29612821188436256,3
1.6516846156614595,0.3599565973589766,0
-0.7129606439947112,-1.5350039299029175,4
-0.7644183514224469,-1.3088974206995292,4
2.8468763977930998,-0.12280771206778451,2
-1.806974413982603,-0.5203228932682121,4
1.4330701145368763,-0.6421673458775096,0
3.90399075241844,0.34824460281700975,2
0.5119157464003012,-0.9294030765847916,0
-1.6066924820890842,2.1895365462736476,1
-0.5411844402477957,0.23921445824290283,1
2.850643505981343,0.6404482438778402,2
2.0366355632678905,-1.3207899782688997,0
-0.2820474807894803,-0.9001543767403555,4
1.5163253260614287,-0.6559653690515629,0
-1.1263753891577406,-0.5656655082361278,4
-2.265715919260382,0.9338342956660031,3
4.069656897220769,1.1126823458568953,2
-2.483461894705816,-1.6847349408853927,4
1.7204900507305037,0.17705372452437335,0
3.146328291166815,0.1450688789116369,2
1.933467577078263,-0.06221942798294444,0
0.5614816991185685,1.0215823070656458,1
-3.615240939667821,0.9131894013265933,3
-1.05574415146462,-1.008969457906265,4
-1.9147161484752246,0.7240219003948558,3
-0.31599628500403243,1.894833775944997,1
1.5749446436762125,-0.10419212490409308,0
3.685702235324063,-0.06025822956586099,2
-0.5129884973360819,-0.592021333993674,4
-3.481103640000956,-1.468760575831784,3
-0.5378043154902844,-0.38480797219146157,4
1.498527660482895,0.10890458927925263,0
-0.08347456339772422,-1.3251612224904554,4
-1.1673873318659456,-1.1294491456149063,4
-0.5157334160464186,-0.14835454210838983,4
-0.044901351019962704,0.6492697334041495,1
3.87647015105944,-0.07222186596111049,2
-3.1097370581265658,0.3252796167283885,3
-0.8639665889784803,-0.04154356336359985,4
1.7318703269869469,-1.2896204236218518,0
-1.101541501305429,-1.2558357304756735,4
0.3558404938501113,-1.4759147461112765,0
2.093754702039147,-0.8360482676068337,0
-1.5156250347629083,0.8994549604706825,1
1.483552500748708,-1.0699550280047876,0
0.7744000730012541,-1.568910293779102,0
-1.6516873632127007,-0.12936757528797413,4
-0.9950873778759228,-0.041629005833737076,4
1.8296538086041232,0.8736630030840223,2
-1.9017205384194547,-0.19119975628250133,3
-2.7045523771499327,-1.1102108113852707,4
1.425207869240025,0.44400223451217524,0
2.5838777947300957,-1.05353081879069,0
-0.7033096115983549,-0.9882552519484322,4
-0.7998905538649814,0.9939351808140191,1
-1.8948197486301008,0.6471522412467201,3
-1.0621799381038814,-1.3953358603317556,4
-0.6866404799035191,1.0464123048675424,1
-2.9858737240033375,-0.8340523174074053,3
-1.1753295917656021,0.01876530429094854,4
-0.6042152927237302,2.0460532474773685,1
-2.2091675316563553,1.0996426720035994,3
-0.7243408144167212,1.1970003606761792,1
-2.119771205648447,0.8314727421311517,3
-0.36455313070286255,-0.22363235079908947,4
-3.150914089662356,-1.4217262282604664,4
1.6568764075513567,0.8266787613649356,0
2.704170455913883,1.121569941607929,2
-0.07350086264362313,-1.2783212355611118,4
-2.0391604960179235,-0.904754794901352,4
1.7721550478436472,-0.3379944371696688,0
-1.5228005944725538,-1.494540602094229,4
-0.7602312569119846,2.3105608825098796,1
-1.993091192426678,0.3837087859122833,3
-2.364185401213857,-0.4064751234222415,3
1.5365861878257099,0.4041102042482264,0
1.8908714160604723,0.39203292408194035,0
0.02318326458553842,-0.8832364826109093,4
-1.548129210368108,-1.4050812992546882,4
-0.6646092882146444,-0.22056505135313645,4
-3.400523099146735,0.5457008633353627,3
-3.2808495577984496,-0.9930196421787258,3
3.415250579935017,-0.2754462651495957,2
1.3015992297967516,1.9166118734823465,1
3.8174512620029386,-0.32543009811401885,2
2.1354158817690703,-0.8982898343462691,0
-2.0257878861055536,-0.20201026932004137,3
-3.00678124090699,1.259043155244323,3
3.843708257476514,0.17009891031482083,2
3.942253993944225,0.3483910117252561,2
-4.0829399169312,0.39665714259433893,3
3.326054030333667,-1.0346685740932202,2
-2.320320641153192,-1.5838043714047985,4
-0.8078849979084076,0.6020342723556962,1
-0.3880269510085851,0.5387212162763019,1
-0.9394907360515581,-0.9436218245470136,4
-1.4858656211502996,-1.287369705908174,4
-3.2220661026547197,1.707832122163887,3
-0.42542682625099715,2.0122222932103995,1
2.5324834198052795,-1.072738792568043,0
-3.722130887106862,0.6549892301528838,3
-1.6668100310421239,-1.0441811622115513,4
-4.063562482628728,0.37637579293594897,3
-1.7595278545801587,1.9916342061331211,1
-0.4595693701653141,0.2053176579463445,1
-0.4819736240916992,0.13846620232401463,1
-2.6491828071531134,1.2910710448881273,3
-1.3151460500517467,-1.6431584061299127,4
1.8286853196720863,-0.07708702480777116,0
-1.0559959765672584,1.1349310209937575,1
2.2345258595235977,-0.7490194660463634,0
-0.7831020934687841,1.1140825395095233,1
-2.9856532002294687,0.4632369460753767,3
2.3019933963399986,2.3268764525380865,2
0.08201749877730335,2.926787679752194,1
-1.012973369844005,1.4285076091487214,1
3.567068717290746,2.7267937764737096,2
2.086989177972923,0.5882595694267643,2
2.9921542008015747,0.3405743154938992,2
-3.161212331543963,-0.4960186015995362,3
-0.3743817521550482,-1.5140342592439007,4
0.6058389841453566,-0.6021043936079408,0
-1.5920743732980758,0.9572527934325581,3
3.647005039983693,-0.41687728162920695,2
-3.202716116695215,0.9622682585194768,3
0.3860127837887408,1.111820212302061,1
-1.2615362876837484,0.19231809872251004,4
-1.2119240173885202,-1.356305193228947,4
0.970130443696876,-0.26483160587597415,0
-1.065171201046286,0.028054405814205055,4
1.5467976419089091,-0.11160615059091,0
0.3441481932544125,-0.04289828350962732,0
-0.3040422674214909,-0.5167710523228896,4
1.541318658193417,-0.7976781842723107,0
-1.6796387505458432,-0.881885153763931,4
-2.0278045922132413,0.7080667589212732,3
-0.6485504818949566,1.9645921029136737,1
-2.392989191395995,0.6545879766337519,3
3.0676793242202804,0.9503960970049197,2
-4.14306691143528,0.2470187477061529,3
1.7598781275471966,0.6601022450399952,0
3.535564153427168,-0.5937598981938215,2
-1.2089366058688458,-0.11204162315291011,4
-0.9951073264891528,2.6945542659377586,1
1.708265054883352,-0.3872120292782566,0
-0.1439534448582011,0.30629704329783686,1
2.445929813704115,0.41833128526831553,2
3.8982473157868758,0.0884735518087268,2
2.203319382593568,-0.32741581831055083,0
2.322531923872018,-1.3243143991035558,0
-1.3631335533853564,0.08641136110725024,4
1.9022040089279049,0.10883755852481304,0
-1.120754970195112,0.780224128192077,1
2.9312423553922207,0.377698531757115,2
-2.1258698875682684,-0.14863235096707308,3
1.3307630394907408,0.1750589384726745,0
-3.1952619705238883,-1.043729348956293,3
2.0747399796185837,1.2977540349934797,2
0.06365195549799171,-1.2897326622757992,4
-0.2655750552976516,-1.43290135289234,4
1.8886351962106371,0.08433591176566708,0
1.7431004325797215,0.14849612924054062,0
-1.703295176967429,1.6621439963294566,1
-2.3600935861694627,-1.2801668593351199,4
1.7344078915107024,0.18250877545898053,0
-1.2839768933349047,-1.3589554937686534,4
2.812781555122603,-0.0024934825992535825,2
0.5742448574404913,-0.13243762318950342,0
-1.3647118677950292,-0.2729694406396576,4
0.5018525088693712,0.425186733558515,0
2.5095952892659183,-1.1038535382691776,0
2.541044245658195,-0.5356840029030344,0
0.3489166456245044,2.4450789724118,1
1.6805709506417694,0.44521321334893715,0
1.468051624689478,-1.322399727250083,0
0.028471122969195115,1.5602377851244935,1
-0.5963729531653031,-0.7709066253843404,4
-0.8018989666360016,2.289045355903018,1
-0.4334473729191336,-1.493440209372768,4
1.5224889191902697,-0.3059362458032858,0
3.8609070328742163,0.12657352659515952,2
-0.9855077632852278,-0.8702064015736304,4
-0.6461228790042132,0.7871860523232225,1
-2.5423336843884305,0.9632631494765371,3
-2.891504229401029,0.26464451916748016,3
-0.8916009764433974,4.616867700396523,1
-0.2597385758704407,-1.4653779089104195,4
-1.181987116501727,-0.9084779975572048,4
3.803770830017192,0.08573246066234493,2
-3.326743414722243,1.1141654911414363,3
-2.3295189951460515,0.877877475470087,3
-1.8757254984800256,0.13094515529101597,3
-0.41265229718407614,0.46694582470844814,1
3.666103577496476,0.6613855356930899,2
2.9872772045545983,0.2145559826587855,2
3.6684378357964174,-0.7958879734085934,2
3.534641220203543,0.17900688853350077,2
-0.6707541582159333,-1.4913418273834063,4
-1.3915958738843124,-0.9141773745968951,4
2.1760898582197363,-0.5804382363673225,0
-0.9982324396550377,-0.026204109862730363,4
3.36726156134225,-0.7547873208317941,2
-0.5406367112840355,1.1456644610692557,1
3.4959682558238376,-0.31245246604608556,2
3.919763006682179,0.4168701354036828,2
2.353752258173994,-1.326439287721856,0
-1.5064048549601885,-0.8327194722075055,4
1.5446678487898151,-0.35605434509428785,0
2.1126367416639162,0.22625867390754956,0
-4.4509188718324415,1.3038782909599944,3
-1.4466719222519075,-1.4838135358666125,4
1.7538216381436311,-0.20950773417471247,0
1.488719213925235,-1.320312768218724,0
1.558378374623319,0.9902313587885108,0
-1.9981715926165748,0.5066875174539716,3
-3.3422938410897065,0.7007798902399359,3
1.6440618072071804,-0.3066657804687001,0
-0.3986858570797551,1.1128096792527216,1
2.743381820037865,0.6190722321624601,2
-1.4453475267458498,-1.6674991474144745,4
-1.0175254293044902,-0.953926722990579,4
-2.6325036408880647,0.9107641454427768,3
2.9207052950476107,-0.9987077140289045,2
-1.4864044314925857,-0.06522532637189005,4
-1.9852638222903727,0.18823462800115015,3
-0.40851384923907197,-0.9497235744910932,4
1.6324088857528822,-0.38325320249456124,0
-2.500107034806073,-1.3722654999439232,4
1.7923389772158485,0.4121927571869908,0
0.3197991867868064,0.8226033950243993,1
-1.5708385855320577,2.2089485024125985,1
-0.5977357492302343,0.6670185946183957,1
-0.5238839088929816,-0.5735023162796532,4
2.7362295051917735,-1.2790323225398363,0
3.3777726094304237,0.6187703525879789,2
1.673815977609478,-0.2947238757370413,0
-0.7449065337661689,-0.14752353093277132,4
1.006016313309362,1.1260221173848564,1
0.04170036566245594,-0.6387668607007315,4
-1.8459363358463208,-1.2624397343243,4
-0.6941115591942284,-1.407715716810713,4
2.4307787776108163,-1.3272086939422754,0
3.5373671804531344,-0.3716269851155678,2
1.2626184758652674,0.1427946587506424,0
1.9920039115721155,-0.3606272791357327,0
-0.0061131032720301015,1.6147118430267617,1
-1.895758418921788,-0.8779100579336913,4
0.3972697088386168,1.983360489466536,1
-0.9345680822524636,0.548517193714817,1
3.6113731892242713,0.08551919968831746,2
1.8932096041041826,0.36160750379358575,0
2.7334212139356273,-1.1080290571505689,0
1.2586210951985346,-1.088765917884343,0
0.9803788078835403,-1.4818988383360747,0
3.8863063410301826,0.6560059890034773,2
-0.7426868114747499,-0.8148759665854904,4
1.6495369242987912,0.19760079393829638,0
-0.26159922168610905,-1.303521438220091,4
1.7361047321137157,-0.6357522992526498,0
3.3521978198985156,0.6615964489725018,2
1.9751328122016083,0.13798289348944975,0
-1.3747228890126864,-1.2954121717469151,4
1.7311036791937786,-1.3532137049209048,0
1.592208644308546,0.1169110721413515,0
1.7093373902499436,1.1276208110664723,2
-3.3613820153294567,0.8364458321875471,3
-2.1051140995294233,0.024491876036401086,3
-3.9594019231965474,-1.335725034503904,3
3.6114902766939267,0.09757454969146757,2
2.9500716740013186,1.5604029844373566,2
-0.8985695497159499,1.138334670643557,1
3.4779143009808995,0.19601211390040463,2
-1.105776445239079,-1.1072646555234456,4
0.5700759992214488,0.45424896791015223,0
-1.373852513899142,1.5795364484624592,1
-2.630132784083133,0.8738661388648727,3
-1.6139294062674714,1.6568161852033072,1
-1.0857889690743345,-0.7596398005276414,4
0.06208279401984322,-1.0559495093174782,4
-1.5660319855656681,-0.24441888694185232,4
1.1526469511739617,-1.4632076509604264,0
-0.9512042424372809,1.5235001521495852,1
2.1139190686143934,0.6320279044509466,2
-0.14953689715478752,-0.15281960437284905,4
-1.1479088094816756,0.48681149963652715,1
2.225434139668427,3.3678671678533787,2
-0.4570828269523477,1.2626074631194149,1
1.8756207930734978,0.6429301582293866,0
-1.5484219247699582,0.19908588191361964,3
-0.13174025089446328,1.3803878800464555,1
-2.1200404177670706,-1.370638844699665,4
-2.872156773023702,-1.378747234282425,4
-1.6230574210820632,0.675539777510523,3
-1.4996310576559606,1.7081898989232391,1
0.40746848379705203,-1.0071589324676777,0
-1.5820473685545338,-1.9568272446006083,4
1.5459136636638817,-0.7708832883178773,0
-0.3489223773923442,2.4860088938032314,1
-0.49843481275328094,-1.1534210450782172,4
0.9602142341795149,2.0039289145859462,1
3.92604535906248,-0.3308716714073704,2
-1.7426637498406456,0.45320077384413215,3
-0.8868135396915956,3.049988646899364,1
3.1921790243050103,-0.052951488868592106,2
-1.742666218110078,1.8428555768203159,1
-1.1929939313888576,-0.16129564766649893,4
-2.0315001355223825,1.1005935514272085,3
-1.833728517900267,2.1617439249703816,1
-0.988030473566295,-1.377113682006895,4
-1.1514007705620055,-1.5513696790954201,4
0.6723566620504131,1.173147699969588,1
-1.671309453472458,-1.0449022774565841,4
-1.8716603800667755,-0.7896756803173905,4
1.8985314977936407,-0.39354617856139734,0
2.0233393141620506,0.17046103125537015,0
-0.8822709436231108,-1.291391369474504,4
-0.8501658706128385,-1.068049615746551,4
4.087807439570093,0.8865542098060288,2
3.625955587847753,-0.8649299441529209,2
1.2252279656000973,-0.35213954495536065,0
1.4333894955897364,-1.293341625563352,0
-1.2277737427600262,0.1938455812680776,4
1.6920841575887395,0.43346535155571453,0
0.6080654905489892,1.0459871717032505,1
2.5337113802585223,-0.8486273861982063,0
2.552212327559582,0.10641288160397867,2
1.826368789300243,-0.8152963534075158,0
-1.421868190824557,2.8601711338231737,1
-0.012074474812787797,0.6766827295117177,1
-1.165212682903894,-1.5619271886975608,4
1.5859341263946751,1.6381725603662285,2
-1.044835597015618,-0.9113102708496078,4
-2.034983560195376,-1.2162322555093041,4
-1.942040244059372,1.3900938612458456,3
-0.6834279386409859,-1.4092020074348375,4
1.9247993536725854,0.12845295189591072,0
1.4014406012611227,-1.290741027234041,0
2.6335968724385705,-0.7300145208779257,0
-1.9858083916229499,-0.08146840611098591,3
-0.6948095841807849,-1.164184081688608,4
1.2598170533294641,-0.619214995406014,0
-0.06596275522761438,-1.3225058048801108,4
-0.625672947063501,1.870798798122714,1
-1.1490347219863974,0.21116132657411874,1
-0.588543628907327,0.1681212214684329,1
2.17159311766702,-0.2796466490763354,0
3.452349855258928,-0.5407185347298279,2
0.08429112339886208,-0.46888005434388946,4
-2.173742455090368,1.1540398904033164,3
1.5984188085349338,0.189973479679917,0
-0.45325634219341215,-1.6480468716944434,4
-3.4631203991218764,0.7497297525594424,3
-1.9834593682908717,0.16165656298180714,3
1.7431691022914342,0.42266878498960525,0
1.1045884822739387,0.22200105545098592,0
-2.66727246541271,-0.5746896130531219,3
-1.399978407500171,0.038941967638618166,4
-1.0616347364346472,-0.8580660464927051,4
-1.7698827263466672,1.3805369409090154,3
2.0060973193686977,0.09888820482662526,0
-1.3653746594783829,-0.7121307298540956,4
-1.9551448496276989,0.11863996530310351,3
0.01740250053611081,-1.6203502136809715,4
1.854405669603257,0.8229522068898792,2
-1.224378313048302,-1.308890770329561,4
-0.8977729379127813,2.003620505003426,1
2.0280238174641823,-0.3120795128099781,0
-0.3845315541283745,-1.489562886300165,4
-0.3871026400059374,1.3248907812404778,1
-0.7777751816229368,-1.2134708583562646,4
1.1037997426270287,-0.6612104154390219,0
-1.8128644972227896,0.9836027823659159,3
-3.5165371400654535,0.9019991935588012,3
1.8329356869313225,-0.9652824355570713,0
-1.5977837010544138,0.656419094354561,3
-0.48707987139952846,1.3339955169157056,1
1.3459254326704555,-0.6441925798325531,0
1.3252264157813296,-0.6632960800235986,0
-3.794623298199115,-1.8787526170270303,4
0.23950957598118705,-1.0885118022577784,4
-0.8009821600919323,-0.16296232378948383,4
-1.8695789091333384,0.45817952994179145,3
-0.059655450310144215,-0.21890995819214262,4
-1.8378025905929531,-0.7393223202642784,4
0.259295501286142,-0.5826810649735309,0
-2.377368172972887,-0.7803832699405386,4
-2.4277093486906582,0.7275403758731573,3
-0.24335570973424234,0.6246312151771374,1
-1.852412706959135,0.25132855197037673,3
-0.9300992662342042,0.21743488119662868,1
3.507245021297066,-0.36829903779238055,2
1.3698437413954696,-1.049574687556507,0
-0.4323294090326666,1.048103035831093,1
-0.16310181770481694,-0.024240004939953402,1
-0.8640573256995512,1.1495727488456586,1
0.06037982531893737,-0.05605213160270469,1
1.924310430225443,0.21608125717508625,0
0.6823001462380456,1.9549727174792166,1
-2.9276344890147072,0.7326110657818355,3
1.183938011904006,2.0007501524740374,1
-2.098995523323175,-1.8343667780319832,4
-1.8221755744254178,-1.5673214181884976,4
1.6767891142145626,-0.3888979935184551,0
-2.1196722072898266,0.7086088375894404,3
-0.47722003234155463,-1.314352777093743,4
1.5624610600053064,1.7914434735347193,2
-1.1240636910071762,-1.7584962619834972,4
-1.9930245503413213,1.8555759379183308,3
-1.218419254479329,-1.2654299352234841,4
-2.6463307818674253,-1.3698871844212777,4
-2.209851891214923,-1.1215748979063758,4
2.313938573841469,0.1090911712835876,2
-1.2373980475635937,-1.4290245763427876,4
2.5649401249968653,1.820893847465824,2
-1.8080727288402476,0.5645666994337257,3
2.735901067402291,0.8267664821525873,2
-2.139295835953742,1.9311168568341937,3
-1.656097364758086,1.5493852683192284,1
-0.3191113923991914,2.232500189549014,1
1.8936224410724574,0.14054383866000048,0
3.3601395949220874,0.2081119746530573,2
-0.5480286901401406,0.11001419514802065,1
1.3281683627204852,0.18237484478327648,0
-2.0729288244359547,-1.5023071777003645,4
1.245711857244497,-0.4098861127071238,0
-1.436980025834307,0.7679021937135913,1
3.728270746958416,1.0623903213382946,2
-1.4645537652888143,1.5049391013947866,1
-0.9898685735786252,-1.2256464123743769,4
1.822702754173734,-0.32844856878534284,0
-2.0468194825789245,-2.0113678001200217,4
1.6978423537771499,-1.0464682380540957,0
-0.450719548546745,-0.006284015995855208,4
1.4479449710435914,-0.045283331095700374,0
-1.224282794392514,-1.3533278228490118,4
3.6686741363429523,0.14449035971989937,2
1.5597885944368495,-0.12874270090057527,0
-0.9727038030108961,3.4811392845361837,1
-1.3301111863454749,-0.7827046784124073,4
-3.5234661964517113,-1.5281016293705376,3
1.6961726167033995,-0.054609213581191474,0
-0.9231823692742005,-0.8667492822263462,4
-0.1814420800019834,-0.6467529340788128,4
-1.3401038340607774,-0.9854296179467947,4
-0.9954126775625312,0.683501285400439,1
2.2764383201922924,2.5000827357980246,2
-0.5857501655984029,-1.4941885568437265,4
-0.7779809868814368,-1.5965378260647505,4
-2.238159289492288,0.16067580620611782,3
0.7918128634812623,-0.23149347845041826,0
-0.8858598498952179,-1.3986238736566476,4
-0.9607230663363766,-1.0663190416038755,4
-0.40949027006856187,4.2230369716821246,1
4.0342150915048585,0.8707523439607086,2
2.022219862944865,-0.7616707028277362,0
-0.6783414967548583,0.42001014942446013,1
1.8410578455004245,-1.261899226460487,0
0.7163916757313707,-0.000515342365179805,0
-1.1118553402981686,-1.7684092381413719,4
-2.9860045805271813,-1.443379622442968,4
2.4043968214377807,1.6361417829048372,2
2.204207801356479,0.8328593174231474,2
1.7082745423659103,-1.0625890283356403,0
2.8198324077072128,1.080426830698486,2
2.4100030614748507,0.19158239833107632,2
1.9034464492625387,-0.40011087453460287,0
-0.10416394914969787,-0.0015509653979407512,1
-2.073691268224306,-0.5925373025210903,4
2.04952544813873,1.768932616540198,2
-1.033900240274351,-1.1416513443688536,4
-1.0768438302494714,-1.0196284787944552,4
-1.4101989996261564,-0.0293428369907765,4
0.8785224180951496,0.1731427808499471,0
2.331897165740659,-1.3001729294740423,0
-1.4055506499488695,-1.3509260851433484,4
1.4820574844593921,-1.262497636298244,0
1.2729075105417167,-1.2969558743907033,0
3.8544357562037543,-0.3952714431180652,2
3.0114602322926327,0.8534476038526738,2
2.962258051955092,-0.8038970191826688,2
-0.6065028326351312,1.8849905229032973,1
-0.8120021149354174,-1.0456306681252916,4
1.5800037620845844,-1.3312771865845212,0
-2.073643132612585,1.4494215466689613,3
-3.1578399762469314,-1.4566912535230903,4
-3.028956390539076,-0.05082541039714547,3
3.139649556332348,-0.7796880647223471,2
-0.6082682514935192,1.827886609304618,1
0.5149012009708259,-0.9558191877699774,0
-1.9642172638841864,-1.7907851542747812,4
2.300918722857433,0.19022281608523378,2
-1.7704937687342064,0.9159462675486638,3
-0.8056458751928337,-1.6945997043741454,4
-0.9598104629075002,0.8437243939228697,1
-1.258859786959278,1.8803344119231167,1
2.741892737066248,-1.3618383785444927,0
-2.433890046479373,1.0572654102278047,3
3.7134290171292803,0.15680126874376432,2
4.099527029562061,1.1064887512400268,2
2.0800782829466846,0.10420781642143608,0
-2.281348849525163,-1.213127942306461,4
0.8460225368549457,-1.1620439510606417,0
-0.9531869963492481,0.44143188395669897,1
-2.065791969261353,-0.17570223622969838,3
2.0371551132499697,0.5933188067759063,2
-1.2564756288894272,-0.6584301142708534,4
3.7316758818881848,0.39975815202651066,2
-2.396020235131077,0.18850886018755786,3
-0.24128424128681822,-0.46208129661015857,4
1.77319884205527,0.5850539688085021,0
-0.9424899598137984,0.21990517240633423,1
-2.9603921148882,0.8326994158776874,3
1.4236844525877077,-0.3065072575237504,0
-0.06484434121486143,1.4555985134418161,1
3.367168242822574,0.6838557561068586,2
-2.332889477518553,0.7196307880784131,3
-0.632944606455468,-0.5614625277531055,4
-3.690883101514458,0.8904140061661552,3
0.03463455015070941,1.7359581499651071,1
3.4257169003854666,0.36643281385861864,2
-1.3450936567838963,0.492297564443965,1
3.6723682785813994,1.0777325049812367,2
1.4293250348152633,-1.0025422167128284,0
-0.7410421590517298,-0.145973514634773,4
-0.4291700893014271,0.9248623311266586,1
1.8466909758337717,0.1994384049097394,0
-2.2310695441745803,-0.8978381263080374,4
-0.772332454125053,0.007037924246277971,4
-1.320688224164819,-1.6128387952602457,4
1.782141813926446,-0.20432624236560418,0
0.9309970711329304,1.098963077199407,1
-1.4395738655348782,0.7474628065588182,1
-1.5568029569398634,-0.6041636157798269,4
-0.6606408459609081,-0.6400477949851152,4
-1.0343647320509404,0.42584754732992824,1
1.850508036067293,0.14582645398959748,0
-1.7288917096733163,-1.3747592723122652,4
-2.3835997264166706,-1.1236820367823357,4
-1.3352761889262796,2.1038538017386594,1
1.6339643149121583,-0.09927695345047616,0
-1.117273320959625,0.25500113133026725,1
1.284005913195313,0.1781289103348962,0
-2.496454071092122,0.41873817650793244,3
1.8812786214063069,0.08752507908544606,0
3.0636308205234983,-0.749451923638026,2
-2.14552208172199,-1.6243976322211982,4
3.3417407523308675,0.1201702796087772,2
-1.6420852154072914,0.29289065222057026,3
-1.888329387135588,-0.9519525119626928,4
-1.8687939383205847,-1.7364065892138665,4
-2.116981794754765,-1.4999685238430227,4
-2.461290841751,-1.1752881854083126,4
-0.7782138314861091,-1.6481652093697794,4
2.1335374356753234,-0.4225167278526903,0
-1.0939155704579453,0.09151477234668316,4
0.02133098328870349,-0.20069607480014617,4
-0.2936108289315533,0.691441344538561,1
-0.06158848932403699,0.7781214859166865,1
-1.5915355188141347,0.7049576953034912,3
0.15902244075625527,-0.8800851601004672,4
-1.6846680578650546,-1.0555427037074046,4
-2.320766864012027,1.685784902466417,3
-2.6778726643773405,1.751656483263404,3
-1.690562222307123,0.9635480862000756,3
-1.7499665215905513,-0.7682281178966027,4
-1.2856076914915713,0.05023639780132512,4
-1.1649856974027764,-0.543583945036996,4
0.2602094186087546,1.0506713521986821,1
-1.8894602634068878,0.08756497052487218,3
1.7226238018755617,-1.300826804404685,0
-1.4676928535273084,-0.0418337032877677,4
0.8493169394101833,-0.1315553565075982,0
1.9314949247735995,1.5951457874617936,2
-0.7785589189058931,-1.0825205492871055,4
-0.9281147921529287,0.007854339261690158,4
-0.34408420019075214,1.3201942294316829,1
-0.7062414100336042,-0.3037552084133548,4
-2.711159387640254,1.3740561278723695,3
-2.601565892965172,-1.3363405564128232,4
-1.7669871225760891,-1.12806193408759,4
0.15823956966736843,1.4383926076728657,1
1.782703221474403,1.1453958013734056,2
-0.9540019675605609,1.516804151041386,1
-1.3311337273386266,4.139565342772375,1
3.638556058349845,0.6488370520062016,2
-1.1482102991529508,-0.4571266562133002,4
-0.5588389185289083,0.6233938472979306,1
1.140792428811799,-0.05455925925100433,0
-2.390653450833322,-1.5795862643641758,4
2.771266798204966,1.579894957027041,2
2.088374665912008,0.20424570631193295,0
3.66510681850142,-0.7839641046422914,2
0.7049701551542416,2.9318258119931326,1
-2.8576004218268167,-1.4931464200934343,4
-0.6948384332531905,-1.2073716732350956,4
-0.12236619722200848,0.9740245577085194,1
-1.3574203972653123,-0.8649169106069081,4
-1.1332678902151665,-0.25754887661594766,4
-0.3272501906269395,0.5865225139459769,1
-2.48528921693571,1.3797754886604747,3
-0.2557411343484146,-1.0475110158988956,4
-3.636696914328785,0.34463962656147723,3
-0.5092098602064342,-1.289865014950061,4
-1.2464594080034181,-1.2665865005155594,4
-1.7559179627194956,-1.351605496112152,4
-1.2908924444253738,-1.321450532076579,4
1.6470299433419084,0.4322018066876503,0
1.5870660039170188,0.31489106904937664,0
-1.009653070884685,1.1753689117389547,1
-0.9254679394689367,-1.3500928417178735,4
-1.8720154035800551,1.1617561362443622,3
1.3577006821497604,-0.18988092944303137,0
-1.0862934621186715,0.6185182428708642,1
-0.7638294979751623,1.9469181020504207,1
0.7078134655449517,0.49657363666436405,0
-1.8750402053106414,-1.3302841205170253,4
-1.8954294502896596,0.8034368930338724,3
-0.44884698783717125,1.7312924449328384,1
-1.2295137891185617,1.455715318277475,1
-0.7500550761789427,2.0200119762285005,1
-0.49753714456816556,-1.235360217440634,4
-3.013939731070753,-1.8140732119968697,4
-1.821010337936346,1.2835299728435614,3
1.0748912135207467,-0.859818040017381,0
-1.1547778893750493,-1.0672858476801337,4
0.4109050422866274,0.8786726723436057,1
1.9607003667817944,-1.2914084638058683,0
-1.3446070151381229,1.8895794449223717,1
-1.6986202488985045,0.9857523242500659,3
-1.5429223399136571,1.0030866505869143,1
-2.5114592102823616,0.6976358170145309,3
1.9448607871352215,-1.2599220293251145,0
-2.1897263483294176,-1.8806346675958188,4
-2.681870288446917,0.36217590793946114,3
-0.26977803430071223,-0.21324698124113328,4
-2.8441001966201482,-1.1248072630444403,4
-2.2916442282617764,-0.29575662486167914,3
-0.4654053616435143,-0.21684608412149936,4
-1.473706034129644,-1.4313503469810216,4
-0.32930283695287643,1.0455103859800565,1
3.4902229395245867,0.11148893683968693,2
1.6015629259534139,-0.1834866892420416,0
-1.3556355172183163,-0.9701514991802297,4
1.6942287670194038,0.30012837546192145,0
-0.9973303569058465,-0.9291829484838345,4
0.6725042562811934,-1.2489952300147504,0
0.4617977920730707,0.5360095131999777,1
1.0258011881260998,0.8868147922404501,0
-1.441814512697371,0.6953672555255208,1
0.5497083768424544,1.296270257813103,1
3.6157793963312197,0.17870034163526688,2
-0.8582916333133911,-1.4834629397047543,4
-0.8123316858419427,0.16131005582716768,1
2.791368489951973,-0.7919474020549554,2
-1.428084677188884,0.13727989358778098,3
0.4699153017022477,1.0463019118669028,1
1.323021336660143,-0.3405726713667279,0
-1.64459364305777,0.44852563774672005,3
-0.7181637574418409,-0.8757370093354828,4
-4.314856473478913,0.7103989906550094,3
1.7131525186274128,0.8548736970065168,0
-1.2126008993590123,0.2781869103075354,1
-0.5882696872863484,0.6513804338034794,1
-2.0550596176744618,-1.847377265999582,4
3.7432541315814376,-0.31357601733435586,2
-0.3057186080254918,-1.1528840100153805,4
-2.886544518770961,-1.2084024477487978,4
-1.6103383118491377,0.599535998388502,3
-0.1322236740280604,-0.19464937678779856,4
2.193268449912431,-1.2883915858444432,0
-1.9510703238776859,-1.2494775869707495,4
-0.505098327061563,1.1545911081170128,1
-2.9882623916589113,0.9406528832022072,3
1.3207737850549242,-1.3046945334564912,0
0.34656868849364864,-0.4551357115191231,0
-0.6255979615938879,-1.2127738787244433,4
3.406822894359624,-0.3427914323318825,2
1.6083329802795605,-1.0260342585451208,0
-1.7653077431656217,-1.5032024672933495,4
-0.4981704952712741,0.5736364847023111,1
-2.1075016507844566,-0.6541891497716298,4
1.1789982734256617,-0.7491719572039527,0
-1.181502580290968,0.9338420055355388,1
1.6281671980171273,-0.8653039217136768,0
1.8165430699154228,0.16791437650599456,0
1.4678174251616438,-1.045194634152857,0
-3.141794651792476,-1.6753268194940452,4
-2.284502176845499,0.9266489398443849,3
-1.8823170346331217,0.6981428126479798,3
-0.8635500429633308,-0.799718936583474,4
3.49922724970445,-1.2743959065086319,2
1.966963126769987,1.044057314350352,2
1.6248540307433321,-1.3399521824722027,0
-1.5581872174875808,0.7241508070111123,3
3.657710605405647,0.13170359465236103,2
-1.421462941376682,-1.3069035375191298,4
-3.2648313694590434,0.97932933643852,3
2.874741779027437,-0.06757651423438074,2
-1.1510093931056444,-1.4377382348446834,4
-1.6751553664960113,-0.9076446598060555,4
-1.2082906750465525,-1.083978682266066,4
-0.2624365764588372,-1.1818728327658423,4
2.2280477048136462,0.44153765088649,2
3.5117519312452172,-1.2671621547834713,2
-0.9109400193147066,1.2567776074897472,1
0.9045257027390143,1.9250269527329769,1
-0.6656220164678395,-1.6212106508466104,4
-0.9469900683892873,-0.7080734991413958,4
-2.565071074504848,-0.3015504151655153,3
-1.145071503045063,0.07750532241054649,4
-1.6837510929952515,-1.675165949228753,4
-2.6958872307936947,-1.0647009922424122,4
-2.675224049639565,1.4959227164854314,3
-0.9397543711850445,0.4702147215877057,1
4.031375056413243,0.8596645303736844,2
-0.9645408764600101,-1.6628816300696678,4
1.718295332589211,0.12287072077059337,0
-1.7761164002087797,-0.14842925955715983,3
-0.6122328797001634,0.6285372574671406,1
-2.5862889203472843,1.2505729278836704,3
1.8077703430163186,0.5858822626048801,0
-2.3472370158278277,-1.3015615146077857,4
0.3746446863730575,-0.4444757733928482,0
0.8432937315432977,-0.02127751129993838,0
-0.9504910288483697,1.9678470307947897,1
1.753063659054842,-1.3204134908931089,0
0.9901170563559243,2.260153940555781,1
-1.351509175531282,0.9371447393795367,1
-1.5945836616771387,-0.6007137156054827,4
1.0258827479479522,-0.0950804552485811,0
-0.337606799678147,0.008222886712335523,1
0.8884021517203787,0.146655921718929,0
1.6995283924352056,-1.2862296586000992,0
1.8049545567776748,0.29305259635879466,0
-2.884849477052184,0.9999995631488225,3
1.8233750467526242,-0.8166451980757565,0
-2.653366104463949,-0.9979971328704926,4
-1.016843655577629,0.9928729579381979,1
1.9146219026272224,0.5812782303815219,0
1.570073144658432,-0.3811548780186197,0
1.542087705338562,-0.1259479772913406,0
-0.8763751745008258,1.7089213300274857,1
-2.84469881917232,1.0649216080776123,3
-0.6240409279947963,-1.198261716725474,4
2.0693284252110193,0.8238880459455868,2
-1.5853228015670682,0.6868331857801829,3
-1.8084547828241564,0.6736723793043473,3
-0.6904454722943696,-0.041213368549269574,4
-1.6674582202591512,-0.09170031064792108,3
-0.9280666731379283,0.20309819565593173,1
1.3030292138005017,0.7754624723324638,0
0.40068712084222446,-1.3072891593323868,0
2.5834634201652587,-0.04289817750262637,2
-0.8971524163311159,0.8988629624912714,1
2.152625190225829,-0.45122777756783217,0
-0.3506143673829182,0.1449124946452161,1
1.525747084212255,-0.6411665087685537,0
1.6912429306735237,-0.3806292999030698,0
-0.6603825906305286,-1.5035006320461892,4
-0.2051929735253453,-0.20167125712507217,4
-1.407508166802376,-1.644869940498215,4
1.698929992900958,0.4194090398707504,0
-0.7423755485689897,-1.4714500273993014,4
-0.76109358794512,-1.1351775946971003,4
1.4143383710119373,-1.0386446030604892,0
1.5436149187772326,-1.0116626456596638,0
2.59754771433654,0.6179593042679448,2
1.568999229820773,-1.245761686989248,0
1.997469640306626,0.14009590202027788,0
0.9453176258881475,1.7634419812701614,1
1.258873970499898,-0.9867767137582946,0
1.579613019116315,-1.0911600496530631,0
-1.6964023277001905,-1.3756312607212955,4
-1.2377080541398184,-0.5757972932082263,4
2.458022615609458,-0.09054600509634325,2
-2.536876022327682,-0.39798276947857963,3
-0.8619482019046616,1.1347277927486077,1
1.8205096430875376,-0.31707438781048713,0
-0.7951921547119467,1.123789350031126,1
1.3402825648147287,-1.3061180505392842,0
2.505654501053942,-0.2895233114534969,2
-0.3305886290669231,1.4865038808481812,1
-3.917005769961982,0.3456523152307514,3
-1.0267282276296223,0.17193440582758668,1
-0.3272720547365744,-1.5944061244945282,4
-0.3391342482693632,-1.590501269808623,4
-0.9356571509162346,-0.9049186592137877,4
-0.5083165387181106,-0.9547777840514028,4
0.5248065731267741,-0.804260739093929,0
-1.3083886585632387,-1.5028549542261487,4
-1.7311040710162557,1.6161167723587742,1
2.923585257582248,0.1651783322325876,2
-0.9015241851900647,1.4662134283672021,1
0.3778816758395148,-0.6368185894583562,0
3.298572109733389,1.980549116864431,2
-1.231787881336374,0.8790646075287835,1
-1.2498916314436603,-0.5413975779497442,4
-0.8168691810092227,0.6541185428049071,1
2.449160781893279,-1.3442486820766992,0
-1.9881097842594884,-1.5142303985135803,4
-2.460457956844022,-0.9203333965878484,4
2.8405961097951957,0.4572614003382742,2
0.8921338081242496,0.9250271568190866,0
-1.7740581931826065,1.1690957088019525,3
-2.12527191384689,-0.20571163767996178,3
-1.0400171260956483,1.985939295240804,1
-1.3000532551521267,-1.1716703107744013,4
1.5665667675996422,0.39421944683306975,0
-0.5377785094114498,2.1485371391946138,1
0.7625601988461601,1.282757185293936,1
-1.223211042924508,-1.4955907024912776,4
-1.639885502733727,-1.4791565406170877,4
-0.29262997571286076,-0.09409444421796032,4
-0.7949092123384628,-1.373848664556751,4
-2.8874955006193086,0.38576911190042773,3
-0.2432698781566461,0.2723334695754335,1
0.3866732104199505,-1.028423842594746,0
-0.9742601382428375,-0.14092456292331776,4
-0.5735446325439997,-1.5650332548021009,4
-1.9777027447898032,-0.1111810271053891,3
3.0299859621306413,0.32695225066969413,2
1.3870662649618848,-0.8342610680399594,0
0.06667878344633713,1.1443660206112747,1
-0.6270925179271499,0.47071381825294434,1
-0.2040359535693406,-1.2452973283248412,4
2.9990350647436688,0.06151910940584156,2
-2.3111560889607086,-1.7943837725953797,4
1.5253587931363273,-1.3398416672344542,0
-2.4295361705608407,-1.3006712539115386,4
-1.1200551242566854,0.9888779420082803,1
-1.5964651934090137,2.2422405411282766,1
-2.3929011352811145,-1.13994271066037,4
-0.9135618492884685,-1.066365109332356,4
0.34962815134448844,-0.5686604156440502,0
-0.652824932962158,0.6915577536803997,1
-1.405103514744511,-1.3507942459765818,4
-0.49333435922206936,2.0140396513206547,1
0.7431097392781878,-1.5562841684596067,0
1.4058596401856642,0.24896687693713632,0
3.0255750233995955,-0.3214856678382975,2
1.7783979294508945,0.6526097769558713,0
2.091478276555894,0.6156006735789415,2
-1.7557540491551906,-1.493781873935111,4
0.5617538471185983,-0.6919748013078195,0
2.1327119700716493,-1.074913585470226,0
-0.4648506145210376,2.2503201673342974,1
1.4736160040950688,-0.7748213697594998,0
-0.5576607514277098,1.368325371327234,1
1.924026886821581,0.3345845351643322,0
-1.7745046717272097,0.19177171502182433,3
2.6250274979661627,-0.3176458104886396,2
-3.0010174124792406,0.6287228458632835,3
-2.287793252063059,-0.7960128291514054,4
3.1127106326926217,1.5252272715613984,2
3.4625339995735636,0.4394930768388192,2
-1.4822628469999566,-0.35342216712277796,4
-1.219672133189071,-1.429274250715765,4
-0.41214779257066136,-0.38314705412525263,4
1.5491884027091372,0.4287929773413939,0
1.7827845405087237,0.625807529156122,0
1.8358196913224973,-0.32500007246209445,0
-2.4597970337221007,0.2420490242184683,3
2.721237954242552,-0.841045900699181,0
1.3676073901675896,-1.3127376782169544,0
-1.9248970502445018,-0.1328548547259514,3
3.6936835289357157,-0.07663535657011836,2
-1.3890844201239982,0.8308985598789272,1
-1.8641628760308133,-1.7481829247667862,4
-0.4152931631411966,-1.9447362810365674,4
-2.5726327440526022,0.931590836668756,3
3.7894538323962683,0.12423576997410914,2
-0.35974314540982943,-1.1010849526024762,4
-0.46334625524995243,2.4167986549166094,1
3.6243942295012164,0.15775954289954625,2
3.669510117332576,1.0655654133590406,2
-2.387607740275098,0.6211272207765246,3
-1.0670960377162106,2.6193498387795255,1
3.5522990202061635,0.12448122607474128,2
-0.7908904092598359,-1.0617419566258135,4
2.8209990497551005,-0.6643190846458894,2
3.349410785455708,1.134446046812997,2
-3.1836982081884213,0.9448913268592602,3
0.9319540259457529,-0.6231913060910558,0
-2.5629470174820628,1.0675557200508117,3
-0.945189447988166,-1.1294486518669327,4
2.6887245938705964,-1.215511504557138,0
-1.9615091763963373,0.06683422176296545,3
4.419564875895198,2.0598546439916166,2
1.4470330949026768,1.359771028036505,0
1.1906807913652164,-0.7276934566747688,0
1.4137312483103306,0.3986022090124447,0
1.9243126334072944,-0.037586493625775264,0
-1.9463574057954987,-1.4168804395485362,4
-1.0564974647947796,-0.10387157372238798,4
-0.2568617026402428,-1.002179208243441,4
-1.1275805550389992,-0.059108169565486694,4
-1.0846529334986428,-0.8916798898504026,4
-2.5042852206504733,-0.12206195306757622,3
1.7743970783461709,-0.8364449622128443,0
-1.105138262183244,-0.7900700334187584,4
1.9799131810328845,0.6650985187229779,2
-2.008304704496835,-0.9974422898518385,4
2.5773042712481065,-0.37635394548659706,2
0.09715827040312097,0.35706899787361296,1
-1.3015674054584847,0.6725381258849181,1
2.2245257799272284,-0.672691231425907,0
1.8385224489563547,1.5904699495869714,2
2.340899960628218,-1.3229054700727112,0
1.8542008451321255,0.1634091890788264,0
-4.200844060440013,-1.7446287035382404,3
1.3655151586259202,-1.2584673610326391,0
1.436777978432516,0.43492675914962364,0
1.2362581249306128,0.16940860625675197,0
-0.9041618881544711,-1.5916491968677375,4
2.047444944834532,1.2612512177968898,2
-1.2788861183811928,0.4989728771557387,1
-1.0708722265575805,-1.0537519718892114,4
2.960844464439997,0.5725263534619256,2
-1.7760743728957982,0.9608949195917544,3
3.2757604002237213,-0.5938605893314243,2
2.3837975001780727,0.12231178504579178,2
-0.38766786194760994,-1.8011463300904789,4
2.7114572605111675,-0.30064174861118387,2
0.35858915786424916,0.7999590274874467,1
-0.6822806893164215,1.4180156328552216,1
1.977394330312715,0.8400192191326633,2
-1.4622290684016692,0.5240262801435623,3
-0.36649503263880356,1.1086105672781514,1
1.5435983259720758,-0.34788968223042893,0
1.1199526006821299,-0.4544915417766059,0
-0.6882769964849811,-0.3863156276389064,4
1.7184749508718715,0.1470125794028092,0
3.095083592591458,2.037134142908962,2
-1.0920396325859443,-1.4466228810025017,4
3.257209366983851,0.14985576304499415,2
1.0736166451301767,0.29027449083869955,0
-2.5560851934000475,-0.9827145423333097,4
-1.9784562593795167,0.7439562498533483,3
-0.79808468370776,2.1652247461860092,1
2.690762533231685,2.8899709420639184,2
-2.533681460826171,1.7310998824312094,3
-3.176331664094055,0.8154774282056293,3
-3.8430845654929042,0.3561988568262095,3
-1.3634836408921522,-0.0009098840585713419,4
-0.8685572879241465,1.017350819818194,1
-2.838290326762907,-0.2387177740046125,3
-1.4864422744936627,0.893643299532644,1
-0.14311241547787326,-0.08792111385872173,4
-1.5254924727485648,1.1485563396118958,1
-2.6699111376424653,1.037697782857108,3
-1.3327841544926968,-1.6392962556719581,4
1.1454715859782119,-0.5858217674817827,0
-1.4525667248347773,-0.15172685997414753,4
2.693917207245182,-0.8005545770543996,0
-3.0812619094529605,-0.5240815298535028,3
-0.777277059374003,2.1805362378538415,1
3.947794751081465,0.8528658573471096,2
-0.18290711579818145,1.1790271314686422,1
-1.3564851640054567,1.4100978954952403,1
1.6303380417656008,1.5603920233152946,2
-1.328040801074866,0.09437041558119126,4
1.681607934302614,-0.2920073215000574,0
4.156917795103081,0.5810137200692168,2
0.7559167886811228,-1.0905514016967235,0
2.3595170637599288,0.13388306051862575,2
2.084625088161312,1.407911772355134,2
-0.27472668454595106,-1.1773056958368966,4
1.3846475980563346,0.147746403276994,0
-0.701477307417272,-1.6018693878723478,4
-0.04944075627433056,-0.40020463426064146,4
-1.23894088977304,-0.5951169617123019,4
0.7486344554007851,-1.5167754322935314,0
3.672891343603822,-0.37672295903084874,2
0.18609784747832797,-0.2918923808182076,0
-0.9944018283923293,1.826890461070678,1
1.7570132172750013,-1.3138906760708011,0
0.6937589632528899,-0.8820396750303471,0
-2.4124838050505226,-1.3037636993794004,4
-1.6771499740364562,0.2497412426194165,3
2.5706309216296157,-0.3020542850647764,2
0.952413223596392,0.6534585059395722,0
-2.2617097898942786,0.9395479308802106,3
1.2803217443997634,0.1145728773345366,0
-0.48297547528877083,-1.219586704199216,4
-0.7321588061950208,0.4466297950559872,1
-2.801416117524117,-1.6048959439686232,4
0.26964374521923207,-0.5979414037133931,0
-1.3766944694760979,-0.45513765991438404,4
-1.262544001698471,-0.9583940144293401,4
-0.5760085707785916,0.6864630791569925,1
-1.2779099367814966,-0.8848405162251898,4
2.020240673757767,0.6008184901928181,2
2.250523382199829,-0.8210419409151737,0
-0.6272641096630758,1.4490546430604396,1
2.2893976798630185,-0.7827881720779815,0
-0.27822757715805646,-1.2914643293011696,4
0.059410632180885194,-1.411037303006949,4
0.14638729646195622,-0.06584516524003894,0
1.8308760710187721,-0.368438902547603,0
-0.846949286691886,1.9734616596663415,1
-0.9429659379469084,-1.3879799139992992,4
0.790288136807937,-0.35626117732484874,0
1.7143855545305238,-0.8702143683572069,0
1.391899819542755,-0.6851050386051455,0
-3.5316691733327743,1.0214095745798328,3
1.2320657466100344,0.18065942787095374,0
1.5663165652762507,0.16104219308322532,0
-0.6052194068844808,1.6041468024394914,1
-3.2839260377200428,-1.3861770221401921,3
1.752443166237844,0.13606105201534935,0
3.3558838766448176,-0.05802958567597846,2
-1.0284710803673267,-0.15872647367255022,4
-1.142575166639937,0.05519083247297778,4
1.6225119586533427,-0.33310177396576546,0
-1.3636955306677454,2.3490896705137745,1
-2.45835254237184,-0.11358160633233316,3
-0.6863697507717726,-0.1584926126898273,4
1.5530119675580818,0.8182189043403804,0
-2.00408032450313,-2.0406113046105228,4
1.2896863223301387,0.6311566676285111,0
-2.7571152928840124,2.5362717457346697,3
-0.7550841286595169,0.21577218424313316,1
-1.800893184968453,-0.13021199976571926,3
-3.5439172199747078,0.213180770459874,3
0.3046094208146447,-1.6695497309137846,4
-0.4771700228743,-1.292149509570018,4
-1.4417673694725044,0.2645229947919741,3
3.657734046934664,0.8835884650639472,2
1.7501121204367476,0.6612296504555186,0
-1.4934251990669252,-1.67965096640485,4
-1.3465966784579486,-1.368024000331298,4
-1.933111656970736,0.7445093768943554,3
-1.4178837106638829,1.0027652529120628,1
-2.265152492844205,1.1250580957548588,3
0.6087941515239497,-1.3722605199823663,0
-1.544190444707851,-0.050450400486821756,4
1.4917481926413603,-1.0840794610236875,0
-1.8401373476491063,0.8716062810223387,3
1.3893803044209314,-0.7915975778161501,0
-1.2204202169213738,-0.6719693023291485,4
0.1981323774696687,0.5484459649239567,1
-0.09558257006393439,-1.2550611104863312,4
-0.9674118284640911,-0.7906573794066547,4
2.8495728709356256,-0.31579293314878143,2
-1.1715239275542841,0.4126580237341819,1
-4.311753200099536,0.2572787148533389,3
3.964642071084773,0.15595045494244936,2
-0.7819820099291557,-0.6374975497743571,4
-0.21827452937607048,-1.2125808787387242,4
3.3615783076483194,-0.2985420505164529,2
-0.7231569768857482,1.6576901447611232,1
1.5076211297105164,-0.3134417977381739,0
1.8058590523343023,0.16700069800457779,0
1.2376750054285002,0.40199759733838203,0
1.2051216796464812,3.382488310862035,1
1.3149149245967888,-0.7604843527740185,0
-0.6241746653589094,-1.3661196937456006,4
1.2188656030950842,0.3848968924152887,0
0.006096664161203427,0.11461857963005857,1
3.58713424715479,0.6568316254592472,2
-3.899113911453117,0.47530168781020943,3
-1.4893682323807367,-1.3836007020098202,4
-1.4905336284035366,-1.1889272062168417,4
-2.1212928487966045,-1.272160331584255,4
-1.291784175545395,0.07210816239292762,4
-1.2671853067055152,1.07809023181172,1
2.113407878429914,0.16403022137648743,0
3.410695051216599,0.9146508687641826,2
-1.9408613723543018,1.4618217945942404,3
0.4357998364469776,0.012221133894936051,0
-1.0655122650006585,-1.0338492207450989,4
-1.150414172243392,2.630178972417216,1
-0.4629709096783807,-1.4194398421512946,4
-0.4301118160848605,0.1450706746619817,1
-1.4096631055037432,2.2313087488368604,1
3.7618272644126995,0.11608999288459661,2
1.8697218301471166,-0.3168213884702435,0
-1.587527807486666,-1.3295428313120137,4
-1.8865253961352388,-0.22077007006033833,3
2.7264790050035197,-0.611289038769587,2
-1.7830710819474203,-1.4119196487323866,4
1.8640661016315747,-0.02870685319244201,0
-0.5553164264891616,-0.07298938814275224,4
0.9762176496390833,-1.2977587193464206,0
-0.6631444891917374,4.169349859964047,1
2.034635333201604,-0.6558011228368774,0
-1.1154365684421839,0.47998080831935697,1
2.0615243598204858,-1.3180661863541936,0
-2.8544407054331846,0.7188938666430854,3
3.217415439957039,0.1803337472520058,2
-1.3602424581426469,-0.5782013616661701,4
1.2730879821481504,0.6320399447370194,0
1.3209581268445827,-1.113204802398354,0
-3.3580556003072237,1.0961815280721792,3
0.20360147105295395,-1.3042023188803917,4
-0.6554422648346363,-0.391422001598615,4
1.5252231046405496,0.12525583659376605,0
-1.671916652327214,1.0095633211218986,3
1.2766602863608447,-1.0551508777907475,0
0.16492581483595198,-1.4617670516940233,4
-1.9441122970819504,0.9833446596302642,3
-2.0365445942344085,0.12470062889480206,3
0.06645755194327282,-0.6039853662000989,4
-0.3172222471947411,-1.166567383718105,4
-1.3504588254993568,-1.3429381204510966,4
1.815958493288934,0.11061825795899662,0
-1.1079665620011407,1.0416586639420287,1
-1.0685669939826672,-1.430389874026662,4
1.0344272587177665,-1.1196458136178202,0
1.96140712670892,2.540214018438451,2
2.4981660359269813,0.14740624844711936,2
-2.048346848853463,1.8060951532347467,3
3.4392452998300675,0.42414631841395645,2
3.500890434305411,-0.3203663646174504,2
-1.743497459233362,0.5328216557088723,3
2.0469130653848753,-0.25864784647583516,0
-0.8379886869321834,0.620858281013538,1
3.4816756451579622,-1.3258365810221056,2
2.3711629685397413,-0.8590944056947005,0
0.6235350576440744,0.07470411281397489,0
-0.4744181191622002,1.527846943554672,1
-3.6204066450048753,0.6214093201212617,3
-1.193134861243962,2.32308890405815,1
-1.4508936515477895,0.7550718399139781,1
-1.0771633635882658,-0.13068327964157517,4
-2.8581884612611175,0.7024552119062937,3
-0.9787376535596961,-1.2246725691815783,4
-3.1592474159080104,-1.7335623274952265,4
2.064125652335635,-1.2488451344592388,0
-0.3380262124466673,0.0660776789682342,1
1.7815437242996026,-0.1589805906978648,0
-0.2048779990814303,-1.461270173221645,4
-3.8814955514915086,0.8678732583695031,3
-0.32657086262780477,-0.009119358970229169,1
1.8078307773426971,0.09932268919117289,0
-2.972898171633291,-1.029061950871136,3
0.9525324938314064,-1.4361073931158872,0
-0.28054705064266994,-0.22396982546778932,4
0.21253988730573123,0.3938368027331818,1
-1.2787777217591791,0.8694105369517174,1
-0.863973999534412,-1.3931272121124862,4
3.5200510878531124,0.14376476488956158,2
-1.5769227102049348,0.434936515584323,3
-0.8207798449836362,-1.6430772583640492,4
2.687976352023715,0.6600837275469401,2
1.3577133067612892,-0.3491627440734252,0
-3.8373961987709113,0.439402899467944,3
-1.098752539898525,-1.182546457270354,4
-1.665329412221769,0.00603169470226822,3
2.8909841992589445,0.0002175232307167485,2
0.01414921905002911,-0.4038845477706801,4
-0.7014270302443655,2.958312674075543,1
-1.2542601962796038,-1.366126590498476,4
-2.318562132012546,1.0478432448580488,3
2.3235032935137285,-0.038941222718457236,2
-1.8128713239726042,-0.21089593798510636,3
0.5796511705819773,-1.5313763299591043,0
-2.4675966877715063,0.6100127572263213,3
-4.303018066686713,0.5315695477691157,3
-1.0982922012805176,-1.5679661163564225,4
-2.148723746660769,-1.4830047537986304,4
1.898617618188666,-0.3819190315434951,0
-1.6975261756153726,-1.0726342291794897,4
1.6271760758550495,-0.05263474679700317,0
-0.9750912005892993,1.0818871404560377,1
-2.6543984704685823,0.6564041719731897,3
2.112520568648884,0.10440830466178226,0
-2.4455848152113675,-0.5589605293306422,3
3.3855848975743483,0.401939235838803,2
-1.6213247693769437,0.17795378432878162,3
-1.5667267007816825,0.2886678998144021,3
1.8044328204929634,1.1534706946015858,2
-0.21454806502540355,0.8634426981885218,1
2.250447327657945,1.3036706457417606,2
-1.4228805571843932,1.1541725810373626,1
2.483915467741016,0.910372379828132,2
-2.1239740990767326,0.1789653001489514,3
-3.934288012691911,-1.5057511133658423,3
2.546123739883617,0.11914646149931331,2
-1.0904873598232145,-1.0846120713877585,4
1.6348727530255742,-0.36826936098991336,0
-0.05066238796752734,-1.2632488995863762,4
1.322555902210757,-0.6912939394776701,0
3.3944093396678703,0.13747017756507046,2
1.2366118933576897,0.17128332170134408,0
-3.1115751254041455,0.8633629043596392,3
0.09619088229608669,-0.22332490982615272,0
3.119347902068891,-0.8213647206547242,2
-0.4247801277606521,-1.6574958064579715,4
0.2509685625521315,-1.6033154765245636,4
-2.017639829754697,-1.6331063202097362,4
2.018688227930753,0.0892285123670455,0
2.4881684109951783,0.6075606608199742,2
1.4610450721700985,-0.8534498757023014,0
-2.2201429408430355,0.4933219068104896,3
-3.576498849614707,1.2773695860433283,3
-1.9481555545423623,1.4494149042794249,3
-0.21146572774515462,1.4023964514991727,1
-1.1190883551549524,1.2862760832749602,1
-2.012952585853516,-1.2369995244163194,4
0.7615849920296758,0.46104050274259145,0
-1.7258848647708007,-0.02726106254235655,3
0.7400150089529544,1.4989438865613018,1
2.2772901277198603,-0.350194872988695,0
-0.7153025919089088,-0.44206620186124745,4
1.0221865855929495,-1.2324391608884737,0
3.1812765303425152,-0.7504541957903957,2
-1.2424704194242133,-0.5813375127012581,4
0.7682248025538788,-0.6194944617437552,0
-0.5918245048910787,2.6718941070863704,1
-1.4566941786312575,1.4917417582986827,1
2.5024074891184744,-0.36829997344883947,0
-0.7689323411575677,-1.6165952943401356,4
1.864279143603733,0.15836692157899795,0
1.556593669051395,0.887776259054122,0
-1.7075095765934067,0.6677412127840779,3
2.097989407155868,2.0086004334150864,2
0.44978433159347897,0.44599105650338755,1
0.9554251480553181,1.1846755680773278,1
3.805194444677562,0.14937777840040745,2
-1.486298269561672,-1.4604735281963896,4
-1.6458232260329053,-0.22852547050656305,4
3.5386123437549615,-0.34316419162011436,2
1.6779197234970014,-1.1063445009238564,0
-3.155510899884724,0.6301946190517285,3
2.938872201656097,0.22145121262811635,2
0.3126115368925175,0.7180437255533193,1
-2.229223656182706,-1.5219242615401904,4
0.6701496338785683,1.2831391735453148,1
2.2559505854652064,-0.8236433308010837,0
-0.18664411160453984,-0.739000136269346,4
-2.6644122171499984,-0.39008322162734216,3
0.2465468423400144,-1.6848520071341084,4
-0.5360681476478332,0.5628099237325073,1
1.2042138039904162,0.21703675089274654,0
-1.8399443776113862,-1.4403944739881807,4
-1.842957666649889,0.7287320991275799,3
1.2060968612617384,0.6832494551210919,0
1.7019934735016486,-1.278347935135442,0
-2.400876143154411,0.5566050111643784,3
-0.8708266229400193,-0.8421944922143089,4
-0.40446637154059384,-0.6563388473161923,4
2.6482260612551545,-1.0571532433333548,0
1.794368221711412,-0.31224824951886465,0
3.843819868538113,1.3799781416570296,2
0.9118436754979999,0.29358789649833217,0
-3.445657967201184,0.9950874849949825,3
3.851531262420791,0.622407271398796,2
3.8977530034606884,-0.3476937728889078,2
3.1453492043357443,0.5520063915901346,2
-1.1354401163383214,-1.1861524394437497,4
0.6837529149849404,-1.560879864704989,0
-1.4188898272154964,-0.08719343781992611,4
2.4715222671702324,0.18741535462034042,2
-1.149374798505791,-1.651564379607491,4
-0.7483659287909545,-1.56594167297418,4
1.8430482698940756,0.09899012205620118,0
-0.03090687572232262,1.0527066223827564,1
-1.927014441986308,0.6961233555935443,3
-2.2245562141024324,-1.2721580477925596,4
-1.8361646169582038,-1.198165187045555,4
-1.9975028054525754,0.8018733083699126,3
3.392105805493267,0.12090487723263828,2
-1.135209045262333,-0.41518271281804925,4
1.2085477512641944,0.7031216152518127,0
-2.192720577489682,-0.13179090495769077,3
1.3551431416750934,1.6066988090349918,1
3.0894503750039926,-0.34486317120658955,2
-0.7401272869767275,1.3923966487734971,1
0.8811046754207593,-1.151232699873799,0
-0.7631152157598318,-1.2795912345650815,4
2.2427730810949664,-0.35012190788224873,0
3.984637669465879,0.40240302465156774,2
2.9502853098276915,-0.764141754574002,2
-1.0075942753026197,-0.8090850774389238,4
-0.8233622669755504,1.081451484052858,1
-0.7901002857682546,-1.051234733660158,4
-1.8352986096602335,-0.1495858467893163,3
-4.224065800739408,0.3271683621083223,3
1.8211614242406726,-0.12524654057367923,0
3.585387336803936,0.3200486775798088,2
-2.01814833318728,1.0619779008905899,3
0.30428994487816025,-1.1910804209744394,0
0.7173191424360983,1.5353784054526245,1
-2.270068558726878,-0.7975116607608712,4
2.6221827037069008,-0.11706464905601816,2
-2.02004315193226,-0.4555560802054587,4
-0.5874666361749886,-1.4102092966038862,4
0.49669748435963534,-1.009831207607979,0
-0.6272641041774416,1.6767118723591348,1
-1.627639725424038,1.8048520281276872,1
1.704063424046389,-0.11518368743295909,0
-3.714165938768634,1.0290667088961005,3
-1.1053995179538598,-0.9926291998758696,4
1.1363612871818822,-0.802792528934972,0
-1.3131847884712633,0.233627724023518,3
-3.2086142898911416,0.44832328132959554,3
-1.1613491568879417,0.1517853230782817,4
-2.2291538851670025,1.7655896200651888,3
-1.4258094292677812,0.2935884084878322,3
3.6114374246059024,2.0855723253955274,2
-1.1775032457847228,-1.6426738967578032,4
-2.2571479505716816,-1.4534654897452666,4
-3.0553503486214164,-1.5269279670915554,4
-1.7533697433654563,0.7124697081816481,3
0.026434164196608934,1.3661762247103586,1
-1.0573632154826003,0.015721106422730877,4
0.3765881459160756,1.5965845233279734,1
-1.4438615313271081,1.3387372118337324,1
-0.9626408124737973,0.8692443294496052,1
-2.1378123979942156,1.5229664371106961,3
-2.2568391096228573,1.7452051020549526,3
-0.6935896414456264,0.19994268663443238,1
-1.0229676184867011,-0.955577381357146,4
-1.3432329421151616,-1.7469697414601457,4
-2.1117762408923464,1.7073609623223622,3
-0.843791290715189,-1.7455444029512908,4
-1.0068257274464796,1.629910646354796,1
1.9200590902081751,2.414823647385531,2
-0.6405307914573359,-1.004361072467641,4
-3.224454900325095,-0.05828031698958027,3
-0.3536840876792203,0.19895948799504404,1
-2.7842761630583097,-1.4035209715604284,4
-2.074549524138478,0.8258521559668791,3
-2.6805489942568337,-0.2703315098245624,3
2.6669503224545545,-0.7950368736772695,0
-1.0197324070112397,1.389118302374107,1
1.1135130058997218,-0.775621188738069,0
-1.761452319651724,-0.28150315241568435,4
-2.5824937004999873,-1.7408737630795281,4
-2.3461899609896086,1.3403868437854376,3
1.894881763266492,1.1343015033001596,2
2.1017809284326625,-0.303352723384624,0
-0.5396535273415012,0.9073046821533419,1
0.4487035356527431,-1.101139787576029,0
2.961103418135362,0.19835854770549977,2
-3.0054777370918324,0.8401072446524119,3
2.8330962604203984,0.13927877222945034,2
4.21797814994581,1.1150891746047475,2
-0.41974173187283337,1.1659853593940908,1
1.3848337271608617,-1.3004825144601255,0
1.2790195835252645,-0.6430000581617213,0
1.1527678025885029,-0.10366694465082632,0
-1.268035498645356,-0.5593244410054916,4
1.591331502294619,-0.1650703528752992,0
1.4688382528179178,-0.8498477577013941,0
-1.379072273259553,0.9415455612235173,1
0.7258242026099634,-1.570746078980383,0
-2.302165642420258,1.0420026375739235,3
0.43015185738651873,-0.8670646363422478,0
-2.658851552728958,-1.0356582779012387,4
1.310041281253143,0.20630635862460822,0
-0.28968900296125144,0.4286990673367578,1
3.496750897445633,-1.337466424233007,2
1.6947988504557845,-0.31621359332561527,0
-1.0666800984912188,0.5127799194400819,1
-2.3858308992939645,1.51011196445565,3
-0.787261448764921,-1.4088558093372883,4
1.590761772580144,1.3016695783417815,2
-1.0187918239291347,-1.7012551250703587,4
2.0724824110822726,0.7886115717934986,2
-1.1225843495761298,-1.7208706581692363,4
1.6302409594988596,-1.0610896827070528,0
1.4370198450687712,-0.7994501484254298,0
-4.200894768487768,0.5751516673039203,3
-0.398854970777771,-0.9225793582040239,4
-0.7469107805990174,-0.8117166371084527,4
0.15263200482778438,-0.4963135820181599,0
3.7243956996670367,0.16092003112125142,2
-1.3248458245318238,0.5397003427311873,1
2.036410562549379,0.6350334040667013,2
-0.45437475612266864,1.5278556029247534,1
1.3668157623791652,-1.001357626234622,0
-0.3454193516790066,-1.3271561790332778,4
2.7529844348895933,-0.015917282666222582,2
0.8209896811309354,0.148631325780345,0
-1.6310750244395669,-1.7122294937150593,4
-0.7546038169236151,-1.2670868160420383,4
2.6948469023081305,0.8530076114471907,2
-0.5862165589114999,1.0607553186330159,1
-1.5779929796768108,1.6781332060982037,1
-0.5977983410045651,1.177058440241973,1
-0.5313427831383247,-0.15725324221114556,4
1.4334094227279839,-1.2692468523478388,0
2.815294455160492,0.5896670697762912,2
3.1775887800155194,0.3544019974907645,2
-1.361594278229513,3.1362862601637644,1
3.4644725230931486,0.17439226298207938,2
1.2898966142054349,-0.3472178566647965,0
-1.1394139966914325,-0.5962846154170663,4
1.6265301271094124,-1.3492422704184235,0
-0.8592679907438279,-0.20781207671043833,4
1.3399662218800705,-1.003916018780314,0
-3.448431008974513,-1.2005395654280189,3
-1.0385532076428297,-1.2420197161237154,4
-1.7929218281408512,0.7398157134108168,3
3.864584909043557,0.09429845793681475,2
-3.5397846640853308,-1.7307033829460023,4
-1.6134722411102065,-0.14833730686898938,4
2.1425041817586883,-0.36918725485858084,0
1.9878629714143232,-0.2854241629781752,0
-0.654038625307919,1.7249907972212062,1
-1.3288614086218447,0.22489912565778775,3
1.244755904828781,-0.0787805109923354,0
1.1979070055794077,1.5323439696711332,1
1.787177421172587,-0.8465149300343973,0
0.8840350576806488,1.3928692375729632,1
0.5412459933212921,-1.1506129557499591,0
-0.2670001456030948,-0.7140201243165797,4
3.3599729489350105,0.1986976208027766,2
2.9207682022927264,1.2915734882593777,2
-2.05177711019596,0.10730254242269961,3
2.0725205337808297,-0.7646846306419383,0
3.6379341359868143,-0.3794353853551592,2
-1.324974482794397,0.9372083117648098,1
-0.6618224662831539,0.6763597579103737,1
0.6264234416277279,-0.5584950482757165,0
-1.5685256182499898,-0.2308556653430428,4
1.6865872509729904,-0.14951792281812964,0
-1.7595768414103088,0.3418731288164569,3
-1.1775927225550877,-1.3952511205420257,4
-1.1123337332382126,2.1744691284913276,1
-1.289485135326102,0.5733771155405256,1
3.9668958557484544,0.6350368263212319,2
-1.1912496337292207,0.9017351392223567,1
1.8982932867839593,1.1321856620638042,2
1.6909936765953542,0.8920916898915876,0
0.2519820295101549,-0.8154278435293455,0
1.295121097911088,-0.26666624889009344,0
-2.215804733290095,0.3922563394087766,3
-1.2925691548784286,-1.397533451223345,4
-1.658421537286562,0.06176974846301779,3
-0.9855645413005498,-1.2473820196310865,4
-1.814741085054845,-0.9322312075108482,4
-0.76102785849896,0.44642719010808896,1
-0.3407914596097189,1.4924259841651457,1
1.494014744411858,-0.27864147696430464,0
1.4573982277348996,-0.8456260716593333,0
2.678573935207188,-1.3327968269324033,0
-1.9973242702461007,-0.005423165899460819,3
0.4612547409515262,0.014368313801427321,0
-0.9811874550227522,1.0936685516708693,1
1.7319138499178326,-0.6343323849062623,0
-0.37260738095462653,1.7902322285717702,1
-2.809671452822188,0.9247665128025169,3
1.9042834495212273,0.652732762639514,0
-1.2437732868463234,0.06003155005811485,4
-1.4643735711431296,-1.5969775763544627,4
-2.490307973763,-0.05224846733311242,3
-1.7170877321002358,1.029706410896801,3
-1.682151917128414,-1.687747886894486,4
-1.390981130312531,-1.0749219100999148,4
-2.8966976085674894,-0.7773274492818419,3
3.111745210705724,0.6385982925939947,2
-1.4875276633244892,-0.6608761417653141,4
-2.4419246158625025,1.525900720999065,3
-2.1899652153287312,1.0193838744022568,3
-0.541446166645316,-1.131020410304529,4
1.0370140976010398,1.5325601954439099,1
0.6894480211811094,1.83190340265542,1
1.1338365929469731,-0.4178989585296456,0
0.9858960578501289,0.4298920061486,0
3.851462776464943,0.8854038628530736,2
0.22650355735772823,0.026496142886071508,0
-1.5028501197305248,-1.1081905292097232,4
2.6350867282469084,0.0942729809576865,2
-1.3083545883574708,0.8916710013754929,1
-1.9447578183317542,0.5975106378893957,3
-0.9521395453008326,-0.48869188123216356,4
-2.396084987595645,-0.8292531943174061,4
1.9224396756889868,1.145548776348997,2
2.6276406647868984,0.9036875634136443,2
-1.7372662588080476,0.002588954289086412,3
-0.19380038920174045,-1.599641152909364,4
-0.989447967271428,0.6270801437198056,1
3.4472016707842523,0.9263001587862709,2
-0.7640186317506036,-1.6732343449372125,4
2.0392490136536656,1.065790098879539,2
-1.6809112005143276,0.661255625477584,3
-1.235576262905437,-1.2805857333460993,4
-1.526307465126023,2.354648831092754,1
3.887024160229798,0.5830661172581608,2
-0.7534112933467231,-1.425593769369769,4
0.5580611371459848,1.3098216595940644,1
-1.4108377458650079,0.5174492707156706,3
-3.8918417963473098,0.6495390080040581,3
-0.9362735258560577,1.156764773762666,1
-3.4512862254496515,0.7940142131529984,3
-1.7081693852245636,1.0676412127879575,3
-0.2974453736261019,-0.013018577523298602,1
1.5549852255841046,-1.09977296253451,0
-1.3843097684357117,-1.669176565527237,4
-1.1929595201352885,-0.7018645127231022,4
2.0168651648900644,0.09227884660466025,0
0.9291807790899637,-0.8760114130865406,0
-2.3726848910125744,-0.48498161381162386,3
-1.508402023894708,0.9530195765050944,1
-1.5258843550155812,0.02153646089430343,4
-0.01969609404092512,0.4043372507212659,1
2.446320424524414,0.1581732051769188,2
1.137486398672041,0.12910259581397582,0
3.7129497435176027,0.4074671812013587,2
2.092834154801436,-0.8457075466401768,0
0.0783625027010921,0.9239491476487236,1
-3.6777414880908834,-1.6171936842170516,3
-1.9529445203908173,-1.3483887306560969,4
1.5913363406924246,0.15858800109878474,0
-1.2643213614742494,2.2353391079738922,1
-1.334552964014089,2.5731414984724803,1
-1.998805116104738,-1.7129967071275758,4
0.10146238492544633,-0.10395628781045073,0
-2.0987718731747775,0.7094779803273108,3
-3.3521655497438316,0.8747578584682086,3
-1.6058854551762407,0.8774923965288933,3
2.4679993804115026,-1.2523947787415493,0
-3.1419498994537443,0.3610913655901224,3
2.620651493037144,0.3918458840181497,2
1.5191984197801478,-1.2943186076077826,0
-1.4920806904197392,-0.6911806240198317,4
-0.15254986127561115,-1.3404003488984768,4
1.4110839553773291,-0.20088502977254968,0
1.5274832103478821,-0.6236945769288582,0
0.955922355210288,0.35965419587253383,0
1.996279418441356,1.3812748072065042,2
-0.3794802538411851,-0.6283528791749274,4
2.0132768026217174,1.1472559132789537,2
3.356655341167045,-1.0060300466497432,2
-2.866967589630199,-1.5760584601691372,4
0.21326631872680707,-0.41818987763727905,0
-0.07990119603534426,0.18698841409024586,1
-1.632114622777276,0.8559847512113105,3
-0.1718425462356923,-1.1897303825678756,4
-0.6104956402185405,0.0506194590324585,1
-1.6173707422902077,-1.3819698663809796,4
-2.1137875912681197,1.4546445178575942,3
1.7711772976222657,0.39700702645614394,0
-3.4959851145254763,-0.6187982230721496,3
-1.8024369794855455,-0.9553407591292893,4
-2.1551366597977815,0.6563362978231478,3
-1.294202419900408,-1.0474008097477518,4
-2.756153978184021,-0.5357589571629409,3
-0.9959408925303685,1.451946464258432,1
1.9236611291950954,-0.043839533039199574,0
-1.7962873654900386,1.5674099270865591,3
2.845618197937812,1.059521067755342,2
-2.588193085019825,0.9690910318662109,3
-0.835545598183586,2.9223968012950805,1
-1.822054664521715,0.2557065786068348,3
-0.4488529859546263,0.6914609945651577,1
2.1550820204464953,0.8902216801862501,2
-1.917768804849403,0.4363743856672432,3
3.744392741550844,0.14543017518902335,2
1.1247590140570838,0.14990472980616704,0
-0.24246735135753691,-1.5223013355239439,4
1.7659043849973286,-0.8652743060987392,0
-1.013259024029466,1.9270862838968612,1
-1.6978598462917778,-0.36948172631682696,4
0.9177384780694322,0.21774079785589662,0
-2.5942642093015333,-0.49737982773458606,3
1.4118842804157015,-1.2747084027553968,0
1.2833977227776128,-0.27728682666993726,0
-1.9870391480866398,1.5028806610111698,3
1.7594779532813287,0.6042118315911992,0
-1.3863340819548444,1.297654130744326,1
-2.639064063422574,-1.058249648052338,4
3.7771395428529306,0.40468323500591474,2
-2.6354285288927155,0.8397264673481525,3
-1.452462803145678,2.168098732889893,1
-1.6583882674194241,0.9251128218027469,3
-2.9922565002854573,1.021555265495481,3
1.966556426187155,0.16042803421781043,0
-1.4020744034831545,-1.638500156406405,4
0.4649587213636359,0.3091571073344718,0
2.753298302735891,1.5523315891872356,2
3.579770394793679,-0.06889684753249689,2
-1.4667007866907793,-0.1945301875243713,4
-2.55401286968854,0.6486134455013427,3
2.1819674984612454,-1.242194763205834,0
1.6396111205913284,-0.07706388959495233,0
1.4429543429710416,0.9202721897703634,0
-0.8695031270475772,-0.8017337444606667,4
2.251499933822187,-1.2571119241985877,0
0.9080760692986569,-1.1037842180160748,0
0.48717918474734634,0.4645646092082213,1
-1.0430089651937267,3.0518577619533866,1
-2.885342164170001,0.8955111029437242,3
-1.873330334472162,0.6901527976247692,3
-0.4549631648857887,-1.332243050954466,4
3.608281779223626,0.8801429379587535,2
-1.9896969479375584,0.06450014718135956,3
-0.8581873489058999,0.4322072759237712,1
3.752274360238305,1.1314837586554953,2
-1.6969114228181852,-1.9518414426010808,4
-1.3707869894557752,0.24360125933904447,3
3.2623115345404066,-0.34281205210664956,2
-1.8764564841586349,0.6639854868353717,3
-0.7046408948819235,0.0289622523689448,4
2.6136243687376908,0.15131197225176746,2
-1.3273171241938648,0.5009815259361399,1
1.8358724666030308,-0.5419296270332524,0
-2.468965651606267,-0.7755145023624065,4
2.7572948042467704,1.1091381629857473,2
-3.179018879196337,1.1889631902686397,3
-2.4085517681036483,-0.18607011065944817,3
-1.7182826166973506,-1.802339130952485,4
-2.189529573198298,0.43029472556553094,3
1.330878673967848,-1.2535374675779218,0
2.082538097602232,-0.3681380005048398,0
-1.7854464619123187,-1.4138358725321067,4
-1.596839982189126,0.5661317446923558,3
-1.3219439487485574,-0.03204810971683647,4
-0.5728154372152418,-0.1403525033600638,4
2.5472197202475755,0.157591477842228,2
0.33845381535743846,1.248465018183063,1
-0.9928869563080105,3.4050160729945387,1
2.040407873973757,-0.8174386092882433,0
-2.8741070157831974,0.6675002243815986,3
1.2516088860692516,-1.0948404310813973,0
2.8696657840940683,0.4192248591342822,2
1.4097810198955933,0.8968532641061189,0
2.6270422400800406,-0.05245924222546566,2
-1.0682394668648634,-0.8686172813711752,4
0.9757221239520607,-0.9618892205364127,0
1.625497045470877,-0.39290862664028686,0
1.193217564088653,-0.04756954348873341,0
0.6566905301258511,-1.4836871278227053,0
-1.9645787127989476,-1.0200262849135129,4
-1.052946782512848,-0.6205652258546454,4
-2.2744284081401465,-1.4109361061526737,4
-2.7158640730730736,0.6223984515474051,3
0.2546714129408079,-0.5746792736243217,0
-0.2714571970590949,0.9754593738481991,1
3.5456011609498703,0.388875021229497,2
1.253046059207458,0.227449186191498,0
-2.0811965047826084,0.12980423719287792,3
2.3840875476019714,0.10678861011026565,2
0.07235207539737193,0.2751870681920289,1
-1.7966039129748586,0.1651090261913914,3
3.710362822676811,1.056224912848144,2
-3.1079370141435136,1.0511028515897805,3
-2.2025542142263417,0.8368532003235841,3
-2.3552378702178496,1.6196185345041738,3
-3.272786237316718,-0.13256327687355324,3
1.2728168817911178,0.4641247645439073,0
1.3185364476659567,0.1561605025260313,0
2.3772393159937217,0.8891690146406608,2
-1.2007235550362094,-0.9758035313803621,4
1.8484802193336316,0.7075103333586534,0
-1.0884294238861354,0.4109693560086697,1
-1.1711331559773506,-1.0425499018349635,4
0.10983459562389351,1.0533672954238225,1
1.4742999003183053,1.5762287702895668,2
-1.1517942524498468,-1.1779099272742364,4
-2.7036903599622493,-1.3185287491119617,4
0.10536686912542392,0.2965024811775788,1
4.016928447939832,2.026119321797276,2
-1.1914997583179756,1.9430091087671193,1
0.025955065528417975,1.3675717749098146,1
1.6348866219530442,0.38226116696324564,0
-1.2267035856356086,-0.09659069893508351,4
-2.21088030853515,-1.1120406505803564,4
-1.1569704706255914,0.32166173904301176,1
-1.4098808130969471,-0.053773951940180836,4
-1.4059611150391464,-0.09116509702094089,4
-0.9194509742031636,-1.6648354938099796,4
-1.8371237383003816,-1.093649385042286,4
1.8388235488879037,-1.2790519147438342,0
0.7998416355829883,-1.2904036160038501,0
1.7495060026555471,-0.8027352436913733,0
1.3077444236680256,-0.5745507989436494,0
-2.6506136714839483,-1.1437176823578465,4
1.3793703812336289,-1.036001932896711,0
1.420368851613839,1.6089111815343644,2
1.44044165761618,1.159110232214761,0
-1.4716473226372278,0.11551294808905126,3
-0.28474505072675094,-1.2644287611703924,4
3.6915697469632263,0.17668124442842592,2
-3.169205839683688,-0.4914836622215392,3
4.048974352021753,0.5755115171235129,2
-1.411776398459122,-1.466584436435089,4
-2.2105607780809313,1.8574769586899105,3
-1.362461506189843,1.4582186893998415,1
-1.3458370258699381,0.10998420916891725,4
-0.443579768709633,0.5736048957308585,1
3.6124551780489167,-0.19458029455095321,2
-0.6871579340901691,1.1496306161553136,1
-1.842606539276593,1.2351001007116436,3
0.8425876585148662,2.296228465447197,1
-0.14443384771853035,1.9067738041225466,1
-1.481304813042956,-1.066831397077559,4
-0.5380186576192681,-0.892508793464634,4
1.5007081919572518,-1.326609130206079,0
1.576849487538282,-1.2688870594686756,0
3.811658550888103,0.39063088545836466,2
-2.33154175087774,-0.8632919932506459,4
-1.4151984479861053,0.3470176666315581,3
-1.620395999407509,1.7923310077020407,1
-0.7676470164652718,0.04845691552700111,4
1.0653066630906922,-0.5179070817194649,0
0.2602801844315141,-1.0255839334369867,0
-0.646770091613128,-0.723804510460506,4
-2.117567630488684,-1.041352708413533,4
1.7230025671732945,0.6509997803373713,0
2.080923144507544,0.15845894150915185,0
2.970601912522681,-0.31169042993181345,2
-1.8739811305869232,1.4199141176659176,3
3.6918720125456836,0.8897888775205673,2
2.776377821951914,-1.108593659097775,0
1.6611913552274469,-0.5706975031207947,0
-1.7511576145235686,0.15437304866482837,3
-1.2826249692861775,0.5051878776643071,1
3.057321207780435,0.641039726492521,2
-0.6480994542131356,-1.5270951205848224,4
1.3857778230380695,-1.024281330905241,0
-1.426562302697253,-0.14066636908776645,4
-0.31847163314103644,-1.4947635996359412,4
2.7957744010595675,-0.2672025194026456,2
-1.1689423973327517,0.4592241439413811,1
1.6069573641929138,0.24514178022674837,0
1.4997328063973436,1.0443206528541353,0
3.749196457860335,0.12121760371629405,2
-1.6740338592846526,0.8149983726106734,3
-1.3681303211933413,0.48596027795649377,1
1.8961428526647561,-0.41223322047686023,0
1.1045238624521827,-1.287202586742483,0
-0.5225168833258931,1.175450038886952,1
0.13193410682778425,2.028083075398626,1
-3.063993386895831,0.11992080853043312,3
3.739824445079667,-0.11479604667412979,2
1.849161542528572,-0.3826630144245899,0
-2.9996094123005257,0.09165935899046047,3
-1.0152744139249172,-1.2953186620589174,4
1.5045966778633502,-0.33353031913383924,0
-0.0690041407046639,1.752231078160345,1
4.091393966836916,0.6333993967675146,2
3.5932327423483823,0.10794162901744554,2
2.1316845890495175,0.41734990335114586,2
-1.3964333272146432,0.018060237758721107,4
-1.2958313966653894,0.9712703221467316,1
-1.3375362116442748,0.10031696104882039,4
-0.9107459960814928,-0.38818946647685904,4
2.7389637104146622,0.8620028855625548,2
-0.9211122742473414,-0.7584111081143341,4
-1.1573382597572413,-0.7120629371943881,4
-1.6710418762115165,-1.042797103657856,4
-0.35872472270169486,-1.4798469110137713,4
-3.888296836044099,1.3183419288492004,3
0.07764348470139795,0.9152571281177981,1
-1.382301731081492,-0.01704522276305559,4
2.615761657446536,-1.3232215635901665,0
-2.369270099375497,-1.1561635311638645,4
0.7473226972060116,-0.1276857860030829,0
-0.405776188657201,-1.0241195058234933,4
0.6721415909431919,-0.19098117461247205,0
3.7996312892266544,-0.3973150153262526,2
1.6640030034404976,0.8417331473714624,0
-3.471694669063147,1.4826784527952517,3
-2.2897674882798236,-1.2205969622576711,4
3.651255252557538,1.3691407684901424,2
3.525712015667528,-0.8531609234455754,2
-2.0520774744525085,1.5844669397260378,3
-0.9771764791529098,0.24679038228932193,1
3.6815981505925053,0.5928026345066341,2
-4.072882028037467,0.3242997603761341,3
-2.1022437727387047,-1.9341459463481077,4
-1.027177724673488,0.8134156709917328,1
3.376815525845095,0.9260474324710835,2
-1.0362738056910563,-1.2221634978181055,4
3.39233681629146,0.6114156540307591,2
2.322603468451495,0.6055694258674932,2
2.12877045701846,-0.6397942813716381,0
-2.4681924004118256,0.893435668444027,3
-1.794673199779242,-0.09254569430313223,3
-1.9105476656442855,-1.5109617033967495,4
-0.5376079572806465,-1.0082777767863755,4
-0.5018994512029195,-0.19438833676663775,4
-2.5937365120653486,0.9491867482539342,3
0.561476082277625,-0.2907197555028509,0
1.354325317307084,-1.0581572839499083,0
0.2475272107091653,-0.07249216871661757,0
1.7961936049816087,0.22825345207921066,0
-1.057066480308769,1.6601117724807026,1
0.9144415198341775,0.6966835216427358,0
0.715358744759081,-1.473517308769965,0
-3.665299593456168,0.8089140921322595,3
3.77083076332485,1.334787257938214,2
3.9210157738535503,0.6291037574944783,2
2.2936555524561344,-0.8168043050196244,0
-0.7136666245828279,0.5986681016481145,1
1.7025484295086393,-1.2826573774428194,0
-0.9554263587044434,-0.010507740160325796,4
-1.4020884399235036,-1.5168227660848437,4
1.6012332794527384,-0.7701808286577617,0
1.43623631262363,-0.30816457928681174,0
2.64799625420109,0.8869520928000021,2
3.6209372615481943,-0.3242014715471977,2
1.8627246861647904,0.09454135222421335,0
-0.04842962024866007,-0.06411365799774335,1
-0.1776986104821093,-0.6556811286522656,4
0.4581312830327676,0.4203565270378573,1
-0.21245538734438077,-0.6376919438259497,4
-1.8666806812812715,0.041790609556515076,3
-0.8749675438412636,-0.6591333690327772,4
-1.2653436354921967,1.24274567957925,1
-1.1502907555881317,-1.6199204889320684,4
-1.5081744063706548,-1.0164737515182207,4
-1.5355533234955305,2.092848430271922,1
1.8047057602511425,0.36719540109032106,0
-0.9202772633283134,0.4902030796442619,1
-0.12029912317362287,-0.3438883799162863,4
-1.1463869906506805,0.9840171897175201,1
-0.03745213528702365,-1.34219501573002,4
1.2312115403350565,0.395358493732209,0
-1.1685032475675967,0.8067700619559941,1
-2.4330355077457466,-1.7582136596292226,4
2.847748808785605,1.0465824498517844,2
-0.5922397641607048,-0.9740704626649407,4
-2.862631656396658,-1.1613650600911845,4
-1.3256847032594024,1.0044558094735958,1
2.6731199858828525,0.13227876660024618,2
0.7730076093249774,-0.19876883888349825,0
-1.8796920561619057,-0.6989124979558775,4
-1.4268854881244846,-0.25122625219805067,4
3.72626647468637,0.14395086051376205,2
-1.7681428734119802,-1.280341024181927,4
-1.3014505223221293,-0.25258744730711413,4
-1.6088320268936398,-1.0518356892741485,4
-2.184057393392422,-0.7778410725902376,4
-2.7437312534517777,-1.480857051011868,4
3.1858548525162327,-0.10746687163715035,2
1.6916541873131232,0.12479978857234132,0
1.2292171674694843,0.8691681994821228,0
2.1597718292430135,1.5112118601015343,2
2.7607400533257787,-0.4803738165739222,2
-1.2040215558509528,-0.19772026836468712,4
-1.3020219139893294,-0.04145152654443071,4
-1.5459785725187933,-0.21680746376279617,4
3.781865200283238,0.15186429793987738,2
0.19379853152606777,-1.739683527728432,4
1.7145998550583355,0.8843285495585329,0
1.8278605710682143,0.6667749141205825,0
2.1360646660178015,2.092093358627379,2
-1.1552658420478932,1.667012617218052,1
-1.6345964803968183,0.5518779790393614,3
2.2673275497901244,-0.8109235806982956,0
-2.5761502070001616,0.9877727741008475,3
3.4285780002819872,1.1485773318389454,2
-0.5228646540960277,-0.9397890946322247,4
-0.5725470243389503,-1.2513455245226068,4
3.477540508880104,0.10224953595428861,2
2.600357978265789,0.16389423608720316,2
-1.1248180630122155,-1.3105041171393053,4
-1.4421391864419304,1.1480826134492987,1
2.026147534638644,1.1039082768776782,2
-2.171263085928906,1.9840356834613493,3
3.3497386233440896,-0.04959111153540863,2
-2.604523760312702,-1.6151247928366692,4
-0.2101331618047765,-0.41855717480044646,4
-1.5438887903260392,1.0556512523970927,1
-2.9739148920624374,1.1216836973937245,3
-0.5909406984504371,-1.215201266949917,4
0.5379923568284699,1.6325732887073021,1
-0.6736909605885117,1.5887260639169603,1
2.625855473736745,-1.2919608009612245,0
1.6325309585833978,0.42750766494916626,0
-1.4085098765932336,-1.5143890931397306,4
3.228678173497655,1.3404749750790335,2
2.478212307277181,-0.39195053025332555,0
-2.182542894416422,1.676745235174819,3
-1.5352180643757856,0.03599812904418202,3
-0.5845138560252386,-1.2942628155740987,4
3.8471483938069015,-0.3119233362368826,2
1.50749651895815,0.9850070354144438,0
2.5039942333212255,-1.3476965115844006,0
1.5917684558400937,-0.1309150962446387,0
0.08925590507065966,-1.2875415359803857,4
3.7111548389433286,2.5117646048254243,2
2.397272144002952,0.18830072388841507,2
3.635134441869067,-0.7954571591352092,2
-2.655253041064113,0.9505285107852162,3
-0.3586745903608931,1.4322817642434937,1
-1.930261836477489,0.7671716139189131,3
-1.0091265927849864,2.3324481206982517,1
2.364374602070464,-0.3294629002813489,0
-1.5044343525843016,1.013412280899853,1
-1.5860331885992291,-1.4325445943292774,4
0.5986154671353191,-0.9757161310503395,0
2.5934230877075137,0.887354928848421,2
-1.3050578153858459,-1.442058188334938,4
3.4642299133558114,-0.27973499617246095,2
-1.4206486654833599,0.8120137132284623,1
1.4171120376179358,0.18881386956303303,0
-1.4520593349100157,-1.3109798288249526,4
-0.8574226235684543,-1.5437530623212108,4
-3.1583804222751373,0.7407088410428156,3
0.7622089532735251,-0.7323802663707205,0
-2.024215138086316,0.976602034065382,3
-0.3193492677516807,-0.010996992025210817,1
2.0042677039553407,0.14522207089780542,0
1.352810489089645,1.0357581810823282,0
-1.663240261392515,0.7201727370782249,3
-1.1538889252923117,-1.40585305387399,4
2.714039390960933,-1.2762099270278895,0
3.9543279333556196,1.0906980786120017,2
4.033384149659866,2.0276194407378845,2
-1.1270062872562479,1.4750461908300097,1
-1.6147564668158196,0.8656983404696976,3
-3.8426161014053632,-1.8690450705909605,3
-1.2376315791861183,1.0831335448910384,1
1.5546797841551274,-0.33884493289350726,0
-0.28316940034475524,-0.9478708333640309,4
-1.617107264169216,-1.523102682550857,4
3.5207396357062,-0.32299378247710886,2
-0.7973089761850387,-1.1574093645698529,4
-1.1997703008888494,-1.5194776356211288,4
3.6943446227679058,0.14301862087072026,2
1.6046496950907527,-1.2660013014904405,0
-2.380671388841824,0.971639266412085,3
3.643855078444744,-0.304349324059335,2
3.82149656063167,0.14766362803349142,2
-0.8185854981191112,0.2890661675695586,1
3.3308665763465415,0.19011551885182193,2
-1.7839578886507905,-1.8286847481682482,4
1.600547514294689,2.996074218688377,1
2.3728905047600817,-0.7831439743173635,0
-1.7715655814930258,-1.3327115785516281,4
0.18409684669329018,-0.7922997413464944,4
3.157155778382663,0.12016574291888378,2
-0.41278854278723753,-1.1139812703363794,4
3.6949527058901452,1.0589515469495494,2
2.376482547297626,-1.2990416769079118,0
2.1356988632292055,-0.8071870057034936,0
-2.298361851027608,-1.1900232089739704,4
3.683521740909376,0.14621261218145093,2
2.55033342758356,0.14000333907577606,2
-0.8775292749317714,0.4247401940442964,1
-2.1636339045910384,0.8841079196091226,3
0.2772801777213215,-1.5343592771337127,4
-3.378403583140822,-1.148001493647581,3
1.1902415306575984,-0.6606967069832999,0
1.328600980428999,-0.9326877762334895,0
2.9659956980424007,0.20828106612624775,2
-1.0422241429547685,-1.3584470038286676,4
4.289468679723161,2.5177624560829166,2
3.4352926269996065,-1.2727463819890432,2
2.8565333593926905,-0.2628603362412605,2
-1.617437234968795,-1.2840117837995149,4
0.8582128313152925,2.2556007128845783,1
0.6143093513770145,0.23678520151954274,0
0.43344410486269236,1.5244506812327,1
-1.6116876828103754,0.1944693045654075,3
0.5874309826119044,-1.3648104436148565,0
-0.7804635596845512,1.0897510637493546,1
0.7555695975511699,-1.5802871091047956,0
-0.39602069021856956,1.1490087635348283,1
2.9468840682131083,-0.1001620483811938,2
1.0646706836945052,-1.2904734020817434,0
2.4196962567375846,-0.8242303748250112,0
-0.26851971842350697,-1.3521937006614007,4
-4.417449696059969,0.333580660501903,3
-2.9469199405919313,-0.35572375354483055,3
-2.1654368824780863,1.399577390379409,3
-1.89937916323092,-1.2035028633223113,4
1.2073231890224705,-0.39534582419457714,0
-0.9977797580879295,-1.6330437545593826,4
2.876388228177126,1.1109939651374237,2
2.815852567864644,2.935995123953246,2
-2.104446798392273,-0.2652087828651259,3
-1.069951705870699,-0.5482566512508362,4
-1.9340146540347665,-1.4032091739992634,4
-0.39003928572634206,-0.18037955328379557,4
-0.6491998822946093,1.882209236494137,1
-2.35627665105628,1.7996189680750596,3
-0.7911528558681727,0.6249249777551749,1
-0.09786968809889865,0.48123982956121714,1
1.1919603697488113,-1.0221159470266794,0
-0.412537206575747,0.6820221511644571,1
-2.9181742302760605,-1.477004006057013,4
-0.7573947719596656,-1.3000929237365368,4
-1.5410623596447,0.5793913143853154,3
-1.8546663292209544,0.27374986490300424,3
0.8226327554644542,-1.3310617359554762,0
-1.7969314843806612,0.9311579126012237,3
-1.1070176220311687,0.0840670711212657,4
-0.1839912798483989,-0.0009312998124194061,1
2.0264046287385313,-0.307980284841767,0
1.3168451599144602,0.43363097939760276,0
-3.076090997859412,0.7636680379223211,3
-1.4378639467401542,0.7734070259848285,1
-3.31564385240586,1.1535002127780325,3
1.5534690211421884,-0.08825303006938368,0
2.0716262183129976,1.0530653684917124,2
-0.3581840473823553,-1.2867414176638337,4
2.183078863220299,1.7623703587216644,2
3.0253994863141815,-0.40703423319337156,2
-3.434271511300407,0.8161565328221542,3
2.8321748454440905,-1.3578141314146903,0
1.5967235749794475,-1.29955573455784,0
-2.068150127768501,-1.5513889038617197,4
2.0636403094594136,-1.3047606601302764,0
1.842447222348433,0.3801412358636476,0
-1.3047010598191648,0.43463857018853425,1
-1.2332233881857066,2.373231577258292,1
0.30828279846093254,-1.492439466668294,4
2.870484428439396,0.29179014933619796,2
-3.32944412049136,0.6149366957498391,3
-0.05224660714473611,0.12280868958337589,1
-0.3439865354167877,-0.17928771766641224,4
1.0080729472292445,0.14135860719093674,0
3.154793038235986,0.4386773596954844,2
-1.5866839207211094,0.7860604186714627,3
3.848076924019878,0.12512149400069456,2
0.49199943938273283,1.7658319957972495,1
-0.966720549252271,-1.6765531809678305,4
-2.8349557949571054,1.0290390650557588,3
-1.648848347003984,-0.175751866175559,4
3.713918328383797,0.173020370569258,2
-1.1894410857389337,-0.90079515753599,4
2.4197477443819806,0.8374503175040308,2
-0.8108268628413599,0.8335562162945672,1
1.1295452781085236,0.6856519034731376,0
2.5076433660704405,-1.0950638509471484,0
3.073209019757389,1.167313950451583,2
-1.1473341455877581,-1.4739029940450918,4
-1.264591669318811,-0.8960561067865006,4
0.8783045550180238,0.9209495597326602,0
3.8652742582013806,-0.3630948218287652,2
0.7703387474099904,-0.21259482326958207,0
2.471329374238867,-0.8631556393555885,0
0.9399300349663965,0.189218524398874,0
2.3202446746294467,0.13414176717423026,2
1.1678451029957788,-1.0051368356367787,0
-0.5557958520028015,-1.461847754255291,4
3.7353577962170568,0.17472711748319258,2
-0.37522071246234767,1.102237582417847,1
-1.000394196162877,1.4986696414764908,1
-3.4092894269081,-1.8183468133393923,4
-0.7349464105565408,0.7271442036514969,1
-2.9560071740726706,0.8884487100032654,3
-2.7937017130129598,-0.487984147988464,3
-1.7113266590493375,1.4906179444483632,1
1.591069358690474,0.13395425238231168,0
1.7311651443945026,-0.8130352462104399,0
-1.1691755414320038,2.024276927745227,1
-1.4485197807216468,-0.9492790547999749,4
1.5699678730939857,-1.2968224860625666,0
1.8989885393321977,0.32808710558932164,0
2.7799909644073146,0.3846781635394405,2
-3.8516173455302622,0.6819592839303241,3
0.5263346562725056,-1.337260905523342,0
2.009178036151426,0.20111183745583344,0
-3.0443794957119907,0.9504239758450339,3
-1.2106874691685627,1.0649356357805886,1
-0.6479515346362477,-0.9311603686819546,4
-0.4515112032943376,-0.5430981954907481,4
-2.1066202987332137,0.340327175423873,3
-2.0372873539244027,-0.0056280169058459395,3
-1.6813860844018593,0.5662662455935962,3
-0.4930840437734213,1.396400823748428,1
-2.1693267217484884,0.8654456689684231,3
-1.0266119560160645,-0.13314544391873948,4
-1.256718411432264,-0.3589109932582342,4
1.3933942047748018,-1.121246734293158,0
-1.8223227448048827,0.14701646730464013,3
1.2959103892866286,-0.28385987081261504,0
1.1623443349396434,0.44809255767881995,0
1.445017668392776,-0.4010207750805089,0
-0.11164067194256375,0.6996245746908942,1
3.311234213297168,-0.05917384748839674,2
-1.1059060705621577,-1.2992331818078016,4
2.034672974276047,-1.1129202436303236,0
0.49230143122599757,-1.6458444526179623,0
-1.6087253948197724,0.22595916855196035,3
-0.565691727524412,2.019113021531196,1
-0.5640721361483587,-1.2654272988652076,4
-0.8143228515039805,0.9599903620702968,1
3.449158423692033,-1.2903685125012987,2
-2.099016770198897,0.7131065825447627,3
2.8445139064898095,-0.38917669314770853,2
-2.6659296794049396,0.8682291515282928,3
-0.008454988003252784,-1.6078715639325702,4
0.6983766999591253,-1.6096375648993941,0
-0.5146469229363952,0.6460136057849946,1
-2.768027303203914,0.9026178904771245,3
-0.7959918949476779,-1.150207450214763,4
-1.3992533972861074,-0.6235464302564563,4
-0.6451609905453447,-1.531247143036424,4
-0.1689131276812065,-1.0724002549585654,4
-2.785538350579724,-1.4569329766008663,4
1.711810555189877,-1.08339859907801,0
1.5083310171281932,-0.32660464520041105,0
-1.5714030128480623,-1.668864386722327,4
-0.36712074593053723,-1.5780599782304887,4
-0.815306259421656,1.9743414091890634,1
-2.537037785982748,1.1152880237335983,3
-0.7400507833972138,-0.8702168835187377,4
1.5621552251762736,-0.5704988634533157,0
-0.5803130933328241,-0.7615268163175258,4
-2.350897553171392,0.7606212790158586,3
1.1220286152438774,-1.2976499537574924,0
-1.0380172419283886,-0.5974631524173686,4
-0.42612166938145335,0.8687850292564478,1
-2.728967248653219,0.9288259599044337,3
2.59923468879947,-0.060658382787240894,2
-2.6695906603529513,0.9284425466282527,3
-0.9722172398210263,-1.0781409034835057,4
2.4040915934519123,-0.28513030995124644,0
3.604495499137233,-0.07008659066884257,2
-0.7990122302402399,0.7733304582965356,1
-0.7304021412439841,-1.246057593925662,4
1.1572183765181687,0.11977806346703597,0
2.5745975382477377,-0.8318215061241231,0
3.847255568515095,-0.07342979252760376,2
-1.064133231233548,0.8628177245923977,1
0.9714463259188069,0.16802000827816294,0
-1.472633219382045,0.32339915352661724,3
-0.663110670632801,-1.4678648878013398,4
-1.1430891146907045,-0.2943605479451466,4
1.5172582679759123,1.4235320057152214,2
-2.5650381693858497,-1.35086880560163,4
-0.2801000750112108,-1.0465510631132524,4
-0.8349850076886027,1.6574987326852015,1
-0.9377795422724464,1.96441267493356,1
3.5111446759634015,1.3220041486928775,2
-1.0236706332287109,-0.0028057595166122162,4
-0.8190834357312363,0.08214111589809849,4
1.760233388069962,1.2889486353244604,2
-3.223796503794278,0.4041673501234436,3
1.7021579630188308,0.6091630339882059,0
2.3461974079760415,-0.8014596102958053,0
-1.6254331868111611,1.6075059084221162,1
-2.765297642678595,0.7101697649117666,3
-0.8152910121455379,0.21528154775689357,1
-0.5576584747203664,0.2125880515152394,1
2.1659990779180696,-0.8470667006003115,0
1.7387562243167785,1.063712387882159,2
2.442659776923395,-1.1576631543748195,0
-3.2998357167145524,-1.7335592886321092,4
-1.7275187846190663,1.4975683069713481,1
2.107571342392394,0.19633312501957745,0
0.28351879634156163,0.9392695430368794,1
1.883814576195094,-0.815214741378458,0
-1.0694978247116202,-1.1733899985517018,4
-2.3429599382380943,1.4635470330576863,3
1.0962475326843204,0.9040454848385562,0
4.195506014566272,1.5784050188083467,2
2.2857485377540976,-0.5048195793703395,0
2.212769698648821,-0.3380015239652775,0
-1.138377548421733,-0.030531391939298158,4
-0.08311214967569641,0.32991901715597,1
3.02110083537158,-0.3696309845905157,2
1.6651414658943873,-0.32854603270916016,0
-0.27650892679980565,-0.7044372320036143,4
-0.5875678248637216,1.4865591959023623,1
-1.293869876434669,-0.7544383932938515,4
-0.2193453964677173,-0.7485104777706545,4
-3.792881455173931,-1.3526902371953518,3
-0.8486065990479831,-0.9134858994410826,4
-1.0025974189254363,-1.575151210499659,4
-1.4387862195801393,-0.14501991657563737,4
-0.573790487142082,0.6333135309959184,1
1.4688074448960609,-0.37040813024806174,0
0.6553096831390481,1.301081874647172,1
-1.0258190197208152,-1.2957032740523702,4
-1.3592282395336366,-0.08963693544983035,4
-3.748864639189773,0.7458457003559417,3
-0.5397694306383506,-1.3461365889991388,4
2.3799300908425374,-0.10956487997387987,2
-0.7547821452775405,-1.5735364024724514,4
-0.4846118881064042,-1.383532757790896,4
2.533919337497514,0.1447234878084308,2
1.5290201679800415,0.08847283371995125,0
-3.9872782551576,0.311878801021165,3
1.599155951583519,-1.104128192488068,0
-1.715655465503119,-0.7277558938034805,4
-0.38579454156350057,-0.9291098332931251,4
-2.6375071848415867,1.0291186440687803,3
-1.8576229444780328,0.7964210027314442,3
-2.1096504375476046,0.6448035454122358,3
1.3904850914495963,-0.09926753560677179,0
-4.6109731202894615,0.29952239621653315,3
2.91267045456226,0.46243791186234406,2
3.4232185556133685,0.12159855076438798,2
-0.4692499989406913,0.8605616404015347,1
2.482743030209013,2.3017649943107275,2
-2.0761447671068076,-1.0289515536991567,4
1.691393369301553,-0.11980469425527168,0
-2.6811837865345467,0.6042238237994254,3
-0.7907690906764893,1.2827444065902511,1
-1.6145668382674838,0.7286760590296555,3
0.5238478738135106,-1.04017190718347,0
1.8276270996217017,1.1010991024893875,2
-1.3074291590314866,0.26115866547041106,1
0.08792893466984039,-1.0886162600969933,4
-0.27400671976536795,-0.07628703036211873,4
-2.137254288688553,-1.3685650991418588,4
-0.8697572026440954,1.6920300869812648,1
-1.1976913141704608,1.5129270762266578,1
0.41595535336689415,-1.620225146911588,0
-1.7066050484563746,-0.06816020879003537,3
-2.8784613773994208,1.2629257997300116,3
-1.8554451420489544,0.46367272286620453,3
-2.100979489875566,-1.1952523645938762,4
-0.4282254971423427,-0.21444369446981093,4
-1.493335190507528,-1.4286106354702597,4
2.844958198926879,-0.23994805972096528,2
1.5849491026589142,0.469100636428998,0
4.069209304195343,2.2529747133915508,2
-1.7343709185554401,0.6898233455868888,3
3.678749734670843,0.3569420806176012,2
1.7026597895239501,2.2938496155762884,2
1.6031399783267606,-1.305305895476952,0
1.4512917000055796,0.8176733627720757,0
-0.5823312153246155,1.149722937448307,1
-1.5028956306143764,0.9942169082185788,1
-0.6449150219566784,-1.5068949096883628,4
-0.5425157804882803,-1.494187291445454,4
3.400658698461173,0.16671218740145155,2
2.48360054158252,0.09866944612043856,2
1.6846163168624546,1.310765857241009,2
-0.25569867268556123,-1.3294111662130417,4
1.9654729556226496,-0.24663389642370337,0
-1.6693399716530988,-1.7131610501435846,4
3.8350245777167085,-0.3783991823153492,2
1.3442561136473683,0.6322159251561593,0
-1.4108556061046964,0.7139190008081678,1
-0.28876277092609626,-1.0454963759494078,4
-1.3308085797952383,-0.027992883971673238,4
1.490200684260057,-1.0698122551301437,0
-2.035915756290441,1.143218908650763,3
0.010408336143171285,-0.5687847473821407,4
-1.3595577142618276,-1.6767316243026091,4
-0.8006839291422146,2.272690965974235,1
2.100523994055674,0.4209854120176465,2
-1.0614760453564565,-1.310688477874117,4
1.541241147298852,-0.47217282028745555,0
-1.4621317730038481,0.7565730497936499,1
0.4320335074845645,0.2191972138805831,0
-1.8105596765693688,1.0034259055187693,3
0.269569399224572,1.6571213622677665,1
-1.0073015220195014,-1.5808227581194536,4
-0.2607382578077031,-0.2141222008789841,4
3.621027758576533,-0.36834545492244525,2
-1.9457168783602599,-0.25405514658716855,3
-2.8919922018251905,1.1759022287739278,3
0.8424000850163293,0.9116671068913069,1
-1.6264596719862254,-0.12965984052240387,4
-1.7313260002931787,0.29263134255396367,3
-0.4815631225425696,-1.0280134330358086,4
-0.5364723662885307,-1.5712478952067408,4
1.7819151274179839,-1.0033939687404358,0
-0.2783650008534736,-1.012005867600137,4
-0.08542836768568104,-0.1508297956274453,4
-1.57694426602421,-0.025633104078436636,4
-2.2495299643429116,-1.5066343462170262,4
-0.9211761547439214,-0.36266123591489646,4
-3.348799945379565,1.0493342745413443,3
2.9657595413972793,-0.8523497286160907,2
-0.8773953652240964,1.1393555815500995,1
1.704155992814094,-1.3509088910627656,0
1.9083927690995204,-1.2394573421009782,0
-1.3115376584756229,-0.1733991097831597,4
-1.2324959110785965,-1.2958231890162044,4
-0.8992548962923398,1.9248981437575736,1
-0.6625249557536744,-1.077459337974761,4
1.5772697638294977,-0.8169911959965517,0
1.6049308515741028,-0.6584015459444906,0
-1.4143090952108155,-1.0508358695228024,4
-1.2956900928586221,0.7603442344301155,1
-1.0384089790896291,0.5895106637073977,1
-2.3269133071588146,0.45216800154918524,3
0.8540102565708454,1.0976965711892601,1
1.9410197527662902,0.1716289044125856,0
1.893978662588311,-0.3355283050423533,0
-0.21155696474016086,1.5166752282742808,1
-1.3086617375043588,-1.6102368994334837,4
-4.06496820239183,0.37011312820951175,3
1.7272639306458866,0.3058148928137168,0
2.345049620180303,0.1678159348090209,2
-0.5955895334906648,1.406404803571668,1
2.88003580502375,0.6379260257647125,2
2.629625178966928,-0.8060423050745068,0
-0.4815236496512657,-1.5191584518227323,4
1.6555622384110236,1.7747182127590357,2
2.4322516772998113,0.8723545325168983,2
-1.0861642363630017,1.538612631073133,1
-1.7155708993654333,-1.1375924612943582,4
-1.8298883039800733,-0.762070075968737,4
2.5417346566299917,-0.1158110848715107,2
-1.5668952286372622,-0.92271555616381,4
-3.74482031492578,1.3122624285550444,3
-1.0078668887260502,-0.8812378071249931,4
0.6115888313004739,-0.2114699081289146,0
-0.7390343108454793,-1.323111473312867,4
-1.4404228723017063,-1.5456860264507217,4
-0.0062333642145389195,-1.1313294646019216,4
4.020963301336908,0.5663671712699914,2
-1.5869720400955414,-0.24275822924243673,4
-1.5831097850053562,2.5855686559801576,1
0.6490915666423663,0.00018910314069478518,0
-2.293114787594318,-1.1051740176018567,4
-2.0657121809310284,1.5505986659602993,3
1.2097932254751964,0.6968262963203915,0
3.435216732520792,-0.11999913320585803,2
-1.876504746140346,1.537053738736938,3
2.742992900883061,1.5492930102960418,2
-0.388796699876356,-1.0478823562643906,4
0.895446793253795,-1.2988547061463593,0
-2.319402762776226,-1.884194306384569,4
1.2105429161221126,0.18232724050711135,0
-0.3325193588031268,-1.519813638706316,4
-1.9604701902763215,1.7748352253854691,3
0.4874023180680923,-0.23472635167089664,0
0.4095570038827986,0.6023070883314336,1
-0.5655276447619121,-0.7458312255454733,4
0.5746508710163396,-1.6037182386629794,0
1.8888391122355448,0.4152060690329471,0
-1.4112517013683386,-1.6413201238412116,4
-1.2799542523762741,-0.6839828774172589,4
-1.7557814261954392,-0.09019587721142691,3
-2.6280611632011497,0.736104491451007,3
3.9983575306652654,1.5369105772757488,2
-2.615959022241941,-1.043712746398676,4
-1.2082864793047898,-1.2083513491470768,4
0.3359837416570176,0.9802466655326745,1
1.5447312889501426,-0.805571046926442,0
2.332656395259845,-0.7764713626230694,0
0.7970109278265223,1.5840761270582864,1
1.3888438160562202,1.05424917052676,0
-1.6314676052989694,1.1395574245311149,3
-0.002268739312188725,0.29500363965962906,1
-1.1221525345586423,-1.084258064527717,4
-1.090929706027497,0.9092188509935448,1
2.4789734867507995,-1.3448235336980523,0
-1.2702823576908728,-1.445336204945205,4
-2.3896006445040703,1.3174344923749919,3
-2.5152117140786086,-1.2411327979286093,4
1.7671454261457662,0.4252652037985778,0
3.8824506902291436,0.1290604691878519,2
1.4551935523079584,-0.5806037334970976,0
-0.6608123561222782,2.3974351329937638,1
-0.8503339495820355,-1.0867236042694075,4
1.607665326944017,3.9294800809939563,1
-1.6959983281843485,0.09293058907931707,3
-1.512963113014223,0.7655809242664026,3
2.688304219207465,-0.84600603925272,0
-1.120612627119209,-1.376490733688265,4
-1.731980454802497,-0.16972505230362328,4
1.8508401098717864,0.09504409111148533,0
-2.1007522782142303,-0.20222113017502172,3
-2.0791425125155225,1.7517039064888413,3
-1.1561746817393828,-1.587776721660961,4
-0.6117171384376163,2.076048188767061,1
-2.1103104352917197,1.0240386645850574,3
1.7321825021987618,-1.0796284052966485,0
-2.185408662799826,0.9817438238018028,3
3.0006973005478943,-0.35230184797039826,2
3.537692856086598,0.3911579786241445,2
0.7043545781552323,-0.19932831062516423,0
0.03033271445924232,-0.14167120466516547,4
-2.6803266086447444,1.3257284647296024,3
0.3414214434684195,-0.10795470968415284,0
-1.2636099666044855,-0.03982702633414928,4
3.5639932093719566,0.1607754192208034,2
-1.6599148589726442,-1.970946383209315,4
-1.240528130454675,0.0811257974813885,4
-1.6855432239033965,-0.20067544970175985,4
-3.4132040202684677,0.3683777979545875,3
0.0033645770179213524,-1.0666008944440677,4
2.3296093888683376,-1.3347145441893344,0
-1.3978863748071089,1.625908909399147,1
1.329282082105724,-0.8111353709278104,0
-0.12242679823271646,-0.7284687453162938,4
2.0693289117865152,-0.8338850679287201,0
-0.1660751002484301,0.8612411992220718,1
2.2164540711412246,-0.3123601473313735,0
-0.7598275431305879,-0.03860310136421091,4
-1.795225701010012,1.1267448675221827,3
1.8100403766219588,0.4511825190493748,0
-0.8837046637891616,1.7886975931667324,1
-0.046140113267943816,-0.6704323504918136,4
0.22945288006440018,-0.0484199155267426,0
-0.6971540114509152,-0.517435848442598,4
-1.1105462995008868,-1.146545333032115,4
-1.6650564635882332,-0.16803221888907857,4
0.9434513556839906,0.20971362125939014,0
3.2320593142731124,-0.31939926004124586,2
-0.05212562918904537,-0.8230380760445927,4
2.4816480034671278,1.092681622233141,2
-1.001243235950181,1.0914432857600087,1
-4.165706827860394,0.3712261935840994,3
-0.681851493438873,-0.8241821069948401,4
-0.9020497654717142,0.21201468741557683,1
-1.7357824767039416,0.28986683256499873,3
3.515473365399085,0.8884685619222341,2
1.2972821156196754,-0.3187149716680382,0
-3.570855603551913,1.5071860892276743,3
2.2089248664225587,0.19427467713046365,2
-2.60425246563689,1.2600069258767443,3
-0.6221810144275596,-1.1601233765732535,4
-3.331625763957483,-1.8177835862717098,4
-0.2679263998749212,-1.4062425312671434,4
-0.6830981793567636,-0.2917627681074003,4
-1.8059878727096652,1.1681664017943207,3
1.1712384375130023,0.17567739955672573,0
-1.3010272761694328,0.5153009175790927,1
1.3209703437671743,-1.0358424448899335,0
-0.721826609026363,1.0675493158937939,1
-1.2958742332614122,0.9054087600677327,1
-2.193712790757592,-1.57625099935468,4
-1.1142972054247016,1.1062979816876701,1
-0.6498873388790536,1.038164082236459,1
0.3540353870881878,-0.5843791904526338,0
1.814690043605455,-0.8187398668823502,0
2.0886520086018523,1.117864837223046,2
0.06494722769800138,1.3702350246212944,1
-1.0287113662965894,-1.085222282342124,4
-0.24276039600547858,-1.4675005226447815,4
-1.0977252507748076,-0.008754704618772507,4
-1.7281866779645536,0.912823437886183,3
-1.5166567541826206,-1.5379024633910827,4
-2.3855478960773913,-1.4019539734954891,4
-2.093952413472835,0.1615042335639127,3
-2.7685289458211884,1.9064899102117279,3
-1.3460064766194597,0.07099801612063315,4
2.158297746446524,0.1604277651482548,0
1.4773098643772535,-1.2929255874621093,0
0.057576096101412864,-1.1558679597582735,4
2.9975857206738827,0.22268824428808665,2
-1.7029354014991887,1.5441671756159316,1
2.342814204213207,1.585730543857847,2
-1.4901295385734432,-1.5616764252874178,4
-1.074003768238373,-0.03483087710607177,4
-1.890886758217601,2.042428049508682,1
-0.7009421887198467,-1.0747222281498117,4
-1.3786160073354894,0.1433083811932488,3
3.2510934919940593,0.12913312621162992,2
-2.006291865734462,-0.03469934765764765,3
2.2301241599567017,0.6713523770521979,2
1.8042922917531496,0.4784685350571872,0
-1.7526275365319264,0.2620730783949316,3
-3.1465381585858156,-1.2668570892561664,3
1.2254908397477828,-0.6480666188086229,0
-1.1392629251346538,1.8982251470181257,1
-0.9998343368476101,0.6422638522242252,1
3.8219929916666473,0.5843923219163931,2
-3.572198935937918,1.0449312641262412,3
1.5142290201857143,-0.6570025434261616,0
-2.2338680485407503,0.6219926171803276,3
-1.7970347159491105,-0.02357270872795511,3
1.4169385460071273,1.0848060936873594,0
2.0686750940575456,-0.6885835431905509,0
0.6698615376803031,1.5057766909230854,1
3.4441566636387786,-0.3616495166798865,2
-1.1659522270181517,0.5561124049817998,1
2.1503356913449125,1.0325687449396626,2
-1.2783970850289568,-1.3387332532011962,4
-3.0024947228042804,1.222090757439625,3
-3.4228712453919874,0.4917605312299316,3
1.5583861284147784,-0.29087877237664433,0
0.48462374884156223,-0.9284273669839477,0
3.7546105370685985,-0.07442121255321912,2
1.7567269826117569,0.1806096120443189,0
-2.026998093289947,1.01514828952406,3
1.2072389145996976,0.15479702092488906,0
-1.496847756404025,-0.9790997778231745,4
0.6748138606857329,-1.1251384231858035,0
3.481222773280601,-1.2657246180437771,2
2.5415973987471863,-1.3357239017009557,0
1.2380541694996843,-0.9871390066352244,0
-0.3833706917154256,1.0913545214963702,1
2.0979610497651446,0.19859226567220123,0
-1.700077234153374,-0.849920475803247,4
3.3752702211610965,4.338484366677772,2
-2.8664773731351896,-0.20115174717628226,3
-2.212064325109792,0.7120166990699933,3
-4.499097097590645,0.31144829103654764,3
3.0604055494039524,-0.09674468615006884,2
-0.7176297534434367,-1.4631267797909284,4
-1.5906219311438592,0.570071908863257,3
-1.0734384358538107,-0.10872518446974858,4
3.967771812937223,0.5600487178861153,2
-1.1721555497802723,1.5676308850207457,1
-1.856364512054988,2.0901446898127833,1
-2.2781817458406897,0.3162564724346261,3
-2.724943856193421,-0.787969691705617,3
2.284781087568266,-1.0635294754194786,0
-0.11967391364135607,-1.476122298556416,4
2.250638228528008,2.5589644729115872,2
-3.990182435731712,0.4255589193252777,3
1.9848739709671985,-0.6447617241972937,0
-0.2662484424988163,0.8919030352188351,1
2.5459906423704286,0.16035081977351573,2
2.8433951012906546,0.10928037342902021,2
2.2323850437820165,1.5299664772982284,2
2.552773374487198,-0.30996930102348025,2
3.3436545729998612,0.19971050459367767,2
-3.7157904714697207,1.0529233957603614,3
0.6128992454840148,1.4969478263142777,1
-2.659960423791537,-1.1277961677899513,4
3.663036583881603,-0.7881153310873358,2
1.2911444982448104,-0.6586217430262203,0
-0.9324063371686135,-1.3968399653741335,4
3.7792177846461747,0.8669465478443735,2
-1.5918226387054892,-0.053353328921215054,4
-3.3447041783134,3.244673038848714,3
2.430248727849048,-0.8130578177224183,0
-1.6529169205521792,-1.023944116081988,4
-2.146162713577932,-1.942274269929091,4
1.2197745810674143,-1.4808757374574972,0
3.3342670088803708,-0.3378595069363378,2
-0.5846805529406546,2.858524715448256,1
-2.446724388476341,-1.4896387101989024,4
-0.21790190269983564,-0.36676344434160896,4
2.0799044948216308,1.0425531556830756,2
1.3848492628335334,0.26319001998386,0
0.77191519326857,0.18723113207815573,0
-2.2428880365231723,1.0050944187975608,3
1.552426812904611,-0.09433767620961547,0
-2.4027355464495024,0.06932561192260873,3
-1.1269774816430942,0.8206668782039076,1
1.887243936901787,-0.6225205288307892,0
1.1019788728474027,0.4222324895928633,0
-3.9735162176694665,0.6405585096863174,3
-0.8944984206860103,1.4415408628875794,1
2.0315743317255,0.11800193310020664,0
-0.31563695939809,0.02265474139113545,1
2.5992867010112812,-0.13025375822701368,2
-1.7603237279396267,0.3760208424096853,3
-1.8894458436294332,0.1761108022224691,3
2.5784157276749893,-1.3305035817715822,0
-1.265577581810169,-0.9052646167647072,4
2.5866392252837183,0.8782260051087442,2
-0.9330726713714865,-1.5173680962221852,4
2.4251486623198524,0.3792097216551987,2
1.8544833991583605,0.09122618095844694,0
-1.2051782565298303,0.8897544702821123,1
-3.56025831885785,0.6613149247028055,3
-0.27410560590427546,-1.4964056357976858,4
-1.5480996726562726,2.0474224132273666,1
2.3501972767214925,0.6654710223768857,2
1.3978973772676908,1.1649890410928425,0
-2.168633859323819,1.2880856894017905,3
-1.189595128723492,2.270396473830816,1
1.2058421257066996,-1.3131894943500113,0
-0.24495458423291813,0.4655589713270314,1
0.10648403453846056,1.0539886974304011,1
-4.0365505889910684,0.676898530424829,3
-0.6165502456377787,-1.7167426589185613,4
-1.6547225113313866,2.2542807419077047,1
1.3498139924290344,-0.8180345627614842,0
-0.4428818274895602,1.1231943804258635,1
-1.6790781138483204,-1.0281238578378804,4
3.3952241723542125,0.14619044834601752,2
2.1438325969945335,0.14443925766499105,0
-0.10517820503407155,-1.9750457792148144,4
2.238049880515115,-0.3878414056162055,0
1.6880246760630857,1.22243829891256,2
-0.7429536249851528,1.6605337660807296,1
-1.0678395759265684,-1.2470259065191953,4
3.3737056988228002,-0.027523453434276313,2
1.7988897373043162,2.0381159600708836,2
-0.2258233914572982,-1.329637164168665,4
3.1158111671929163,-1.2960789009966334,2
1.4563251866115599,-0.4829061268422441,0
1.696766901513292,0.17942410003597742,0
-1.7775502503330134,0.05643356581398755,3
1.385137322150603,-0.31074431407199044,0
-2.405842360710338,-0.23439299265552388,3
1.2953911886059184,-1.2952656973329688,0
-0.6631100834180939,0.4295105252992065,1
1.2505736688994236,1.6463619116883796,1
1.5329807824276511,-0.29566694843600505,0
-0.8599364562267923,-0.9351541519685171,4
-1.8068678223631585,-1.3636127932735362,4
0.9653810052497838,0.40073387574983643,0
-0.8029545872945544,-1.6071707235667625,4
-1.6541830007246858,0.9037450778714768,3
-2.2640668445992245,0.43578125849486515,3
-0.03334072209995434,0.7247225038085382,1
-1.3091986618675144,2.157713383543593,1
1.8737206755250562,-0.35133278217581,0
-0.6899812215039387,-0.8742549498126416,4
-1.2667141610543386,0.9085829458996966,1
-0.11466716871727642,-0.3519566585198617,4
1.8618334496324418,0.5969307880186746,0
1.5888072749736242,-0.16003728104142062,0
2.1413508885547548,1.9591499206306553,2
1.6290354338222721,-0.3199954392380668,0
-3.485059469082325,1.0395605814273194,3
-0.43789044666817234,1.1614955811112717,1
2.4290573774308934,2.3166041542698648,2
-1.5170264118524401,-0.7589173889783414,4
-3.0218677296154595,0.8811385248248144,3
-2.536219219345992,-0.0635357812141348,3
1.0376594902966187,0.4532157397881882,0
-0.7758261412934889,-1.4609063112375544,4
-1.5160731158391045,0.15837891875477839,3
-0.8791384732600935,1.1247551553890123,1
-0.7772616646835485,-0.9379134525424768,4
0.9690926054237462,0.4329984000514765,0
-0.9188690587519202,3.2764785478823164,1
-1.1564812295592892,0.18348199976717178,1
-2.4247072158126795,0.10478619684576108,3
0.4861831814686872,1.4129179365005102,1
-1.8672446650205603,-1.5196981185230327,4
-0.8588766799104144,1.5804243192980283,1
-0.6867136812148352,1.4345830095452783,1
3.413485821417224,0.33966999330800257,2
-3.4442859295164827,-1.715238813294428,4
-1.2976584628272063,2.0858467513028542,1
2.0093991745360973,0.607919506847154,2
-1.528538060073678,1.4070694205385283,1
2.2550032836700264,0.18292798854920034,2
2.861112539214341,2.040832276324272,2
-1.1870973959516067,-0.4117036997806462,4
-0.6174911161135272,0.7872257497443826,1
-1.8981998804869542,-0.17796995593519044,3
3.639047940114298,-1.2978406748040285,2
-0.22574799845187668,0.22024654118168407,1
0.791680506776447,0.1962694031947757,0
1.2130845290085481,-0.008192888168625928,0
-1.9859289966663332,0.5419732805177452,3
-1.001014579669507,-0.8668901309561022,4
-1.0054107059283597,1.479970414792323,1
1.6604055196307834,0.39108976621811764,0
1.0831790805023198,-1.1159406844841013,0
-2.815808796266646,1.0825864972286208,3
1.1601944602796883,0.3360728189958721,0
3.055830714406776,0.8278596558143364,2
1.6458870847263865,-0.3212701575418674,0
-3.466527004855914,0.6895894110266657,3
-1.4950172743180088,-1.6347281777632396,4
-0.3350795168247024,-0.2128112494422616,4
3.708286559809164,0.1026343180588037,2
2.3254948757805245,-0.28957435421278355,0
-1.0864194009482373,1.1497419849003088,1
1.1446453583278269,0.6820432651254358,0
-0.9062079904163631,0.24333765565728316,1
3.8504716211899894,-0.3381539230507245,2
1.4586275232070713,0.8472888906254382,0
-1.904912891225657,1.262237653817318,3
-1.2068314615144453,1.6196818672663709,1
0.07042285039665881,0.9335304575354431,1
-2.598351101860903,-1.2731528403667434,4
-1.6544072723714107,-1.9759733029925945,4
-1.435851339851659,0.7293571469513408,1
-0.15860309472265413,-0.9620835717088643,4
-0.862130225123991,4.5062822318741995,1
-0.5248177084076994,0.5517501308762285,1
1.8999077339403276,0.4629566876200296,0
1.6686785241506825,-0.8163170494286185,0
-1.5859067164647371,0.701737294990836,3
1.8923966237768743,1.3278600286335904,2
2.243193283814984,0.17166842527431503,2
-1.2006348554708985,2.020624459440292,1
-1.5377471473660793,0.6931587978992535,3
3.0229275465128125,-1.2893569407072845,0
-1.0649176026394105,2.3448195098994855,1
-1.8967800217701491,1.9032468549598378,3
1.397506870690561,-1.2477302328874307,0
-1.0107245306238553,1.7251806224692585,1
2.014098383853639,0.17309459065806093,0
0.9897791700130794,0.44757809750268807,0
-0.795642180006202,-1.4484494150041887,4
-2.865606712367738,1.631134280012526,3
-1.572308776722361,0.6400238693283562,3
-0.1897861807363139,-1.3527720377113477,4
-1.7182374882300497,1.5689190442330416,1
-0.7865412846200714,-0.9116957131594382,4
-0.6282279286174943,-1.6331960456012848,4
-2.1292817767629435,0.16257031920094756,3
-0.36582607820948565,0.47648294141477665,1
-1.7580462732203044,1.1584140356173858,3
-1.79823516982693,-1.9296683647165502,4
-0.21900209361529713,-1.3264632809791126,4
1.9278427491956545,-0.40051236376821003,0
0.08509766542220237,1.0053508850763275,1
-2.3111594085920024,1.1253832206653462,3
2.4748426248043773,0.11878366070907638,2
1.6218092021384645,0.3112969155382918,0
-0.44705866153751306,-1.5310364987445055,4
2.563540976691343,0.11063837092599123,2
-1.5224229655120731,-0.853902236136039,4
-1.1577261061961877,0.8402202301949105,1
0.009023547836684895,-0.3222486887645042,4
1.974311097774138,-1.2325080806458184,0
-0.264515610721348,-1.5883891542900757,4
-0.875043028369538,-0.8392702184915806,4
1.821932428731492,-0.3259730345614157,0
-0.4238345761415486,-0.47497622470334533,4
-0.5874569312297213,-0.8398235929404969,4
-0.7238838921120031,-0.9634512519148353,4
-2.442661422421309,0.6480329413326974,3
-2.145006237734994,1.4637864490335066,3
0.6342919123584543,1.47499872068997,1
3.414078546208654,0.6883221831004407,2
3.817731434226237,1.8120370052589894,2
-1.447097691727177,-0.4430137892929338,4
1.927298566293532,0.39583337958327913,0
-1.0793727638904214,0.7062671028664244,1
-1.0573023106528725,0.9875944495192153,1
-1.3261597605477289,2.2702581614457586,1
2.682133217825789,1.3153354944908457,2
2.717990114161166,0.5899574468747366,2
-3.9036345942405606,0.6930060357146897,3
2.4172155197739302,-0.05617089759034094,2
-0.6744499064648569,1.0779719103719025,1
-3.501887386825755,0.722920834384732,3
-1.6964079146681645,-0.02168499242167493,3
-1.4265705115347642,1.5926770769832483,1
-2.9027776196282606,0.4579313384961088,3
-1.9288167123251918,1.1019605664519185,3
0.9128664977724552,0.9280185137810502,0
-0.5403360699941432,-1.6152181012677156,4
-2.04080278310286,0.7294154854800053,3
-1.3511157997289085,0.022110814269218612,4
-1.9182857850369917,0.882342960426621,3
2.8343832982468777,-1.1148357495983707,0
2.7306202425149775,1.1980453495720058,2
-0.5629638908944595,2.4373978945732784,1
-0.4643420579947505,-0.8405894229105789,4
0.5981772143955816,0.9855287569744862,1
-1.5082353462612412,-0.6202855591557463,4
-0.07190368856251539,-1.451924820228013,4
-1.6047342661498945,-1.3532585145813678,4
-1.0315120119607537,2.996749082698638,1
-1.6682989656308327,1.5828942799535188,1
3.572127097981412,0.42973131712149704,2
1.7697512161255256,-0.3949417657031506,0
-0.1530328598417981,-1.034058824648444,4
-1.7554813046509694,-0.3515115981635561,4
-0.6502476642189042,1.4091898265387308,1
-0.6709261263794896,0.627203421449699,1
-0.7005200244411366,0.394554112092534,1
-1.9046329443943864,0.1519925332333999,3
-1.2930005667396467,0.17817579518475635,4
-2.336956835001575,0.21359750661371812,3
-2.8180828752121663,-1.4201394582986393,4
1.3778483150376697,-0.3169004419913288,0
-3.6025593630096586,0.6684029062203384,3
-1.0728347442819768,1.1869954221029178,1
3.200808724163947,-0.3328506883474531,2
1.4681806856240183,-0.3259563212322939,0
1.520593670594487,-0.3765248492287352,0
1.8275549060901093,0.21965519384410576,0
4.048091637882258,1.0969585461684952,2
-1.3560519976968015,-0.03129894590759941,4
4.059402770124154,1.0549133397309558,2
1.2944763591268713,-0.03779485070917721,0
-1.9941691850037404,-1.9161359512706364,4
-0.5520652920902378,-1.0156945618567923,4
1.678871306727991,-0.7936960382397064,0
-2.721984004724866,-1.8631678110663625,4
0.10393217257431792,1.7635194448298777,1
0.9006888705527315,0.07135001355757677,0
-1.65286125423112,2.247310605818012,1
1.7543770223318798,1.035529437573748,2
1.2912603255626998,0.12597039824603706,0
-0.8322394177857787,-0.02325606003748948,4
-1.0304803752938188,0.48095992561548684,1
-1.9125454088272742,0.052048844986543705,3
-2.527921637899312,1.758801694020646,3
-0.49695565317781654,-0.7954314604656452,4
-0.8676676948102257,-1.5887315741579937,4
3.0637804141178715,1.6522874114266173,2
0.4206455980631929,-1.251389070224752,0
-0.26385986195435973,0.43535578843479517,1
-1.13388716702491,-1.1297298704327112,4
-1.7409624297821091,0.022106964936795107,3
-1.1821947061342701,-1.4477653322914832,4
1.1540796663382458,-0.4016099265465744,0
-0.6028609515028139,-1.4547268962742192,4
-0.3859712261040401,1.0773981858850918,1
-1.5579435587785653,-1.626567771759196,4
2.3649255369023945,0.1934867224139591,2
-0.9288075588468943,-0.8876147547071459,4
-1.4998457685623579,-1.6521322734044943,4
-0.7161052908885818,-1.103790026604148,4
-1.6964134679322447,2.1990798163463734,1
-2.0154303450110063,1.0317209588889489,3
-3.159420371636991,-1.1627164966377672,3
-1.1092694985713296,0.07895989924250353,4
1.4019604083200001,-1.0605587741508824,0
2.1375462728449737,0.5662620063904398,2
2.384927401725879,-0.2019442486798471,0
-0.5475793388315238,1.0244011585071955,1
2.4478406684327925,-1.344637921521439,0
0.228224585031258,0.9203778990967304,1
-0.44390020172676425,-1.4627310423049873,4
3.498435467882073,0.17042637715968273,2
-1.3784929630589458,-0.03811684895546358,4
-1.2833443304806944,0.3028914205698498,1
-2.0398582493875637,0.24359500738060058,3
3.7447314815908483,0.5440907578189822,2
-3.3322840884927944,1.4711285777348406,3
-0.4990707516152264,-1.3118830466894797,4
-2.661786189185235,0.8354720517433086,3
-0.36430157695878285,0.15465017838416822,1
-1.1072649481523558,-0.8867628792226508,4
-0.9231848855507074,-1.0997225078025654,4
0.2672821839491575,-0.6074564443701019,0
0.9428721634973932,0.6381583384889654,0
2.340599811893645,-0.6284402423024503,0
4.236142571993996,2.312770557565309,2
-4.355663945693938,0.26345128439950255,3
-1.2654244525014706,-1.007019507499745,4
-3.395312714856219,0.6993338281452033,3
-0.4738884147931941,-1.3602856055862724,4
-2.1668883444476985,0.7433667302354625,3
-0.5192369193451535,-1.4639074322016643,4
-0.4148067944856131,0.1583532700715034,1
1.3105071352139817,-1.2733823679068896,0
-2.3676693376463467,-1.4611289460422532,4
-0.9812227897165546,-0.7486478714139388,4
1.5870064042342908,0.10601195815105559,0
1.199010476046484,0.19989383762265833,0
0.6652638983646463,1.393888584425017,1
-1.6039995583367306,0.6998134075729773,3
-0.6163076562943502,-0.07982563508558851,4
-1.9930030545534019,-0.1255838068663091,3
-0.29474282488414816,-1.0729496310867863,4
-0.8780982638954921,0.6519981173054591,1
-0.05630814235982537,-1.351153905701015,4
-2.340668927050566,0.07120218898341081,3
-0.9255506365546395,1.5397335359560615,1
-1.0032365313142722,0.5094046224647504,1
-0.7900214206887892,1.4257025382246085,1
-0.8056815119885751,0.2972324508456365,1
3.7437319810599954,-0.3143203248481721,2
2.6501276193489622,-1.341184309160988,0
-2.95250378180539,-1.284307696438197,4
2.825041546702346,-1.331821752782222,0
-1.0035817066807813,0.5631217025085972,1
-1.2669979925345933,-1.2099331006199887,4
-0.3789738736683894,1.5023943226043235,1
-2.104487912428716,-0.6025182910220199,4
1.0472010479339044,1.1586664022057345,1
-1.1707746525393445,-0.8563559432737998,4
-1.3914041395236487,0.30691954312059916,3
-1.5074184201060716,0.9200549200080499,1
0.7103598305217157,1.0297419504601542,1
1.264926475206653,1.416735793074554,0
-2.0834783518505198,1.0624541627702961,3
1.2683879542337353,1.6649866674880933,1
-2.4004439123253367,1.2634121687296354,3
1.604122995562224,-0.8237969328566577,0
-1.3307083822409551,-1.4559826105710063,4
-0.38149948317888094,1.883965396573247,1
-0.8192430412118223,1.7103058326139815,1
0.7504153577042103,-0.8804332570361527,0
2.5952684551258183,-0.799993853537764,0
1.3247792935033595,-0.2758018967201969,0
-1.4771325222585754,0.8696773258106639,1
1.7878592589171636,0.20687093435188814,0
-1.1853775122018568,-0.46444989660609254,4
-0.6180837067271208,0.7425138695047764,1
-1.1960898321629865,1.4783764411280558,1
-1.7629130117292964,-1.0318221407218167,4
-1.2205697111545832,-0.7015254461151796,4
-2.660096754479394,0.8176754768650539,3
-0.9848591593733258,-1.3203942458586557,4
1.345225763278878,-1.303309200023351,0
-0.9256542836642025,0.055051922387545735,4
-0.8130128969351321,-1.457826084111259,4
1.7508177075860238,-0.328677120155517,0
-0.8403036872722337,-0.771391308388822,4
0.7462207893438764,1.2163426338803571,1
-1.6234124570285642,0.2704072208658317,3
0.7556553086914821,2.92981045294294,1
-2.308276643965352,-0.8691257270874501,4
2.2432976717882784,-0.6964085941567392,0
-1.418538565076181,0.6903157289147098,1
2.3573491589045212,-0.8303213231098993,0
3.607953878682709,0.6196848929358926,2
1.9024651445702547,-0.08163721505221341,0
-1.7001795597383411,-1.0176945280435044,4
-0.40366927429801247,-0.9761134445085988,4
0.6933781151193117,1.212103493616126,1
3.2209934588707005,2.478786016671849,2
-1.2575413466445107,-0.6751548147587144,4
-2.1570446973508894,-0.5534784656635562,4
-1.687190908031745,-1.6336951398149422,4
-1.9495172166054344,0.017453992566434415,3
3.4782223191074184,0.19894727321348793,2
-1.416930741931005,1.046943711298386,1
0.33466004636882596,-1.3604120339795154,0
1.6860574891355582,-0.614714650452713,0
-2.2123531378654873,0.7883772526258299,3
1.5584263024363396,-1.3011107559401824,0
-1.2991127000172986,-0.49702252958336385,4
3.2637275822907803,0.2106245938285713,2
-0.4262712315122741,-1.4495874870470935,4
1.6719202346075133,-0.7787855530686204,0
1.0220553821106455,0.8825415323757195,0
-3.168008956473661,0.817376603664839,3
-1.2237536436270593,-1.6925032289700936,4
-1.0723035701741088,-1.273144648392926,4
1.7652641796237287,-1.29840100287602,0
1.0857579275711267,0.6967827236084807,0
-0.2100786986209994,-0.18412777009981285,4
-0.19498962744161283,-1.2866081182595384,4
-3.1603885515675043,0.33101660937212535,3
-1.1418480989513344,-1.1974799521795643,4
-0.4895438574620967,-0.10191679354042832,4
-2.4010006761421514,0.4679021930781475,3
1.060289688045198,-0.6105835842747913,0
-2.4483477538475555,-0.016936051146813014,3
-2.1453656034557538,0.007649137029543479,3
3.716703173537926,0.6633989502706937,2
-1.625051710776284,0.4419390460577629,3
0.6809198596371044,-0.7121104910654663,0
-1.9798599865573705,0.39238028629140576,3
3.1558634426207393,0.5881415897007755,2
1.1485810367121416,-0.6893720895852079,0
-1.5632540576563139,1.7604994174544069,1
1.9458412775985094,0.14499357846938554,0
-1.0338148645422367,0.23829894244259664,1
-1.301862381748316,1.331040881821762,1
1.8509532387493965,1.6088586989558638,2
1.4955992700700933,0.2176657851621543,0
-3.043624535423371,0.5278576255242503,3
-0.8482373185823299,0.21744588678847526,1
-0.30961060797851203,-1.1884767154411084,4
0.6219454316578678,-1.4180009868504626,0
-1.0688190832308113,-0.3997207889417474,4
1.1171204295665431,0.20384396318285036,0
-0.7052952318306588,1.6108610391786684,1
-3.3403876825305363,0.7220433876362821,3
-0.34034268116909405,0.4294111390995651,1
0.9283888106108283,-1.4660108536154102,0
-3.93943807885523,1.4384395968056096,3
-3.5785634780471924,-1.765470725155238,4
2.208389311708809,-1.2749868220602387,0
1.2791059954598833,-0.654110202873125,0
-1.4945627775542383,0.5404874329934989,3
-1.7835060797802043,2.6527012046051053,1
-2.241527579740828,1.4124656229270978,3
-0.9281689457382643,1.1041195990703874,1
1.2164654422675871,1.8810104193920199,1
2.4186586322012436,-0.13336998719855192,2
1.6296043440286803,-1.102924827747212,0
1.5069551410682525,-1.0546217322344518,0
-2.3146461636832476,0.7741787215802733,3
2.135842914788533,0.843033913654004,2
3.23906067244082,-0.04178390181654218,2
-0.6890335482780643,-0.756566844444031,4
-0.674120779145964,2.439705612526169,1
-4.18420868983019,1.8073774151355995,3
-1.238808064632484,0.7585578294786708,1
0.14617193900952533,0.16475508593968435,1
-1.9097339149644499,1.2437925809075665,3
-1.2109569653163283,-0.6839205471479208,4
-2.6682803713169467,-1.6483560886275592,4
2.344265782711132,-1.2774709249707572,0
2.605916515852999,0.6276027969116815,2
-2.0564735428880354,1.1507023881820593,3
-0.3397629889082744,0.6007515561493483,1
-0.6749516202239435,3.3551548147519674,1
1.1651075493336884,-1.2247025061860937,0
-1.931938378295737,-0.5078635226812731,4
-1.5426236027556253,0.45609246758661415,3
2.027547666976908,0.11504425307145973,0
-0.8017362127844727,-1.404901838340067,4
0.4125069649806903,-0.4672548472450413,0
-1.3162093410271085,0.20701373730184586,3
-1.4182973157552758,0.547289244567602,3
-0.2619704541011296,0.1459075402918792,1
1.2578007282801815,-1.3014101548107488,0
-3.430833044860124,-1.195350752507416,3
-2.066287619783467,0.693687842959829,3
1.015789285791218,-0.81914698187166,0
1.7061159922421325,-1.078834179660603,0
3.3174282918004856,-0.29669465051574495,2
-0.8518761896977028,-1.257986492626285,4
0.8003891511253464,-1.5389762749051517,0
-2.395908151187905,1.3119309868452973,3
1.5314668253060506,-0.475940011553565,0
2.592881142840521,-0.3273189355208011,2
-0.16887723278595082,-1.3186118761495853,4
-2.5191514339350487,1.0022424019612506,3
-1.2128332915773976,2.1759832728086157,1
-0.625547485396871,-1.5572101896816717,4
-0.7467014189852083,1.5956602458625033,1
1.6268557788412201,-1.2933738301640887,0
-1.2718080151846336,-1.4449006603491368,4
-1.8491555873250543,-1.9736750166650774,4
0.9551935710314491,-0.24114013460636236,0
-0.9745563887955706,0.8246349999320159,1
-1.6144901466562456,0.6043544899450702,3
-1.3554883489023026,-1.5166241808946062,4
-2.1314126837350633,0.6568813414606826,3
-0.0367672740908655,-1.2096702742215197,4
-1.182251116920834,1.7268133215590022,1
-0.852971199146319,0.461840926781224,1
-1.911274352432345,-0.5037947002248069,4
-0.5817717354847525,-0.8646201600269732,4
-0.1979721693793187,-1.6182975617774398,4
0.8617437718168638,1.055647527654638,1
-0.16922105364390902,-1.4397500223321187,4
3.88658515327868,-0.1370797326207862,2
-0.44726723391765966,1.0338848279735318,1
2.3095106014414704,-0.7841811727810583,0
-2.6767094592912075,0.6395139053312512,3
3.076125005572552,0.8762437498607415,2
3.5141725868216716,0.6607587040352223,2
1.38258855647296,0.7273135534029791,0
0.7570762733631636,-0.8245371307559574,0
-0.04066214846956401,-1.1027159359308596,4
1.3432117512899233,-1.3271065458651228,0
-0.6317025333255568,1.5266155110901667,1
-1.2972310375372562,-0.9744231222409738,4
-2.0515517320860512,-1.055555248133339,4
-0.2433008250432904,-1.1403394701004512,4
-0.8408522376091554,1.5718061626535502,1
3.438887314931109,0.439926861801349,2
-1.4578600177330974,-1.395165661670166,4
-2.774920534738991,-0.07391169306507303,3
-1.0944019639420026,-1.6375152289785402,4
-2.4743913283972176,1.0181843324436683,3
2.101493582084731,0.6502163869968837,2
-1.8695519554643385,0.7718123931100822,3
2.0684487024753104,0.3423624816429858,0
1.172258610572623,1.0083810308139243,0
0.9551671693992487,1.777528830860562,1
3.7969943452842947,-0.39138291707392386,2
-0.6676064197644196,-1.3275735133716509,4
1.2104667671633749,0.1287689032815829,0
-0.8338475693026509,-0.00580660947289896,4
2.706589805226535,-0.06772468713410651,2
0.1630135847002603,2.157830542348003,1
0.6268602115065652,2.234857111899918,1
-2.735181692062438,1.6842549492312338,3
2.07654268005723,1.3139439169590823,2
2.2906478625974396,0.17158572559178997,2
3.973741086557978,0.35380980626461694,2
3.3202243458949092,-0.8230774733595271,2
-1.0653915355102286,-0.0562326287834155,4
-3.1079036605478154,0.8493973086109833,3
-2.593760139412159,1.0181295009464624,3
0.2839869844684926,-1.3086864651267989,4
1.351094641001613,-1.0506298437254216,0
0.8482697149320452,2.3211283846342154,1
-0.5231118916300808,1.6146127748455856,1
-3.4290910385766358,-1.46314728539479,3
3.117759418524345,-1.3075252796104329,2
-1.5430568698649818,1.29956282287895,1
1.1237206327324423,-0.9962957537768706,0
-2.9886535207714195,0.6814192995543842,3
-2.8625177932449932,0.45868463088092337,3
3.5227297627752336,1.1293583645836356,2
3.740622359593816,0.18354974353366693,2
-2.0656887914844253,-0.2670322226662423,3
2.2904558992472004,-0.2789387304358275,0
2.2087087002082555,-0.6432400241155943,0
-0.5265459193234994,0.9536690444470264,1
1.5567492911286127,-0.9528733147263215,0
-1.1866145351494997,-1.2226156248134699,4
-0.9720132943407005,0.13607368119755303,1
-1.8428026615586988,-0.21611782996533443,3
-0.6892267694803933,-1.3037949929884152,4
1.4995724676984241,-0.6819192167438085,0
-1.3150435572048644,-0.08557447851825806,4
-3.8790231780592013,0.6628762593816275,3
1.7314539765365562,-0.3518129216658796,0
-0.6456133582503594,-0.6190701792620033,4
-0.6683906788162112,-1.0292632270233402,4
3.5825076308017567,0.16590999395184408,2
-0.8603983637712583,1.2106673518596396,1
0.136451643728279,0.18998468082157405,1
1.7769534542591305,-1.3133695125544322,0
-0.9170704772192781,-0.8545715562011019,4
-2.2748093410928645,0.16220263718976125,3
-1.4971664240630915,-1.752942244074198,4
-1.0242555432242344,0.6016979261383559,1
1.6467536212277982,-0.21298140931459644,0
-0.3765685801621086,-1.2855073514802036,4
-0.27112852818978517,0.14365262057904166,1
-0.9327583843375824,-1.1747360361774062,4
-0.2472095695577806,-1.1252709934788274,4
0.4007113902831937,-1.555109164114102,0
-2.07145002355328,-1.4718394532962615,4
-0.34054501197607334,-1.5461353315359663,4
-2.28125835762033,-1.2885634946311928,4
-1.924986152985255,-0.18442777999656462,3
-2.0643596341127997,0.5839442946483266,3
0.8800923064987184,0.16512565229175563,0
-0.8466435432026044,0.5875016086077877,1
-2.6299145393742323,-1.3313979167095589,4
3.3342746210802967,-0.8405094820365525,2
2.922597512856812,0.45688492011157733,2
1.4094262657210657,-1.294163777816698,0
-2.09832576155617,-1.9611808439195784,4
0.32926640140570695,0.02045959117490477,0
1.4518289760039382,-0.21114248432517138,0
-1.1909800742387493,1.420162652952567,1
1.1329776910776534,-1.2341760920266136,0
-1.5441360957474108,1.643392169224504,1
3.318735003298578,0.1540168201454291,2
-1.6476263168189702,0.5506321625180873,3
-1.3005731233646265,0.7596260584873068,1
-0.6997123848257071,-0.44239069798524694,4
-1.93792819651282,1.240936001790179,3
-0.15586733469077083,-0.8121652683821762,4
-3.5317375812099447,0.7014556155546792,3
-1.5348135032420023,-1.400187008450612,4
-1.1455892847487115,1.2383998154801727,1
-2.7139746268549985,0.631006370246914,3
-2.2067210162582533,-1.300836583069116,4
2.3731748212960007,-0.8071488539225445,0
-1.4260195652047527,-0.939511170105927,4
2.745440777254936,-0.33479803065009056,2
2.6011313758027086,0.5028492326422959,2
-1.1798658860681248,-0.1470445998012669,4
-1.14087043241415,1.9255692119489094,1
-0.2900901308306487,-0.6565758405089396,4
0.710411806268181,2.661206665778526,1
1.372324193485392,0.15210886115403022,0
-0.08163143189132302,-1.3279698504967126,4
3.740025612723918,-0.32952884931973847,2
-1.4476349637431747,-0.16093031934277718,4
-3.4441040048465847,-0.5007832620243869,3
-2.440407799458521,1.0466736846529863,3
0.32922154999502007,-1.2441389743156412,0
-0.15304074627775643,1.8778248554486912,1
-0.1631330988459537,-0.4433697829770847,4
2.0028974130917723,0.36314836991823335,0
0.5787300027347945,2.508388102111238,1
-1.7647667324604461,-0.20557062076235794,4
-0.28537469254542513,-1.1434213276291685,4
-1.511445059045955,0.580675714092749,3
-0.46214656612110383,0.4180131580335221,1
-1.8171899443726955,-1.1252668330399493,4
1.4580461971726477,-1.290125523074542,0
-2.2230580472210653,-0.2520567547777245,3
0.3262012101044933,0.2731100109263739,1
-0.5999655976752176,-0.7303749354310883,4
1.6518227656511615,-1.0466650928242152,0
-1.2377683734166838,-1.2848155036394568,4
1.8349196558951208,-1.2642900957304577,0
-0.7187000413150786,1.0722988844204822,1
-0.788262824226807,1.32566479019383,1
-0.6949609206769178,0.6055112772069291,1
2.4018082451992973,-0.8138960128100877,0
-2.523031177688972,-1.8006293068664312,4
0.6529889277787482,-0.9873607193250425,0
-1.8376885379328147,0.9285368776425678,3
-2.840703864115821,-0.0941933094825986,3
-2.0853867914863917,0.7162806537905074,3
3.467696244555957,0.15749755432401435,2
-2.233535737779507,-0.5071593278826907,3
-0.981333620275642,0.8417564983753745,1
-1.4682445084349671,0.5987130502430964,3
-1.6620834749205609,-0.2861240077387401,4
2.186306516377925,-0.78196752070208,0
0.9071326061307621,-1.3560945276749117,0
0.8211095227843628,-1.1077917555059762,0
2.272869445131143,0.13731560442501006,2
0.5384004636329133,0.5167093434401193,1
-0.9161324201571228,1.1849568534288382,1
1.9758403112268956,-1.2860592025385584,0
-1.6880455023925556,0.9685566575312714,3
-3.6744809796259457,0.4818241651968709,3
-2.1663044220411765,1.0121148569109046,3
-1.8967943841778625,1.3458725195498282,3
0.05630497531463212,-0.1564638279192644,0
2.751033917163734,0.6224851345984721,2
-0.3736165037173992,1.1322814139781663,1
-4.328371061677173,0.5791580138239789,3
-0.11542584360930677,-0.2087372673585673,4
-0.7952218956582452,1.4092039356222534,1
1.8959862463845392,0.8744908873428163,2
-0.6460586902491563,-0.6212511081980725,4
2.181129763377309,-1.301530607083484,0
-2.844541467403311,0.7106395725345329,3
-1.5175416789926501,0.5703933034874403,3
-1.8492456994969912,-0.16557783637947598,3
-0.9897802980998123,0.6104765533730288,1
1.2399491477810798,-0.250831269711773,0
-2.8663211514454416,-1.484986388525575,4
-0.7726115303600548,-1.2435848486930403,4
-2.7066763220382963,1.3082737774626905,3
3.513412457573729,0.15699715517091323,2
-1.5307122995118712,-1.393159294297759,4
-1.0076944006115123,-0.9032151184681698,4
1.8472136705993707,-0.8037919014980958,0
2.9203576897948453,-0.0877221262408033,2
0.4322782800831326,1.003520812598356,1
-1.3740319025711207,0.30248190688815885,3
-0.25595532492445405,-1.0401164502782363,4
-1.4107699528680766,-0.7594774379424187,4
0.901569168686268,-1.486405663153215,0
1.1643329225775114,0.1829594470008724,0
-1.2272758955515366,1.9880558971794597,1
3.496498908059267,-0.28508555117582624,2
0.7307205086916067,-1.5086852537240314,0
-0.9584091318757997,0.6249370955532729,1
-1.9171110005572707,0.02670797406591184,3
2.3669264326482926,-0.31882594766108746,0
1.7081152395408525,-1.2872594651935882,0
-0.6037407838723802,-1.0119666494849489,4
0.40415435234768327,1.0322703727847296,1
2.8020007811777035,2.568455476286466,2
-1.6376116091200785,0.12156426540429861,3
-3.186304430813371,-1.441833206657478,4
-1.1774811833119,1.8533724792790294,1
-1.0486082382722253,-0.6765002761022615,4
-1.6831399490316783,-0.2269885566890068,4
-1.1538590059301164,1.4065761561797692,1
-0.6067186075158867,-0.0472671738454965,4
1.0668899769669995,-1.2295735431305947,0
2.274911416919884,1.814442418233576,2
-1.571931785337259,0.8184181052040568,3
1.564862881241418,-0.4196858804198547,0
3.326060127381772,-0.3514149542884854,2
-1.2123456705070677,-1.6828780553440847,4
1.8127527752150778,0.18953417434556397,0
1.7267863015572684,-1.0856925641331345,0
-1.4132046587833336,0.8071978142048661,1
-1.1040447627654875,-1.1054678945212981,4
-1.4016058509703688,1.338532628158696,1
1.9174931056733409,-0.307628028474523,0
2.325828516289603,-1.3139771710859083,0
1.166401851469718,-1.3354880713471295,0
1.6822945191917404,0.7938564119723803,0
3.5667015569971885,0.6084067240516999,2
-1.9163964934071325,0.09040923882479675,3
-1.4338188980128008,-0.11234978307190813,4
-1.0789499932087523,-0.04832323415611098,4
-1.3169892933475373,0.7790918075161252,1
-3.1366783302331593,-1.699307963820095,4
-2.612536301728339,-0.08310872058858118,3
-0.9360419125483079,-1.6947012962106363,4
3.5392740462794645,-0.30145402856424575,2
-2.545203387168893,0.13925741147605059,3
-1.9391752111563603,-0.4459477671933523,4
3.5566122273621583,-0.7878584095047168,2
3.43978898717667,0.4094414606257175,2
-0.5057856912562975,-0.4043832097571643,4
-0.05413002779508122,-1.3064769295762684,4
-0.595465585311832,-0.7570424844244084,4
1.8379559893021373,1.3251802028893653,2
-1.5816377744045507,1.572140756247359,1
3.7505355275726235,0.14724139421817506,2
0.07567581099592548,-1.2357506117962673,4
-2.9182745405723653,0.5393291675753195,3
2.3863647735574633,-1.0359611851023296,0
0.47124886655927456,2.9191298956015967,1
0.6050228853360842,0.7808995872568996,1
1.5609059906725067,-0.3775917274468735,0
-2.557572848949288,0.11538085255421711,3
1.9734878239698164,0.12272712549704191,0
2.122756962341359,-0.2784374408183342,0
-1.5262779259665253,-1.7360339977763974,4
-0.9124050300443369,0.2541881732291844,1
2.032495279962664,1.2552811757851212,2
2.147546421977587,-1.2594726030628036,0
2.460192554917697,-1.0291937340149218,0
-1.2857051626430624,1.740268060788753,1
1.0261616388778934,-0.6303876594737781,0
-0.3926065445151441,-0.35010492766414214,4
-2.5779326904937476,1.0201347190433958,3
-2.509779570483782,1.062011211215676,3
-0.06171019168290168,-1.3243736629218334,4
1.8652880925118127,-0.5695278116683984,0
-0.9922797133261299,-1.2305179017253989,4
1.4153640380802621,-0.6201775855946626,0
-0.5274013613648094,1.1166797039446104,1
2.988805281139222,-0.7630344452351085,2
-1.6668323313446576,-0.9080124928912991,4
-0.17689566904024848,-0.6677485498052623,4
-0.6883959953184858,1.111132004415179,1
1.372727528157315,1.1082989512710801,0
-1.4067903704123368,0.7357077190665308,1
1.8210971305924886,0.16490574257832402,0
0.5460877440163759,0.9015925237409186,1
-1.2578055519856295,-1.667985952468422,4
-1.7956125980512967,-1.4493608142148553,4
-1.321426386332665,-0.7194257100683754,4
3.4202248218387092,-1.3047242651903634,2
-0.3220994964335826,0.2694731844058273,1
0.8836867168825301,0.1862672441189852,0
1.422802660869356,0.2682749898894792,0
-1.4729655588976887,-0.6675340977123884,4
3.0596925937793156,-0.8023786004199053,2
-0.5922157769504462,-0.8020192538609796,4
1.8107770295728114,0.40602751850656515,0
1.2993800811067806,-1.2507570381217354,0
3.0410002138134664,-0.04399132014827009,2
1.177250224859045,0.9332405907735462,0
-2.10333192108308,1.8956599014658937,3
-1.1309681207573408,-1.1469918135149484,4
-1.5312820790353967,0.9810787719972236,1
-1.0331092860022222,-0.3662357180808447,4
-1.6387771369927062,0.8467379610631485,3
1.2010652253592613,0.9509790669494995,0
2.129288365256714,-1.2934710194981762,0
2.7549017327252527,1.1126341757890026,2
1.0726346744365036,1.4380814557650552,1
-3.0386274366899273,-0.2587962223962084,3
-2.2585400372615227,-0.558430759400423,3
3.7440932353530085,-0.38009497721093816,2
-0.09635068973179806,-1.23519661907003,4
-0.936129549208518,-0.5845832931460138,4
2.011647282374689,-0.35930844463328476,0
0.20415049044365208,0.39039887612406954,1
1.7120478058768236,-0.3039990052780422,0
-3.078425728360663,0.9284491525138734,3
-1.0979584369406108,-0.9341551985643302,4
-2.1231737527961974,0.5843481637976117,3
1.8715364815256907,-0.12288025967755134,0
3.4849334854006058,0.15144438336644672,2
0.7175298541101838,-0.011781501188363797,0
2.138401180120196,0.11203928119534869,0
-0.7175514485128754,-0.775525040430867,4
-0.6189899300242151,-1.527181021323919,4
3.7883300337647294,0.5993461836761554,2
-1.482374363353208,1.3561845046482626,1
-2.771084340186171,0.8627467515795332,3
-1.368035936271273,1.2761228795653434,1
-3.6520899175563386,0.9593832314772652,3
-1.5472591309998944,-0.9471395915396309,4
1.6427015255101565,0.6344514568353476,0
1.4450743292172141,-0.34572238793683924,0
1.7766273150195762,-0.8670047627779719,0
-1.2433703436670258,0.7658527002804364,1
-1.1546066591628543,-1.3133160790591392,4
3.5688880212174547,0.1355687768712049,2
1.3214844743551342,-0.3263023264454038,0
-1.2774310859259632,-1.51220346868689,4
-1.294206397138304,1.012320676764104,1
-2.3039357281477146,1.042643325344888,3
1.462113257783342,0.6593836694192106,0
-1.028924564825297,-1.135679224244441,4
-1.3619132333623436,0.013798629271757498,4
-1.0415926763568388,-0.330645907392558,4
-0.41463765674665565,0.6324640407395332,1
-2.9498402645143567,-0.5434702011330275,3
-0.30860082017592483,-0.6620753842613861,4
3.902527773651151,1.3805170457687652,2
-0.47250961578345807,-0.6693617780508193,4
-1.979007247039388,1.171440989719323,3
-3.694085250103939,0.9363312878129089,3
-2.270097852839995,-0.07876851682696381,3
-1.3173558796609004,-0.08114393815154092,4
1.3599327327936428,0.6514239428488561,0
0.6710546669450258,-1.37075159110993,0
1.147539577672422,0.13877641518025402,0
-0.4802532365952066,-0.2125197992718279,4
1.575487822733801,-0.8085232163671312,0
-0.8171382070557205,0.2366772438883527,1
-2.58253653264807,-0.48735376345769515,3
2.785707106661238,-0.42391779302941496,2
-1.7387111695069808,1.3126464789905847,3
-0.8639051499487858,-0.7761009991941599,4
2.507365038441874,-1.3505678894124395,0
-0.7036640983837795,1.5281530183227523,1
1.3410354593688352,-0.35769076280362705,0
1.6862856575862513,-0.8133150109099898,0
-1.946770857262065,1.2876568529570425,3
-0.3811447059781914,-0.668304955775344,4
-1.0251325574917889,-0.39073426745845163,4
3.476509273389983,1.4019033482421375,2
-0.009801119299235661,-1.5900252092443814,4
1.9364841374336796,-0.07472835142061152,0
3.5277725732784657,-0.2834592284634508,2
-1.4556480936675553,-1.081212913817683,4
-2.0354650051758165,0.7742748092592104,3
0.00653806800372185,-1.2994441832726364,4
-1.6878728600125743,-0.8406695389579704,4
2.7820482373281683,1.7870550357914925,2
-1.561584067706107,-1.5981291218629015,4
-0.20748662895236067,0.16402551328520854,1
-1.6027520502166166,0.5957174325584764,3
2.552495916524518,2.4931852505120933,2
-1.2272455437749556,1.8508558377987703,1
1.64090280116027,0.021052734613694904,0
-0.6526550950502769,0.4554248053261325,1
3.723639955418023,-0.052612989613067984,2
-1.3130797156507914,-0.6892582677755835,4
-0.7383515370101765,-1.3782101825671131,4
1.6052935362023812,2.0067134529845982,2
-2.2117326824013257,1.0314885632429065,3
-3.658919673635644,1.0770470328055461,3
2.3599220316870877,-1.307046334259845,0
-2.000540058259232,0.19911973691486862,3
1.7772630651964922,1.985619185541566,2
-1.319383390968433,-0.10670972562854703,4
2.174835942324674,0.5692430938966976,2
-1.5469461330599672,-0.08404434440875103,4
1.9587290561796107,-0.3735602101025157,0
-3.170069330753051,-1.4894808411474674,4
-2.213041161675508,1.5469265141931952,3
1.8230661519533986,-1.0760345947287533,0
-2.355663520387568,1.0625145236257214,3
-1.3295863508482693,0.07101823094546554,4
1.402172517278325,-0.8007788428459993,0
3.33069188680152,-0.818220681523784,2
-1.381906741231984,-1.0171527036020531,4
-1.0783992350684644,-0.2233957691720532,4
3.445420333911726,0.4391975335665963,2
-1.1301946697741376,-1.0765378459148887,4
-2.3046131974718764,0.621339111492344,3
-2.7616831190993723,-0.5226657476591764,3
1.701128707707256,0.6298267133274775,0
1.2156283129664969,3.3821571672032658,1
2.606123142781299,0.6526376355586734,2
-2.7068364444015582,0.41555222211157294,3
-3.451777088885058,0.8201415389072301,3
-0.07711297237041423,-1.279527949261946,4
0.4184962693717095,-1.7006411708816485,0
2.079836495441279,-0.35222336673695376,0
3.445823604268237,-0.31204814410695136,2
-2.366635158645164,-0.9307570141080385,4
-2.889556965124965,1.1669807614963665,3
-1.6700557239911966,-1.2110973715314541,4
-1.9779286539048215,-1.1117490702059116,4
-1.1100115320276567,-0.27315425197597154,4
2.8651735245960652,1.0871391897528766,2
-0.979758213188114,-1.7106539716288607,4
-0.5557925186087875,-1.02204646140258,4
1.7321781313504714,-1.092582781718249,0
-0.4011786966878217,0.42792858955803736,1
-0.09180652895829458,-0.2684909114563427,4
1.4770658667701206,-0.4334825756544779,0
-1.212093643386416,-1.2424853468991157,4
2.2889384929154195,-1.2367078340899704,0
-1.9335815807793655,0.7164934314397989,3
-1.854759511910386,1.8743992577256612,1
0.5587683669676065,-0.9431412704099702,0
-1.8329617798026485,-1.5762375003048246,4
1.0754214553053507,-1.2756115322913972,0
4.284273094845218,2.2819063046027037,2
-2.0177409771775356,0.7472974523019386,3
1.746259339950732,0.3972547033285233,0
2.1923096428008715,-1.3230134248696246,0
-1.2062859951632163,0.932170621202272,1
-2.61385212103784,0.8714318545637973,3
-2.394246841039079,-1.3821597493023534,4
-0.5116328920664315,1.0376319079032108,1
-0.7449270084858178,0.6741095461645641,1
3.4890077673667723,-0.36538506295360657,2
2.4711137305467665,-0.2883006829405332,2
-0.6681201324541638,0.8167752336630196,1
3.617628039987954,0.39809172429719186,2
-2.868715761456246,-1.5881625380639572,4
-1.543527666661048,-1.0376669164838397,4
1.8786308108309764,0.8742657297150099,2
-0.2302938815003854,1.0825756878598136,1
-2.1300134949672547,1.1509706296302187,3
-1.01223150387417,-0.05114500066624497,4
2.6328045330618646,0.39855098386909726,2
2.3121354456201892,-0.3070802575364723,0
3.8518977553176725,0.6180893185514846,2
3.4100117702188566,0.6063767469761014,2
-0.6589940765878757,-1.3705222872214815,4
2.334457971445917,-1.2503020536471805,0
1.3073648911278961,-1.2470984176207853,0
2.327735179825767,-1.0260378476064138,0
1.0901300423947644,-0.7565796965520558,0
0.009220915941135263,-0.6583612116477119,4
-2.0422884318475463,-1.488338822819976,4
-0.6843275569793895,1.5109334138079091,1
-1.5971022111561455,0.9260321112731624,3
-0.5912509591207905,1.459514229297993,1
-2.242886714198304,0.3494656865443615,3
-0.02180436513553452,-0.9511741866485516,4
-2.3389998747408747,-0.1807409433500893,3
-1.3477085067787669,-1.0776705794387669,4
0.6697101848055569,-0.6708811394098367,0
1.3414660731582981,-0.7066851903415668,0
-0.20512101712149408,2.0338946632316635,1
-1.080264471014031,-0.12236240256708526,4
-2.174916423570916,0.9218537535105007,3
-1.3185089076939809,0.013879822284392343,4
1.115374897307817,-0.6153971851445668,0
1.7211220159200828,0.15049574154416734,0
-1.2761642915398188,0.006241782317883221,4
1.5197324464261621,1.302517840642275,0
3.405769978238822,-0.8100636420592068,2
2.0914139300361803,0.1704721214005549,0
-0.8587432557335303,0.035949166149315134,4
-1.4187086250103491,1.0039088380887993,1
-2.038723178556836,1.01004705362828,3
-0.9108024559307424,0.19026403781132795,1
1.5208590010155116,2.5716859652997788,1
1.1583406937470582,-0.6312903741310361,0
-1.3047307664393388,0.021624237572241786,4
3.2804709123086173,0.14133595891278217,2
-2.183067630689594,0.38206924808974646,3
1.7401904901990308,1.5398290659690683,2
-2.3967808425165096,-1.299133633403666,4
-0.824743624222747,1.6980144761800102,1
-0.37216940430271517,-2.013186331108662,4
-1.2530517213650885,-1.4695431267648527,4
2.188711445815103,0.6447154452007651,2
-0.8631659406007101,0.14750525987323537,1
-0.6238133619075812,2.258436022176857,1
0.5404230120512123,0.49586160842165117,0
3.4787526277919687,0.08849124231715567,2
-3.2491976311627946,0.8335069881976548,3
3.527206995341128,0.15808444930357324,2
-3.481032411931401,1.0612252214185791,3
-1.365959454414808,0.7888908731821178,1
0.5942471617156951,1.150724592027365,1
1.445228579590964,1.4034096279391468,0
0.15389641977001725,0.28845191658484626,1
2.2025071674218184,-0.07446986606869865,0
-2.3421246291091693,1.0219060446102637,3
1.933939394587091,-1.2805685818058112,0
1.888604190396844,0.10794935017555608,0
1.6575875870137418,-1.3052796219967167,0
1.0748552738136177,0.39862631812342786,0
0.6135478875811975,0.06795339787961892,0
-0.09919021609653941,2.784744848418956,1
2.6266346257502646,-0.3221170918281898,2
-1.3401512634647132,1.755195756318077,1
-0.30725605437511383,-1.3185512338481045,4
-3.101720082049427,0.854295422749641,3
-0.9737510985668028,-1.0040257911672306,4
-2.963511970830396,-0.9608575420236917,3
-1.259802540711112,0.5506693003899354,1
0.19466169671459796,1.0215603046532455,1
-1.1138505186063499,-0.9070514980459079,4
-0.5519489277223159,1.0796995596327235,1
-0.040873202541515635,0.3322586055531063,1
-1.295559134380953,0.16213969877829898,4
1.5854041930807914,-1.0667151268113508,0
-2.198495723119223,-0.17352766530730215,3
3.8966207625346287,0.6055113428913842,2
-1.5987714649458158,-0.5949200246154026,4
-1.9003175740618052,-0.03675881969123582,3
2.659001480172396,1.3926545614888197,2
1.0043532632726515,0.9531761990357812,0
2.2934133327176465,-0.29055367927252773,0
-0.4593955976160633,-1.2091880947662101,4
-2.326993893580653,2.537826425893041,3
-0.6708150462305711,0.11380885210040186,1
-2.6812596145832877,-1.499626514950714,4
-2.8695921589586524,0.9399862270376167,3
-0.5308317138556087,-0.9204395925705469,4
2.1761491429725024,2.8044439399743903,2
4.060816230992341,1.0655805235954383,2
2.0535515438000367,0.10309593633508808,0
0.4649835880034229,-0.5115138880301929,0
2.548801112864453,0.6397430038802269,2
-2.9923174938647437,-0.07660393361306081,3
0.31729194768072677,-0.5567879459526424,0
1.7672702663089244,-0.310872945813571,0
-2.7414753123605204,-1.2688875711242351,4
-0.6914648385951673,-0.8358272350537349,4
-0.9563709723434013,-1.6051019001192806,4
-1.618879081586293,0.4676110937028609,3
-1.3215614623160867,1.9556518751604144,1
-2.8655270208819887,-1.116153073619247,4
2.0560198200614384,0.20332152489287197,0
2.020203928383156,0.1383191606890425,0
-0.7056102000614479,0.800067664925705,1
-1.5864040734110314,-0.0930758451460437,4
-3.1480916767021534,0.6959663253364673,3
-1.7924288908203616,-0.07173729228269571,3
2.0514990692519506,0.5881829477899821,2
-4.1439676284830815,0.40429747064324595,3
-0.7671183439200601,0.2878060530439854,1
0.8192963752920325,0.9842376243482083,1
-2.577953986727921,1.2980224654870947,3
0.5204668302423419,-1.6000789284606887,0
1.1885625786612901,-0.013193569312204667,0
-3.214696556729765,0.22368817534764263,3
2.6312935180651125,0.8249034861938435,2
1.2240655000061387,0.29535645528897775,0
-2.14592648968271,1.522125925624629,3
2.815245832248069,0.6009830317348971,2
0.5773328378869438,1.02574268780347,1
-2.5796419712758976,1.0932072720274577,3
1.9268909934622296,-0.35797384507380237,0
1.8841505695722003,0.17936863726812924,0
3.765608947472156,0.4016078624986583,2
-3.321885473928821,-0.27199210991902883,3
2.9674333914441156,0.08966213160530274,2
-0.5144385738806548,-1.483748886361385,4
-1.0620567580131597,0.9111001568182879,1
-0.32113365134460103,-0.6587599405167063,4
-0.5517645875521944,2.9799375963306183,1
3.3159502754611885,0.9232907534355976,2
0.6770673985544868,0.9758019679264365,1
-1.4703590382496199,0.4199494362455479,3
-1.462707608380596,1.0582785056795112,1
0.7337629746874005,-1.5149168548226213,0
1.2419316477158282,0.21525194185635788,0
-2.388164467167918,-1.9342937157760645,4
3.608132475534819,-0.084900313499946,2
-0.8332093347264973,0.6268526967248782,1
0.19220245409757047,0.8062759886502726,1
-0.8584325127093793,0.13485031295732997,1
1.4751245734675602,0.41304871659083253,0
1.5851377602304633,0.3688968398123937,0
-3.214550433463234,-1.3091156530482013,3
2.0388065581199353,1.6098269171742663,2
-1.3232160797178212,-0.36960626514272643,4
-1.5733142304789915,1.2544261866498967,1
-2.9548655543368647,-1.0701002666596693,3
-0.37191208200140546,-0.6361003458948017,4
-0.9484330128374603,0.31786131964429787,1
-0.8567491869680828,1.1017328755646698,1
0.36551045900346757,-1.1471702503554333,0
1.4722544665331143,0.635163198579963,0
-1.1627043277329818,0.6886253711906958,1
1.8494992197459448,-0.3432849275919887,0
-1.2458671416845162,1.4492885270442357,1
1.9971543292197385,-0.08136819831502248,0
1.5934755592282883,-0.8224632888848712,0
0.8807480234869375,1.276975553944393,1
-0.9887997616583344,1.5155255335785869,1
3.651031430475435,0.16276926289804522,2
-2.0338149702813775,-1.5005584431390582,4
-3.023786978578408,1.1504418277438557,3
1.1744221552939371,-0.6354477937267783,0
2.826749765779445,0.20623680612293527,2
2.2867936236124784,-1.0910317264142035,0
0.7872350500966235,1.033725464181414,1
-1.7096227711462666,0.6866272666950889,3
2.3007879360655332,-0.31246796637612295,0
2.0761131935245376,0.44515325845950193,2
1.697693889198231,-0.34527328630724985,0
3.880785845842021,0.8477843276556398,2
4.1013378669387475,1.3707359391318472,2
0.04935557772988402,-0.9369231108688688,4
1.0643037547311163,0.12937664681854566,0
-0.43651730986080994,0.13980487231687694,1
-1.5374037325943914,1.4079405337496125,1
1.3743139856337132,-1.2630487400622719,0
-1.0289705998219814,-0.5005643069685463,4
-1.0151976012492243,1.9880642708470906,1
4.0209573725569925,0.10205927755689327,2
-1.883166476010529,0.6591509837903347,3
0.00725310581571155,-1.3429994474426292,4
1.1499923394034934,1.1216005502343585,0
1.3422355700948607,-1.2399384317667708,0
2.852257351111143,2.0362562165472515,2
-1.631073357758776,-1.1929524546548902,4
4.002087868795961,1.069974791042104,2
3.543310434440277,0.1075263067760397,2
1.576648928362719,-0.2886156698596777,0
-1.4176185825901093,-0.027900856090287307,4
2.4114442212342433,1.0759887669407022,2
-2.555701402411579,-0.35137037705145846,3
1.677543810800242,-0.7753570188728497,0
3.7350734574237414,-0.3356037522728179,2
3.95382247405912,0.6311821002071968,2
-0.08281535498768991,-1.2624795268763818,4
2.1594486090389267,0.1128869036008542,0
1.8154819556276933,-0.297589844721263,0
0.6136149572047545,2.0450026730279225,1
-1.842656186110722,0.15088791923000033,3
1.738679172796962,-1.289849351232413,0
-1.740969311261343,0.7584143239615597,3
3.4795605412097945,0.6777636882031769,2
-0.03510750508796681,2.9163417294701306,1
-3.512470342653524,0.9683768672047781,3
2.6062147686711366,-0.6271336739987429,0
-1.4733083987786906,-0.6068006121617514,4
-2.130367402775421,0.7871697105758363,3
0.4319379816584481,-0.5070776932581623,0
-0.9333564499025708,-1.6139185640190663,4
1.4257793135490349,-1.2474079019109674,0
-0.8362516568309993,-1.3794058243844376,4
-2.4174306612280834,-1.031955089478714,4
1.1594347613025575,0.16231845671589912,0
-0.520523328292699,1.7007932414832299,1
0.5497011847223682,-0.9634035400320908,0
-1.6866171632653877,0.7922210539173804,3
-0.5278496555861918,1.525311092325416,1
-0.7740232777104883,-1.1191158372878125,4
3.2673619523670774,-0.8049327809084255,2
3.4332912969429863,0.12666339315092096,2
-1.918025172786643,-0.1342395025883803,3
-1.1669319162308904,0.3574094819637797,1
2.3612174162412787,-0.09099365745615398,2
-0.9749259503682801,-0.06212154561683974,4
1.8434253112366192,1.5138022119346248,2
0.4131402728624419,-0.9943037199623919,0
-3.345630260835483,1.1001860813387339,3
1.4728013037955463,-1.2861467627083327,0
1.981539209139802,0.8372344070492157,2
2.7658013829945087,0.8967133770960725,2
-0.6299596899186345,-1.4267489894005623,4
-3.0729033615628705,-1.5518594633700589,4
-1.398496680188921,1.0818610116727907,1
2.403215152591745,-1.310969800891314,0
3.747053731245391,0.3958123424991854,2
-0.4049358311617174,-0.00609261298760036,1
-1.2609790215948644,-0.15739059496944846,4
-1.5009701207805912,0.32497370488581956,3
-1.7163295519857629,-0.023251324611338692,3
-2.0825864377940007,-0.18156856400186233,3
-1.2618024493381712,-1.3492483515210445,4
1.823356970077273,0.5088238537881201,0
-2.9335292286797956,1.19814282512061,3
-0.21862679423526635,2.0731979078399876,1
0.49704808282369517,1.3911157315552765,1
0.33103483164818304,-1.2331424384012375,0
3.378533019621339,-0.3131585408659596,2
-1.8976382426966218,0.5754132460009166,3
2.7877996256661532,-0.7287023954636886,2
-2.8144307173502625,0.17625871672633409,3
-3.6681134977649137,-1.8119684771202567,4
3.3670422255154184,0.619707835994052,2
1.9138099966851547,-0.405535166146383,0
0.167249693344466,-0.9584296295099537,4
-1.1807276876438078,2.0210829675607345,1
-1.0445051742967781,0.16750093103824476,1
-3.380661727818235,1.5544550971839988,3
4.045513096276108,1.5941000021754188,2
1.5546069885918385,0.1518122411072742,0
1.3991304027052713,-1.2914221962623353,0
2.78591120660177,0.11689185955381605,2
0.22460614090532557,0.42330093585601025,1
3.2879938328875924,-0.3073326260714198,2
0.4939644020419044,-1.3901800558996058,0
-0.2946527911818714,0.9018603297999319,1
-2.804226823806411,-1.8554390954582025,4
-2.849351687807098,0.41380440117493056,3
3.9800353890675892,0.10410899757403326,2
-1.3941016155030488,2.5826581212163346,1
-1.8979482892830697,-0.7002763860356471,4
-1.8796449957106127,0.44548648175327665,3
-0.8657399826620397,1.2001223381606223,1
3.161096429525867,0.4281906488651144,2
-0.9303400655282004,-1.0713122171138865,4
3.4095586397208075,-0.29851059511534744,2
-0.361341538234886,1.6251748398927839,1
2.5600824497980366,-0.304692458812505,2
3.8255556014183894,-0.09855852898294434,2
-1.0340706114014502,-1.2718447519902571,4
2.8372974683084267,0.6548344284566009,2
-0.9132044578137255,-0.003906669043671651,4
-2.0376008245213937,-1.2600553649211743,4
-3.200158041244909,1.0133353329949082,3
-1.3915411029525684,-1.6794291333616418,4
-1.659048485913154,1.7540057572102743,1
-1.638288785781908,0.5756497036566814,3
0.20507453269988807,0.15100762105045484,1
-2.8071234941294554,1.1906828998088768,3
0.7793624605792211,1.455080497767619,1
1.5852902727907436,2.2392773732171567,2
-0.5942698600809061,-0.8101077684468863,4
1.5650814707565541,0.10933161525941394,0
-4.083500787966808,0.30224348987137,3
-2.7795959138108737,0.931594427780355,3
-0.5271728483517768,-1.4594847529033532,4
3.241753335699681,-0.7766041765484052,2
-2.4797423244740497,-0.6596942418719639,3
-2.0516488755919933,0.23625797922599023,3
1.2955414118962134,-0.5429243726861136,0
-2.573935408680206,1.8606286129972063,3
-1.3933527043904463,0.11397861947357198,4
-1.5257586326363939,-1.5587149976208503,4
-1.8033712502169763,-0.11955323253538774,3
-0.6982564334725117,1.5952265366626257,1
-2.420544816510406,1.1598035616601938,3
-2.2146547121416407,1.4536129429515317,3
4.364236283900733,2.0679069525919234,2
-1.0502670805327907,1.787074338744552,1
3.570251609806464,0.6696989614753682,2
-1.2832456368799774,2.0773727922427976,1
-4.514454893768744,0.570986938896557,3
-3.6816848995539657,0.4150373852833852,3
2.8808803531005385,-0.771511255995678,2
-1.222582328749887,-0.10477028738721694,4
-0.8516441211711977,1.9237761122103993,1
-1.0931137331218408,0.6737195026810225,1
-3.376397616273163,0.7435696456633121,3
-3.3027515634665208,-1.4521170145186628,4
-1.679632083214788,-1.7228052583081965,4
-1.6717778310517126,0.5018126069903577,3
-0.7602278904322916,2.496207774973854,1
-2.9142623841107875,1.3103640862443338,3
0.9173306133964453,-1.2312714991213336,0
0.33840721448823885,-0.9050980268565798,0
1.595046667888354,-1.3268417403311568,0
1.094091761956987,0.18414786163287467,0
0.9906784511522629,2.4825758022939484,1
3.3644779985850555,-0.02847386299182733,2
-2.627586700255222,-0.1467428554889039,3
-1.8827733515453913,1.3145346508308244,3
-1.3936534738378679,-0.17555265391398364,4
-1.2646414807142388,-0.016544653273980525,4
1.5548046162115288,-1.332044680158458,0
-0.5568926313088663,-1.6598739092949144,4
-3.2183956895959063,0.7727009223684335,3
3.146998894505438,-0.3398648369694105,2
-2.2813858776550657,0.9546072547461406,3
2.9944685158211657,-0.37869345224376033,2
4.04060060727456,0.10873634757520996,2
-2.5577713917360896,0.026468865903690478,3
-0.36628197583295585,0.06623228677110961,1
0.8880163425270808,-0.711826721306912,0
-3.479207039364584,0.8173060051004065,3
-2.6322108767941166,-1.7555330228128705,4
-2.5364271441769715,0.13702380435472883,3
-1.6204083432708463,0.6440124133466972,3
-0.9725261147401341,-0.028656490125715056,4
-0.30260895324928916,-0.0769758597668175,4
1.4869733626489343,0.5345097005587208,0
-1.2556107042840081,1.059615098953098,1
-4.2115445757000645,0.4392418987889517,3
1.7788593418377412,1.3871974375281908,2
-1.1726629240332471,-1.128650052597506,4
-1.1913423206579172,1.6547109583042492,1
-3.992893926806585,0.2553389369709788,3
1.845503958369421,0.10372113136334733,0
1.644674890690841,-0.824279982641508,0
2.194189551457919,0.6320733184201159,2
-1.1148699471413381,0.030194764266993177,4
-2.6622626003955445,0.9910089502156194,3
-2.5305529931638233,0.7361524734834276,3
-0.951491633019987,-1.6107857626868023,4
0.4887172059549654,-0.9340834262591178,0
-0.9756114042173629,-1.615655069326387,4
-1.9024184099282426,-0.09721093395361488,3
-0.6230767961070935,-1.0724537233823463,4
3.676420661339486,-1.2634760344209883,2
-1.7415401134822468,-0.013890155048157077,3
-1.8858946610118852,-1.287874008463293,4
-0.1725755375128347,-0.6932051853989173,4
-1.2466559563788062,-0.9791494209347478,4
0.23769791617296215,-1.1589498032361136,4
1.339052297739086,-0.38772249084185095,0
1.8616612600527003,-0.37809223204675985,0
2.4515409028278317,-0.17220006606093602,2
-0.20415909142491143,-1.282513021902429,4
3.537271825231813,-1.3394986689428257,2
0.41190648139782604,1.0979647689456093,1
-3.643099359397319,1.004156612765399,3
2.127370461605731,-1.306936604039704,0
-1.8005098446077694,-1.4435170923362888,4
-2.2612822371047474,1.4373743311428893,3
-1.7587477012983177,0.6205959794690636,3
-1.3321524325073086,-0.07926921240656262,4
-2.3133573195929302,1.2469967751222053,3
-2.024936730933198,-0.9787932732909681,4
1.2960984975816718,-0.34226747334295776,0
1.3284906155569105,-0.5858598819736652,0
-1.9371289125495246,-1.2385307768370182,4
-1.132224049773008,-1.4522160647828743,4
-1.6320630965230354,-1.4154659481573844,4
-2.4140546102739617,-0.9218648177918779,4
-2.507178626420232,1.4041949197741603,3
2.5551334727159722,2.029393110888134,2
1.1036194018021896,0.6138023895304621,0
-2.3894759551569,-1.5591566236075198,4
-0.4126417788708411,0.6542790700210306,1
1.1087730126420083,0.3742879341060473,0
-1.7821927389139778,1.020888347473452,3
-0.10340497887403946,0.13056497712706394,1
2.490910648433907,-0.5513512484837264,0
2.073862328645511,0.16662745926062805,0
-1.0220484778575685,0.07845404233761334,4
-3.225861361662586,0.3034856714175754,3
2.083056655970438,-0.2963866746903392,0
-0.5914925068391489,1.151370936787134,1
-4.231798033493712,0.27392567552287145,3
1.5397216580762747,-0.33920138107459263,0
-2.752878832715174,0.9132590530431683,3
-2.979007721470063,0.8375197294560978,3
-2.305057792402519,0.37971320396416036,3
-3.1352406689079313,0.7278273594307226,3
4.115985563866614,0.8770173822646565,2
2.039269535531874,0.1657928874086898,0
-3.1592977986235047,0.7303661442487616,3
-0.9287603655755787,0.46322919736564516,1
-1.392608751316421,-0.8771748454342835,4
1.276353523019435,1.4174024256585662,0
-0.7861544895405403,-0.07138151357791836,4
3.4683268910650167,0.656606179819656,2
-1.3361750580772624,-0.6935963777500718,4
-0.8894581809948312,-1.2751042860155823,4
-1.8686512651353258,-0.17222527421323708,3
-1.5473213117250113,0.9471680800669515,1
-1.2923837769643765,-0.7778531345840777,4
-1.8637867615491854,-0.22460441999648353,3
-1.3947301952622222,0.24951750787494797,3
-0.4070631647617343,-1.114565328302874,4
0.7577651913029201,-0.6733683810217358,0
-0.856746072226015,-0.6440511577628316,4
-0.704213354504036,-1.305830176940078,4
1.7057052628947094,-1.2678882850343685,0
-1.5412248645888242,-1.1696345997938216,4
1.1919193528810375,-1.1637394184859529,0
-1.104058268874893,-0.8303769051589595,4
2.1753246808305775,-0.7936855630130789,0
-0.5884473847418156,0.6053810222854882,1
-1.8411664333802167,0.22205919123594353,3
2.8332618030923356,1.492756132359892,2
2.1621941258021296,1.9989696048500347,2
-1.578143775167104,-0.7987201593097121,4
-1.0962445930125384,-0.7319722015166252,4
-1.7143260606757644,0.24120005460891453,3
-3.0919433254640105,0.8042500473661359,3
1.4075614171951485,-0.1062533557449652,0
1.5187394462854176,-0.3324820203677941,0
-1.654353733205237,-1.1132221357165792,4
-4.345335255807165,0.2914116966645314,3
-2.0324421587502957,1.538656816051558,3
-0.2872491922269682,-1.2559238766551402,4
-1.9496475454373903,1.215599521244439,3
2.5775446815337717,-1.0226877580394043,0
-2.2304680201645195,0.853065622019873,3
-1.6140806589646615,-1.492332090184146,4
-2.116018845855051,0.44814542979289484,3
-1.4363878944124389,-0.07273121296681456,4
1.458675457669454,-0.3791955603232202,0
-0.972491756615459,-1.3078785560768171,4
-1.9974142543614073,0.7313150206791859,3
3.8084962284194672,0.6388878483361802,2
1.9987942035019612,-1.267689423848875,0
2.081629571737577,-0.059230714745326596,0
-2.2921202845403035,-1.3748556391782747,4
0.2508403882226202,-0.9436049905015108,0
-1.2281297876366584,-0.017173864590801113,4
1.4257125673423265,-1.2898278431750705,0
-2.27427857424735,1.7084442052066546,3
-2.3180377807978383,-0.8580062181642811,4
1.3885038704472161,1.561229030539096,0
1.4652525416933375,-1.3182858419423034,0
1.2152309375132,0.9248236802898533,0
-0.15894160212527333,-1.1139316357538136,4
-1.6142543747886802,0.6234907908150519,3
1.5840623138517504,-0.3765413634428039,0
-1.7282446714738702,-1.2282008722617792,4
-1.5726701237741516,0.27844068930660826,3
0.4398817298183676,-1.6109338460997078,0
2.9719769403056175,-0.10446295741433667,2
-0.8731050080065239,-1.416915907934939,4
-2.2114684217669143,0.82325445927039,3
-3.956573862100992,0.3104868020008527,3
-0.1778953006713804,1.815010242757178,1
-1.555632740701205,-1.422176736805906,4
3.275623419579993,-0.7750974948215945,2
2.1329476276215646,0.9475024455884726,2
-1.9592217583403893,-0.18091430283825094,3
-0.6426352557878405,-1.295047859059833,4
2.8473168295435403,-1.3346190360719279,0
-1.273900995520433,-0.9873676235487234,4
2.7956333053069686,-0.22091151022123387,2
-1.3574867765723508,1.3312994047883648,1
1.8852479369151962,0.12792672062626514,0
2.5621801803832924,0.10039984318192381,2
-2.5772212791897426,0.16246253230501345,3
-1.2066481821849806,-1.6228351823227745,4
-3.1297288864819106,-0.9018454250404564,3
-0.6425863708230838,0.7976717571467088,1
-2.7985359518518047,-1.3707545506506758,4
4.126493241169035,0.8801156026836734,2
0.26211571259243444,-1.2928412541925096,4
-1.3090082876781004,-1.122155589736025,4
-0.7699183639368352,0.19121033091492912,1
-2.5242343697117042,0.8959284180004952,3
-1.2913538310641992,1.4330499467886284,1
-0.34460728721837475,-0.02981509228770607,4
-1.7641377249895354,-1.207661268860766,4
2.0111182434823323,-0.07070322009233748,0
-2.294608424313902,-0.1528517160230864,3
-1.04221646293597,2.744320329964062,1
3.431906466170464,0.19004137674028915,2
3.4206768152360505,-0.29257675882109124,2
3.463075200271636,0.4470587329178701,2
-1.928218905183767,-1.5034259086931872,4
-0.6971160812239807,-0.7510169850718054,4
-4.274460901491933,0.3683412018753481,3
3.647960715430463,-0.16503879502033497,2
-3.8119270525175373,0.40883774939663475,3
-0.37417126719826943,0.513707855835182,1
-0.9936771068704013,-0.20126702861641774,4
-0.3768329814941338,1.4973428370936108,1
-1.1501220286870555,0.9946184097094777,1
-1.8409417939083104,1.9388526533388646,1
-0.4196777014373373,-1.247527495834594,4
3.0204765856283724,0.21586490563544636,2
3.9201888732442938,0.1636685948783847,2
-1.3878953502163625,-1.0927891476386262,4
-0.9286837982183564,-0.05723323776951569,4
-0.8767678865396177,-0.6400137587002445,4
1.3188731834526326,-1.0297982481809254,0
-0.23931256587968594,0.4120104518271146,1
-0.8553877499736122,-1.47578502955149,4
1.7855810875886946,-0.603165395254075,0
-0.9250861066260452,2.1139218688497903,1
-1.4234183065868256,0.9754437047796796,1
-0.7097939221328798,1.0470146096830089,1
-1.1926201418200448,-1.3915732722949472,4
1.4240511926906967,-0.43217671789881057,0
0.8927435986507047,2.026388009847905,1
0.3110191089920643,-1.5462634260637718,4
4.038946460453564,0.6384359322618947,2
-2.411000204050698,-1.115856351674686,4
-2.3029717963103455,-1.4589277354118892,4
-1.189479523831651,-1.433684851112075,4
1.8050093122374538,0.6631588906303674,0
-1.1762649584038152,0.6960164105018819,1
0.96841212944067,-1.0308386235260891,0
1.5667201537941393,-1.263393709245732,0
-3.7092019940774406,0.3272516717714555,3
-2.154438651580177,1.244672563068518,3
-0.9636212296153563,-1.6465358289376755,4
-1.0920080277565,1.3174715355751572,1
3.3537272206465873,-0.349081634465737,2
-2.561995715942217,0.3879118169379342,3
0.44677861792610873,-0.0030712002619539547,0
2.634319061502711,0.32699688104440056,2
-0.630115941070839,0.15395160800819302,1
-1.8507826849184832,0.6028366977607009,3
-2.0581603911661093,-0.7823845483242196,4
-0.7876296724820157,-1.0794296293788104,4
-1.8131645751513326,-0.7164376388576489,4
3.9877353207669635,1.1005483477861404,2
0.017757824754241258,-1.6640172385042706,4
1.7902575848308113,-0.559386254961163,0
-3.189649848561582,0.5585493423525756,3
0.30695557145669394,-1.5287311368364158,4
-1.6885281084700723,-0.8231824611390041,4
-1.6087867673295047,1.0948740501627658,3
-0.9741039525878334,-0.85151860167443,4
-0.12873800507381686,0.1345941015079007,1
-1.221739691508075,-1.357175346377431,4
-1.1075295913370151,-0.5753524840615094,4
-1.6426326666258877,-1.3316339047953947,4
1.5785483065764085,-0.3438280533079593,0
-0.5467952357936064,-1.6653766766011986,4
-0.4434006912921741,-0.9552645453182219,4
-1.0253510815661087,-1.1834708870101893,4
3.9911716124959704,0.07929689338690472,2
0.9518956723726282,-1.486242989993254,0
0.6754729246921441,-1.374807130097033,0
0.09189535195261635,-1.6827401748480029,4
-1.529176264321554,-1.4371191441264866,4
-1.2124253756995829,-1.6007801984061032,4
-1.2741342842041548,-1.2486394965025251,4
-2.6085682278082984,-0.4318450272090859,3
0.512223303764201,-0.11602110785949474,0
2.6418979884048954,2.5365059379261057,2
-0.746612736782473,-0.09037469667082917,4
3.9526008799610723,1.1322644677978944,2
-0.8411369664668944,-1.2913365784146167,4
-1.2044201327237574,-1.6895464657851391,4
-1.1935176064949398,-1.2314135302694071,4
-0.8914767403381396,-1.1235157143949135,4
-1.4241362648013203,-0.594248603490744,4
-1.1973839839831493,-0.9133347493816965,4
-1.1912025910239714,-0.953747082167534,4
-0.43880660086431567,-1.4803700579573331,4
-2.161760466030616,-1.425739670546304,4
0.5083845829601924,-0.6032990013922995,0
-0.7003403565546507,-1.0121925294739589,4
-0.7763791591548572,-1.1751105917239766,4
-0.5970160298153694,-1.4028727026845709,4
-0.9574133278785733,-1.4217477067965991,4
0.28948678574890707,-1.6427912929904294,4
0.3464397420973033,-1.5366955434241696,4
2.5177604062997694,-1.3146566576555567,0
0.12733223877419977,-1.0645111197230404,4
-0.8905856153576371,1.0268610754877963,1
1.1217804861066902,1.0503732932782093,0
-1.5702122961575735,-1.2307678301512932,4
-1.748937237708664,0.2478655444899609,3
-3.5391015223575044,-0.37809460211311435,3
-0.5106416341686429,-1.5092319948075237,4
-1.976809483506737,-1.1424830973685176,4
-0.6323539011792395,-1.2460813853146797,4
2.7929504974887642,-1.2950183648076299,0
-1.0835079736383806,-1.6616554121287568,4
-1.7900891564514347,-1.1451717660640122,4
-0.4058131182229122,1.645457241815209,1
2.9848517034935123,-1.2793865909939428,0
-0.2757751701088823,0.5470018669187877,1
-1.3523049715404412,0.2528748941600342,3
-0.7438209694494643,-0.9418421496828322,4
2.2754679858960745,0.4281266765771091,2
-0.4655872229751583,-0.9039096226890212,4
0.7711628367048856,-0.6734722317290416,0
2.0472094687930333,0.15028876805723523,0
-1.0180396039458472,-2.1134441157201698,4
-0.2668396748771844,-0.6150340499548632,4
-0.7626897837522856,-1.1470781385390825,4
-1.4019650686110925,1.3461627911987348,1
-0.6700466591373956,-1.0283235159428896,4
1.5766976056753588,-1.2666482475354066,0
-1.5479221110913597,-1.6415701003471352,4
-1.9730538752216635,0.39350169947429614,3
-3.753577466068485,0.4105841640134925,3
-0.9087442491276179,1.046557160142824,1
0.5089125166423605,-1.0383321638792407,0
3.5755952573594114,0.3722788265328002,2
1.7626650259049983,0.1926108827153692,0
3.2747374252246844,1.5895873664245632,2
3.547320005992844,0.5701703474270189,2
-2.5624839597078117,0.5861532591838542,3
0.3129709717617437,0.09705294899362012,0
2.397677422739164,0.6152182512135899,2
-1.1996750314263138,-1.5125629620805392,4
3.9071169951441713,1.2862586910246678,2
1.672813164346122,-0.7860700236807101,0
1.5249233348826083,-0.31323233524926836,0
-1.2226002453886706,0.03378467407927706,4
-1.1226531596860152,-0.5340418679664203,4
1.7477024359964006,-1.02417203005388,0
2.5572979820668573,-0.3893815417292314,2
1.6106839869058611,-0.650414679703304,0
1.6754994004209145,-0.8526521538689209,0
-0.581632338355658,-0.7863846120463656,4
1.8296083549755993,1.5316274738014697,2
-0.8734319816431771,-0.03865172896563657,4
1.7173702476689332,0.3991087480650405,0
-2.275697879134923,-2.003919656195147,4
2.4649352988827995,-0.28368425863715174,2
0.7371874295393137,-0.25582351853804075,0
-0.6060281203238108,-1.5053782320770452,4
2.5860966913176187,-1.1140072669214356,0
2.570596909205789,-0.8287994865156718,0
-0.937512081355105,-0.9211862374145212,4
-1.2746957800009782,-0.8173682621251291,4
-2.0061179854319566,1.821845539370361,3
1.5262202012666868,-1.0172106029543508,0
1.4072083427776598,-0.07821456265171942,0
-1.9663348019203502,-1.2719477119125655,4
-0.3515631849873786,-1.3273330288975498,4
-0.9138891696841174,-1.0970994780936445,4
1.8727530409317257,0.5934408533793095,0
-1.1955411980209985,-1.0138316378134282,4
1.5580814691892086,-0.5810652404989147,0
-1.0299464926922517,-1.0201987901583036,4
-1.1937889986773689,2.027588128837288,1
-0.7115956284678497,-1.3015369412092093,4
-0.012731626264585363,-1.6377153669684765,4
-2.1181005945787184,-0.5574807230396315,4
-0.8344311579608059,-1.6703826781316078,4
2.5781300588330804,0.1635837453620234,2
1.308996445503909,1.335799943729936,0
-1.2197869970165378,-0.4817107927624669,4
-0.9607640391041332,-1.0551613754512312,4
0.08453935232811029,-1.259075371492911,4
1.2017068017215509,-0.5620232933004087,0
-0.3918518070062511,-1.278286258953327,4
0.18747785324404143,0.056864292673813,0
-1.463869678871513,-1.1536151220147832,4
-1.3923288611372233,-1.6869490960748132,4
-1.3418944903144092,-1.1896495910731013,4
1.904179985982328,0.6134237344180764,0
-1.5357496026581956,-0.07583897968938519,4
-1.2660813770428623,-0.32842177565410224,4
0.45948650959517645,-0.7988340727609556,0
0.744894186391995,-1.5990434826538857,0
3.725804982802505,0.16520083242258188,2
1.2491167886584564,-1.2656243802319742,0
-1.6148033323639284,1.1136650338189584,3
-1.0471758758136398,-1.4760723276528813,4
-1.3214360847561253,-0.5572820173202967,4
-1.5525475978491294,-0.9412636054851772,4
-0.7870335157777205,-0.959003515283091,4
1.5775925026800848,0.9780514698562444,0
2.318476643120597,-0.8324177841294614,0
0.5552711287413531,-1.4331751992757176,0
-1.7742428364682648,-1.486845676327327,4
1.4429949538217852,-0.06281768556108067,0
2.161506087951285,-0.5204858693633354,0
1.1642715974630198,1.1682110935849739,0
3.9180886189259465,0.41087648924296893,2
2.0020691219025113,-0.6707616443322525,0
-1.5301804095722649,-1.4765077193405491,4
-1.0872330838722915,-1.0770183094104797,4
-1.0350772820222671,-0.10136128627989319,4
-0.16368844979121164,-0.3674019399446398,4
-1.899626856049822,-1.7436565700327449,4
1.523085648777424,-0.3468092257190797,0
-1.1169920641337907,-1.5708479965559632,4
2.4495805805527793,-1.2640690960810164,0
2.507154105360029,-0.3810161098629596,0
3.477416402674018,0.18561488642501556,2
-0.7125830144071607,1.475934659123425,1
-0.29969496657490846,-0.8480087365211637,4
0.9551144796387987,-0.5737115334922466,0
-0.43393270342945955,-1.2674136496149007,4
-0.7943670123272029,-0.08545195604761341,4
-0.28487878783244913,-0.57228705980861,4
-2.4499391931016654,0.556986452000289,3
-1.079661474420024,-1.4797318387676406,4
2.552606375128705,-1.356843982950064,0
2.0344402042759935,-0.8223199339989185,0
0.2863131671435445,-1.649970522548709,4
-1.877344783360558,1.49892034987374,3
-0.5794407123760421,-1.463063994822054,4
-0.8491449765662964,-1.48453109686148,4
0.23670179136728012,-1.6989377185292167,4
1.732023368878809,0.858201287870876,0
2.7390265605644415,0.29435554059211744,2
1.657332330687952,-0.07943354924671922,0
-0.7536793225931929,0.14861193863595962,1
1.207500583130122,0.28615840526660163,0
-0.8830545962336068,1.3666890514734824,1
1.7810432836027574,1.3780100309553092,2
4.205418023249908,1.5163316381283065,2
3.689077835294064,0.5874132301303543,2
0.9699784943824845,-1.1348603800220494,0
3.9820102772436763,1.1204350761872504,2
-1.2318793269413015,1.7580800742275935,1
2.250156850574125,-0.359275079700325,0
1.865108872090664,0.4135674116268415,0
0.7711543449323444,1.7495502824655138,1
-0.9164287883165605,0.7154650224734171,1
1.1693550202090341,0.13001914031811684,0
-1.4903629722657277,0.14694106342014274,3
-2.399015315923049,-1.1853582453914864,4
-4.982792898720803,0.4045593099112188,3
-1.3385683194520652,-0.8346912159390428,4
-1.5340006079775375,-0.6314403648183333,4
-2.2251355848189522,-1.1049368439590197,4
0.27354164302594003,-1.1943220580209464,4
-1.735617677875796,0.7208375864857451,3
-1.258059745530712,0.08379903764978115,4
-0.885459166934601,0.8969883298328623,1
-1.2357395512178306,-1.2675326237035636,4
0.6107516263693066,-1.4181797749214036,0
0.11355708399235348,-1.694826452741497,4
0.062201010621098264,-0.989450236082524,4
0.5784966065923393,0.1838516499733902,0
2.892288901795233,-0.10447830813895734,2
-0.5122373363130471,0.6420972593825115,1
1.6699580273551025,0.14607919129964464,0
2.562427763205375,-1.264721767154784,0
2.0306610910748386,-1.0300818534411036,0
4.192837746872365,1.3376583787776146,2
-0.8578532569154396,-0.48986315541456654,4
2.432357833248728,-0.7714402034356732,0
2.710741699023722,-0.8049590425675465,0
-1.8175975465449776,-0.5506656064740623,4
1.9009658143516888,0.4258077947192923,0
-1.4149045844549857,-1.0416170084737633,4
3.872679382743129,0.6399672127473054,2
2.5938884274879195,0.18071710503624316,2
1.6643855585028933,-1.2912333537865353,0
-1.96845026941242,-0.07936173583000333,3
-1.149614548030054,-1.3142394546920593,4
-2.2236098115516785,-0.7507618541582957,4
-2.5689245927801925,1.3347863031421743,3
-1.7880743287721697,1.8340978760549043,1
0.8301393154226799,1.2901961350828006,1
-1.6964592913848475,-1.1500445875270677,4
-0.4022839814538577,0.7784837755543396,1
3.277718774679694,-1.303646057242402,2
2.065963606485538,0.14166469735729398,0
-1.9634670419303537,0.9585423205778072,3
0.8418464277003449,-0.9410189566846453,0
-1.5315473784562017,-1.2532874218768155,4
2.1565879379754445,-1.2960852064210848,0
1.1216896551803512,0.05717165794880129,0
0.6720789549520142,0.6033698254295466,0
-1.5446239914837123,0.2769024190885968,3
1.352266374858,-1.305240196550595,0
1.8002347315878797,-0.5966081876387134,0
1.651542732100899,-0.5998678628394345,0
-1.2498209678873364,0.14799621273870311,4
1.749117815813804,-1.2716080672001187,0
-0.9139788247000649,-1.5682422804452876,4
1.4836078539780893,1.585682857711234,2
3.4708030551476807,-0.3389275819411215,2
3.408503158707407,-0.7753375094919386,2
1.4683194435148168,1.0751055824230806,0
0.6240614641229271,-0.16519468395364972,0
-1.4951832199501889,0.6944846076278253,3
-2.779911847666667,-1.4357648494936799,4
-1.0450217948153004,-0.07547210526200221,4
1.1535257014515048,0.6628094863287057,0
-1.2340628799691518,0.08339172404192359,4
-4.511078785247496,0.8551460697666816,3
0.05333462859147953,0.05593022592427198,1
-1.3426536727292842,-0.3207159778225394,4
1.9139575629113226,0.15829126027955276,0
-1.6173467950735834,-0.5883458317128809,4
-0.4025818945855283,-1.154157168206658,4
1.2713184158739215,0.6931150098965475,0
-1.6380269912475913,0.3338554754873266,3
-0.9633689721396157,-0.8368932346226642,4
-4.218636971108531,0.3415155926931563,3
2.704014564208741,-0.8601042320885819,0
-1.9346169943644795,-1.0645863617907567,4
2.9364549552221186,0.12204310409853898,2
-0.5911659622298362,-1.5836483618665882,4
-1.1357926873958457,-0.6244513399178864,4
-0.9361280315537064,-1.3949158265887207,4
-3.747630340016947,-1.0265733915826665,3
-1.9541899044765192,0.9349991347251874,3
-2.18901743804406,0.37375612551203913,3
-2.9257828941581447,1.1956585491851142,3
-2.020101467423765,0.8667915747509222,3
-1.4898266961822366,-1.0347037904766,4
2.0545237859805776,-0.25728900537694493,0
-1.9796976559352493,-1.665074503846164,4
-0.23102862988926878,0.5203169010686439,1
-1.1887644855663588,1.3511756704839097,1
3.51879537111399,0.15471905359332422,2
1.8102131376927195,-1.2842624638242652,0
0.39793050624620785,-1.3589349865019287,0
-3.136834986699371,-1.2020331831282207,3
-1.176754101198252,-0.9059772266751744,4
3.429142280966266,0.13093999111588794,2
-1.7077148719472224,0.6107917463426804,3
-0.7423858602530865,-0.7540143459459174,4
1.6156470919027088,-1.2627586857935365,0
1.5573647006408635,-1.2643817871366445,0
-0.34680250572428173,0.5006040820518641,1
-1.96068718926303,0.6591549837467046,3
3.886371433778452,-0.3387043783096734,2
2.5615863843636193,2.580504191064502,2
1.173797047301508,-1.4520320913425817,0
1.3698451401743217,-1.0780890007035893,0
-0.03633179545895532,-1.0005343658862647,4
-0.5952534680247622,1.5032771186214398,1
-3.250767481081168,0.0007996888228847809,3
-1.12808696315331,-1.0064059184810614,4
3.4933491425330985,-0.7810716766210167,2
-1.493390339161895,-1.5855209518696813,4
0.2365499669290035,1.1947485350133356,1
3.758646103744723,0.38632435929028675,2
-0.601757402512506,1.1556617132664648,1
-0.5826071020224375,-0.6242709562760538,4
3.608501906980919,-0.31300290778939616,2
-0.21120663081293536,-0.30635534926257596,4
1.8669669955065817,-1.2676319951670878,0
-3.830164946100495,1.0920026500272777,3
1.6632803485495855,0.16731395227751467,0
-0.9678330130035027,0.6725134472395113,1
2.0551307892231274,0.8576290182323315,2
-1.8539543020111273,0.8917033505853758,3
1.6305359108482484,-0.8160090049340832,0
-2.4245038458442014,-0.9783922438584791,4
3.87127586956831,1.8719954105906782,2
-2.0969609882204883,-1.288236575630242,4
3.2285066630116033,-0.7860099459061519,2
-2.591116737644444,1.435284337671478,3
1.632549103439352,-1.3064188160558585,0
2.2786861379047347,-0.07698218039304983,0
1.094012149410444,0.22200433099129402,0
-1.9694481793491605,1.0940045136414451,3
-3.2483238310227485,-1.7040426545025886,4
-1.0013256313822974,0.03360572913048189,4
-0.6022101307294941,0.8646437187362986,1
-1.6306344838932314,0.41154748545163067,3
3.223391790354824,-0.299170283160173,2
2.169465466550416,0.8027316897703702,2
2.311213305896637,-0.34331426060711456,0
-1.8578979705583274,0.684086586687092,3
2.260498418415436,-0.04395156566184877,0
-1.7138027055492915,0.9848798822040221,3
-1.3717908021458165,-1.6172667741353441,4
0.6816090635433448,0.45306805474362766,0
3.0245386074143505,0.8806489828413911,2
-1.8344826969838413,-1.3733898005001484,4
-1.843004511290297,1.1797285009350826,3
-2.2778007705512473,-1.2469795225366491,4
3.9475636324154553,0.09364939908062499,2
-0.6761750240879304,-0.6528149217431968,4
-1.0088871733529767,2.2568595722520066,1
-1.452913578335387,2.4733114387905917,1
-1.8121031530831573,3.2871575268144624,1
3.277327758975331,-1.273381914870414,2
-0.20950967446561267,1.9144118644945811,1
3.7195527291751747,0.6442990535338204,2
-3.1904003625992923,0.8218227271483343,3
2.0309091638387895,0.6057817773212004,2
-0.5975262295965452,-0.0337052642766289,4
-0.9924120704591781,1.5300044328289037,1
-0.5013311921831335,1.7274190727723158,1
-2.602468838747278,0.3059154504236679,3
-1.1791772851182307,2.429460555615805,1
0.004882775763099381,1.2345939416681304,1
-0.7564349829278496,1.4270668252329486,1
1.8524493836662455,1.0758491154431102,2
3.708635615339485,0.4164455681201159,2
2.293753554144961,-1.073370873560389,0
-0.08414023617193919,1.2313051080116828,1
1.1982513255219471,2.27449210364831,1
0.8359925576408507,0.28370992212428386,0
-1.0910221084833507,-1.1833354877182858,4
-1.5853686258096586,0.7702908718908379,3
0.45012971014166125,2.0222385983892055,1
1.3626356337990142,-1.290161962795152,0
3.5794781389440935,-0.10942414463644803,2
1.8493852828680826,0.15397542171455558,0
3.987065688140015,2.3236164453562345,2
3.853979141882453,0.6259733752956913,2
3.829249075947242,-0.33593143977470646,2
1.7912258488181856,3.6226450201035156,1
-0.7510936476459712,1.1245174794620003,1
-2.1407264957552004,0.4586469858057325,3
0.6865860551446855,-0.7233838655337932,0
1.6193521991892001,-1.0518133095665712,0
3.628679196560396,0.15175262476787454,2
-0.7983916097106902,-1.5992866039895561,4
0.48004094668701003,-0.590987062985981,0
-1.2593275182523946,-0.01398259568307536,4
1.924151572604627,0.408502285184024,0
-0.46762654548378,-0.951752417442945,4
-0.12980816817482788,1.36588037477541,1
3.41524988885787,0.11197861165775332,2
-0.727217454712226,1.1767139729458689,1
2.953960055896155,-0.18326896209714438,2
2.7822154796985177,-0.2473277743349928,2
3.5167840590244612,0.18310686835197243,2
1.4707174257752706,0.6515815442929985,0
1.8522613556772305,0.13963381643151557,0
1.7712057590230006,-1.240676069897287,0
-2.5540225176031637,-1.5858234248637981,4
-1.0133969200062036,-1.4506514750554502,4
2.6164204078372624,-1.1144314452093411,0
2.5742612336459536,-0.3009838765917422,2
-0.5880916523908332,-1.188216764176752,4
1.8825398845277437,0.15480501071807984,0
0.4249847415586918,-1.6394149793193957,0
2.4129201766887065,1.25718984128861,2
1.6396290818501542,-0.3566165224024606,0
2.5423127308909286,0.3845803702306685,2
1.9722797685651108,1.2921007694517674,2
-0.8104387522564782,-0.8721284168756689,4
3.5090056567909715,-1.3036625539063664,2
3.53229391146407,-0.3128773601938282,2
-1.4964678957080695,0.3168549946442882,3
0.4726902403991483,-1.112999193376962,0
2.4654275426666143,-1.3142837893733665,0
1.5965008515223802,0.9048128051196558,0
1.259045892817976,-0.6216789107960482,0
-0.4949585018931133,-0.5466890274302784,4
-0.12083649036121547,0.7004616336863256,1
0.2413021078378618,-1.4752583844098053,4
-0.3390758656545795,-1.2992909382580236,4
-0.9896146641848313,-1.0893365079783204,4
-0.8063273326119781,-1.5704209721553795,4
2.1668859965032023,0.4235039362894767,2
0.5678397747306476,0.24190416003525023,0
-1.7441324126720523,0.5149838801304711,3
1.942680110055657,1.5564625844632258,2
-1.895203583796888,-1.5712563927015177,4
1.988623359940877,1.1235954224895626,2
-3.9983938306008016,0.8749010692417865,3
-1.4845985324023172,-0.8271457898787336,4
-2.7699225216569414,-1.029194445313996,4
-1.1265109298876503,1.0052327803316916,1
3.694591986353825,2.577376911942094,2
3.4719389159171103,-0.28859759699327087,2
-4.669618125943189,0.3315588754278131,3
-4.19480643579967,0.34937448458106185,3
-3.037170672995291,1.0402082174492273,3
3.6102932872813076,0.3722592248986167,2
3.037969575411301,-0.510076261514857,2
-2.132463398237945,-0.4039142786600965,3
-2.231355241053468,0.3983994788897801,3
-1.9076800829270308,0.3478996607400884,3
-0.9487895651338714,0.12788284856353493,1
0.052994528257866,-0.5238517075093335,4
-1.3538879338324141,-0.10940063243970644,4
-1.2072849383986017,0.20792492299025717,1
-1.3275140961788274,-1.4922301811897773,4
-0.7092523989069306,-1.4560003354498876,4
-2.437369196787708,0.4175556284761329,3
-0.17103138796383152,-0.23137620873412978,4
-0.8607290461813633,-0.5670758761311682,4
-1.4336369637610633,-1.7367904055970573,4
-0.19010959406261282,-0.885326419581132,4
1.9195684675240476,0.4211449730804798,0
1.9841255061289824,0.6071300400787563,2
2.4961761871056827,-0.7842536892740957,0
2.461960734555345,0.1636700007498958,2
-0.481995645897794,-1.4474682068654816,4
1.3296194596767466,-1.0060815900187052,0
2.591998738322018,-0.08538763012369485,2
-1.1791755667475816,-1.361325692275801,4
-0.36553418525160053,-1.522148023110719,4
-0.8518411656809687,0.6584657355799526,1
1.4240940662921362,1.2765078666903733,0
1.4963427848821547,-1.02159403511364,0
-1.71292274674573,1.0816061355565925,3
4.066067865456592,0.613586634402292,2
2.922970804248702,0.22103509082002992,2
2.0443592239225614,0.5887333514412657,2
-1.2120800057635668,-0.6411264245330136,4
-1.9348810649273476,0.40151167625046646,3
1.4386849101713066,-0.3074426028973752,0
-1.138319792815563,0.013048314874787872,4
-1.3647339101233409,-1.5129000879772674,4
-0.43179563074297045,1.7783685060143597,1
-1.6543833024568293,-0.12862805079679243,4
0.44467388497307025,0.01795941318959464,0
-1.3727771652936616,0.029096055060102863,4
-2.1341837915789776,0.7187939797893821,3
-1.1169574607432342,1.9777285150768646,1
-1.8711153464476875,0.7585210707625664,3
0.30119990513872863,-1.4161295245499481,4
1.7531864942197182,0.744729341479878,0
-0.34977956778305985,-1.4915078817778042,4
-0.29971130695498194,-0.17018016918085938,4
0.14948731058915737,1.0368233236503135,1
1.1530781498853713,0.4216907560567438,0
-2.053061043346596,-1.3261429113974914,4
-1.268299827269462,0.9080374713233899,1
0.7214332839004011,-0.7843011664031043,0
-2.0691565361770126,0.9554981002229688,3
-1.6942590955714825,0.4205288626694673,3
-1.098542488259623,1.7026157301448686,1
-1.3219522438892604,-1.7065213813675726,4
1.28676709801965,0.22891192152938666,0
-1.9270571888446388,1.0091217190168453,3
-1.734020883241096,0.020412269937290825,3
1.5126230973372041,-0.8266872432718786,0
-1.2561388399223876,-0.9531894236203449,4
1.894217833892448,0.129267433183816,0
0.8152646475597201,0.9787237975770833,1
-0.8641730190667325,1.3480673827549212,1
-2.656492892189163,0.8196100726010546,3
-2.26724667260437,1.08929352831429,3
-1.7687111129562902,-0.9130239961951243,4
-2.011701999974973,-0.6102327172148717,4
-0.005177049897887198,-0.8856280459700323,4
2.796904398414673,0.16145361842035744,2
0.7228646343393239,-1.3333574368653291,0
-0.023893906713193525,-0.989960092663672,4
-1.382817620790872,-0.3536328910530962,4
1.729812455283533,-0.09286801431108754,0
-1.5783250751604865,-1.5320961276639624,4
-1.6951488715410974,0.014111105964956197,3
-1.7432703548444723,-0.12353091555762707,3
-2.145443641667949,0.9610180386970015,3
-0.9285754049239732,0.6681257947987467,1
-0.46715274413815544,0.5912621772955692,1
1.9845661788100224,1.5773400781848426,2
1.9379408528711415,-0.09882747082826662,0
-1.5803812021808414,-0.10592310493298407,4
1.070687382530676,-1.0386356631588156,0
-1.4043859486399726,-0.2833738011866987,4
2.1055801850420495,0.5925271741175286,2
1.1222959110428172,-0.7614177474091338,0
-0.5968647737161078,-0.9671486344110286,4
-1.5646712877136895,1.1633058174166673,1
-1.0586050940704392,-0.5874664073676173,4
-2.4695336125757588,0.9006383200670744,3
-1.7780202122885802,1.3219410193807537,3
-0.6521935885929303,0.7009271974946187,1
-1.6426393983628298,-0.9293335681375252,4
2.230851553128626,1.0919997419966188,2
-1.709323224364878,0.1493534245661906,3
-0.2933789749516946,-0.06447026917842172,4
-2.2957909881875596,-0.12914685687076147,3
-1.3504742203436495,-0.03559117481311119,4
-1.6790834204474343,-0.28188322535147126,4
3.460968769591885,-0.06064058850243306,2
-0.710160649270983,1.0871170755736634,1
-2.323946962370663,0.5860671728941166,3
1.92959807083419,0.6196142448959728,0
-0.8323672299252388,2.255796734675291,1
1.361714495804317,-1.3162926800673378,0
1.4487886793043059,0.20722355850073998,0
2.467200093328714,-0.3269155018146047,0
-0.8074998009298958,1.9032322638926722,1
2.24600135192842,0.11378476962229846,2
-1.973081519937123,-0.788002803077318,4
1.4947840777189174,-1.331896684707541,0
2.7056496300853987,0.42226611733080766,2
-1.9232199905435687,0.7911301278281807,3
-0.7568923535147055,0.24556152144586169,1
-2.5593457773352366,1.2666266725097979,3
-0.7107046032155037,-0.5033694127771592,4
2.054199575044715,0.11978090947919164,0
-4.346374016435557,0.5715485465690677,3
2.2811704952149086,-0.022247645027189622,0
-0.9636176402061274,-0.8337159227827181,4
-0.5387602680774148,4.606367425226235,1
-1.6331010741381067,-1.6575029435056847,4
1.6490013144376987,-0.2944928005469688,0
-1.3856447557978775,0.278608446710098,3
-1.4803717390221243,-1.544966411113996,4
1.792771620063038,-1.3319089868644378,0
-1.5381004959208737,-0.8927810108621371,4
-0.6775287704682954,1.962473650362973,1
-0.39015577497351595,0.5963971337725532,1
-2.1285872182468646,0.6526040271556266,3
-2.515634189565859,0.7598956971132838,3
3.5137000657610984,0.6173339159515498,2
-2.0009931654559936,0.3430049044035624,3
-0.21705006653510336,0.029835543181258126,1
1.5695115161723854,-0.7058399709905244,0
-1.972788712730652,-1.225478480198044,4
-2.9725245970706466,0.9549358373134078,3
0.5193929559458936,-1.6168894627159984,0
1.5834404731985179,0.21547037613107117,0
-4.598101048197104,0.2848057828088018,3
-2.9064299405410132,1.1623950637647578,3
-0.8615892883665971,0.5183756843469585,1
-1.1050053965120052,2.369858328928469,1
-2.5149533464386225,-1.1468378392516947,4
-3.3403215622016376,0.8614493832880467,3
-2.891993765799306,1.2255604933298598,3
3.0552367728287657,0.8991694560008774,2
-1.006544684749996,-1.5991115851410058,4
2.4871501280031407,-0.3869143430618783,0
-0.6538637649771534,0.05598958842253575,1
-1.5829145940243272,-1.6789976318981248,4
2.960264069379768,0.1486789318182744,2
-1.2414538736857574,-1.2901789450688173,4
-0.5389277537598951,0.6938470290050628,1
1.6658305168264949,0.095799557074309,0
-0.05148383699930906,0.7876323294238816,1
-0.04047591722572036,-0.706615853147812,4
-0.2370804943648793,-0.002459671907014002,1
1.585660268641378,-0.2770595617861008,0
0.80673897275604,-0.8278267898506244,0
-1.4299808643225758,0.7113551019849401,1
-1.4854711070421416,-1.1765303672169605,4
-0.8384290128073335,-1.3990433539450624,4
3.0605804631587246,1.5812376506284804,2
-0.1135550233410414,0.6730965312908453,1
-3.306771563550046,0.7876035974322847,3
0.18093052497532447,-1.4619874043591135,4
1.5496719703240565,-0.69076980750361,0
3.8199825897700452,1.1344877050257764,2
-2.7134137933767013,0.8347721840700225,3
2.1903826884336297,0.17011788920342763,0
-2.028167596176999,0.48737968231855877,3
2.32484747872522,0.5991023976853911,2
-0.5073827648936879,-1.2279931150464078,4
-1.145021593226883,-1.1910015949107151,4
-2.1935315097383787,1.1912129051703115,3
3.9402522529444353,1.0768579590696894,2
2.8221397963343358,0.16325867612491812,2
-1.7672726586045706,-1.6239275449048987,4
1.2598900831098974,0.18126870558255775,0
0.3601769389151862,0.15744386587948378,0
-1.1808239270209107,-1.3633636692641393,4
0.9580884451025101,-1.294598828770939,0
1.888314856352115,0.14136521295135157,0
-1.5036200700095375,-1.282679291625363,4
-2.0867125932404447,-1.491157775377928,4
-1.4022762082558766,-1.3697001377433915,4
4.022063091434665,0.5974427096682927,2
-1.9732240792044464,1.252210586386572,3
-0.24776997254751928,1.0985553826053869,1
0.010702945437547587,-1.32128079101816,4
-1.7200059609671405,-1.3840013305414494,4
2.802737371617067,-0.11215241198627798,2
-2.029244976630136,0.1782103483043989,3
-1.236848081116031,-1.6991079444035035,4
3.4551264602207565,1.1122696656870847,2
3.4172877534834414,0.38552222920356816,2
0.5795511422090492,-1.0630261517813142,0
3.555573251458966,0.3851057131176978,2
2.254111469943636,-1.240538533542997,0
1.9635840646410956,-0.01843046376233415,0
-0.43325238358244056,0.06020669115669071,1
1.9409067647852842,0.13413471845603087,0
3.028766516642814,-0.6164740005473704,2
1.5040195538766694,0.39762938659001845,0
2.7608265378410706,0.8711578177674928,2
-1.0879858536157399,0.12318808512957503,4
1.9207124624984777,0.29417551355705146,0
-0.6566866906862099,0.15587152356994965,1
1.6461751150517232,0.4590576579475175,0
-0.7979713667900334,1.0909620957733597,1
0.10267248519291337,0.203359944841219,1
2.096080270221557,-0.9867098574924664,0
1.1912385209836271,-1.3669298640481147,0
-1.9993075158436142,-1.8535581277010373,4
2.7511232835425905,-1.065159760253015,0
2.014346162257444,0.19951393580320453,0
1.8024347635891744,0.9071051986188385,2
-1.327923413816814,-1.7285113845935307,4
3.7964688843731857,0.06042300997394241,2
2.8805177134882167,0.6830742349155756,2
0.35143202465789813,-0.48165228658863235,0
-0.9768846303343726,-0.9371683640846649,4
2.4055451677810376,-0.6612038167179662,0
-1.2223785668818594,-1.0042947789920915,4
-1.2501722810743745,-0.1083615458044712,4
-1.5674525760460905,0.32866971042372134,3
-1.6557696335043302,1.4690118104116519,1
-0.0029989815607666948,-1.2599123998099895,4
-2.1782525952887153,-0.4538349606324383,3
-0.5973824236775206,-1.3363087545473789,4
-2.004168397828581,1.031294478174248,3
3.946349861993828,0.6046126667317325,2
-1.2889802759158864,-0.8017595275860884,4
2.226822624267707,-1.0815039064185874,0
1.2166962262858199,0.46677398578830176,0
-0.5696169985198276,-1.7394799173506703,4
3.8794769416013537,0.5933749988864289,2
-0.4365145166109148,-1.2233138969448558,4
0.2639289214005886,-1.3376188600370242,4
0.3738586961139353,-1.2807930260041411,0
-1.1320091060135586,0.9392414910360238,1
1.2005883115723344,-0.3396306200894905,0
0.06809133286729686,-0.3540190244137054,4
-1.2278963461646257,-1.5093829061737243,4
0.9495201684863872,0.17045410162259783,0
-1.7944350251990262,-1.112266939433849,4
0.34581492056078234,1.1285630748460844,1
3.617361966324667,0.4298384671192448,2
-1.2492778821123447,0.18693677986575835,4
1.6173756632367697,-0.04126706529509841,0
-0.7119270248099071,-0.30275234059822226,4
0.9784750960125195,0.450069463378044,0
-0.21906528301740372,-0.43868802072793334,4
-2.2428596560310963,-0.7978476409418146,4
2.1929734210950573,-1.0519817138547387,0
-0.512423950692138,-1.438213545363551,4
-4.752767436297142,0.05974691135849668,3
-1.008042721081687,-1.621334624381711,4
1.9332831524654912,0.15488758351246995,0
0.685928642547675,1.5230010824029296,1
-1.1582567641641797,1.180574778260144,1
-0.4703400178894199,-0.08624729377927853,4
-2.8417956308708203,-0.09763695946996095,3
2.05862295935652,2.5223827145413598,2
-2.3294983014894823,0.6914016753581113,3
-1.8915559711483925,0.9634512665270869,3
3.486899922504581,-0.33418137193752107,2
-0.6040531117761119,0.9764614671205911,1
-1.6839786087875765,0.4189259566290988,3
-2.545494819264268,0.4619092568638169,3
-1.6625034494525062,-2.0692000566619293,4
-0.6528800575741202,0.050642984793373966,4
-0.5957194900448465,0.12276108256126057,1
-1.8461889495634338,3.2202904702979773,1
1.8204864329706776,-0.34787973816780865,0
3.668406179488563,-0.3769714897466837,2
3.804321997444708,0.07210374188149794,2
-0.10964663392865531,-1.2063857228788581,4
0.06832617456439846,-0.22522083051745137,0
3.6937961523520015,-0.33752406980677263,2
-0.23920759950647327,-0.6939936229268118,4
-0.07208059448785417,-0.5656925105277615,4
-1.1863930309067403,1.4136662167812937,1
3.7337148447517983,-0.3690393864925221,2
4.040353980070689,1.1125223070477726,2
-2.218899429660317,0.8145540186062574,3
4.119374896923371,2.01089845643195,2
2.8143117536354607,1.121671385160415,2
-1.9215490868206537,3.666554788130584,1
1.42130094734408,2.332980668695405,1
-2.1450172630045032,-0.9734077876626928,4
-3.1814707170499306,1.2634671750326756,3
-3.004540532539469,-0.583520562325028,3
-4.194574065797051,0.2855090777876835,3
2.5341045201847083,-0.046266608701849704,2
-2.301770341123211,0.6805987410855229,3
-3.411143408073259,0.6299886479510016,3
-2.3213928898612863,-0.8295294296888276,4
2.183658949427038,-0.2908124955230823,0
-1.7850482266670347,0.38982349331673005,3
-0.28799458017026913,0.43744599795273664,1
1.4013815654810218,0.19860370331156085,0
3.0108555966780663,1.6051168724461158,2
1.644599612177209,0.18589459187858098,0
-0.9232017343076919,-0.7569615526516724,4
-1.145868689808084,0.7539183754752161,1
3.681448311739661,-0.05391769977219299,2
-1.246982819044082,-0.9844395249544322,4
-1.51282033168138,0.1678180268973819,3
1.7303819217451244,-1.3409395602503713,0
1.1483550258956623,-0.23752111700068604,0
1.7071201655451784,-0.5919607034688795,0
-2.17349238124121,0.494348274887372,3
-0.22019227320859688,0.26871634255247956,1
-3.1523047004701397,0.9805294084340974,3
1.688127639148238,-1.284672854695072,0
-1.9361595311575746,0.7468379530522957,3
3.5396805055243528,0.17112751926771774,2
-2.202734577699611,0.1481125736557417,3
-2.978323992024718,-0.6136823683239429,3
1.6752100188640633,0.6297793215885219,0
-1.476243463576365,1.9166054035817592,1
-2.189613774171403,0.7411270660312749,3
-0.11051828061380553,2.1141088448542518,1
-2.6556255966903763,-1.432625417997161,4
-1.0403756203330359,1.8516042429687747,1
-0.7416522524502533,-1.094416998742316,4
0.07534348185618815,-0.3186569325881047,4
-1.6608269110368747,-0.8411749740382414,4
0.3031806174368338,0.39243500281867316,1
-3.5425704983895634,0.956562978644266,3
0.857749747505721,0.15453093909127258,0
-0.38924959731789643,1.462964038499713,1
-1.522265556836424,0.989424757959525,1
-2.966533135820692,0.9527287524303598,3
1.7532282653875704,-1.3288449711182813,0
1.9638937455319216,0.8405116036593672,2
-2.2361927301675637,0.6297346836695696,3
1.9384616659569824,1.3704705466122529,2
-1.8548915627405342,-0.14477612031564568,3
-0.832802235416484,1.1949040751861197,1
-1.3683171685621895,-1.5303088495053345,4
1.1668241379505853,0.4489473105122509,0
1.6727200199275651,-0.6933009226974448,0
1.3589929553268238,-0.9978397982751539,0
2.2961995445726946,-1.2626625443890767,0
2.594748999445961,-0.05261578407688963,2
-0.5665774851007911,-1.0202399931651034,4
-1.5653203874791686,1.6935425432974214,1
-1.9078397742607265,-0.2977290044444673,4
2.758089907599462,-0.2749266558128607,2
0.1393340154032301,-0.2433582330816923,0
-2.1482341619641923,0.18815793268069514,3
-1.888147150655669,-1.0901807564304695,4
3.6059547194909136,0.14859305551292878,2
3.2312172423980967,0.2040188888583918,2
3.075608294342207,-1.2459169402215717,2
4.390510182387204,2.514519991885269,2
3.472850736700678,-1.0092303541080614,2
3.4227797449099273,-0.3153018841953019,2
2.0993420207906066,-1.096974119019644,0
3.8610560537657883,2.061980143559899,2
1.7234720399625696,0.18417645158261003,0
-1.6627359309579588,0.17449504863177262,3
-0.7671886424871398,-1.252360109707778,4
-3.0082950184378916,-1.8436946266212566,4
-1.1693645829798678,-1.2099046935889004,4
1.7412545849599348,0.6586179793424264,0
1.7373761495797977,0.638743975391072,0
-1.4482974068173715,1.2079982702816452,1
-1.2713833909708352,0.820251093391951,1
-1.632690910092542,0.2576685116836867,3
-1.6483616376181944,1.651874396674389,1
1.722400179690362,1.7566122838460552,2
0.8846278406902998,0.4209997381051871,0
-0.14898701918335283,2.085798342398724,1
2.927059609898791,1.0802178999836907,2
1.3188356697903578,-1.055668426147358,0
0.727736294176475,1.9212903883291554,1
1.15513706563676,-0.6960212786936527,0
2.2675656682552194,-1.307067436771473,0
-0.6406982358431592,0.38463728394646335,1
-1.3895400704139693,1.3826185844421162,1
-0.6707699949997226,-0.8449679247132903,4
-2.6119691650801573,0.3434075719614122,3
2.040388288675116,-0.36420623195036333,0
-2.7613245446026373,1.2826730035536242,3
-2.4734137637268163,0.9734753724846927,3
-3.550327863811809,0.4320676339906294,3
0.43498062947175553,-1.2700793443666314,0
1.7475269821414245,-0.33589087901937836,0
-0.8129116562800259,1.3247117269809818,1
2.6739978928117316,2.083367321884046,2
-0.9988737265709593,0.18222052189009447,1
-1.850034258445301,-0.2268697119463833,3
1.8438628874651637,-1.1366596933018087,0
-2.896143631972049,0.6219517345490359,3
0.9873252490220696,0.4714093933027327,0
-0.670543438168863,-1.511164336464268,4
0.11798506489241017,-0.009362641656035092,1
-3.086003119487926,0.9808997107040061,3
2.3298725668854665,2.0274431281860794,2
-2.2659948917896173,0.09701448782611523,3
2.1253946769242686,1.5506044087080508,2
1.0255131911295845,-1.3029043100210915,0
1.5391466736272137,0.7262478597127167,0
-0.4770516701983656,-1.1688444967388587,4
-0.3270723622839531,3.4078930659062907,1
1.803097083533699,2.896361425616427,2
0.3701867069253362,1.8523083039723711,1
1.864856212840656,1.8732721506336116,2
3.8461778156897006,0.8762507641683831,2
3.008824514591456,0.15363190811778127,2
2.0072957708342787,-0.31283296438207886,0
2.2129205548151663,1.0496707476332776,2
-1.1265490391354913,0.9201438082396671,1
-0.7544381156998462,2.0102686475076426,1
-0.038166642551353186,0.37522132826464455,1
0.9330872397894302,2.0429153407968887,1
0.8637482675626901,0.1531778816054961,0
0.47099976553969103,-1.062930257892711,0
-1.3670106174989234,2.7562035789858697,1
-0.4974519665545448,-0.4033016883220462,4
-1.7591580765005619,0.059259002237535566,3
1.3049746882506073,1.144141300831407,0
-2.5180064775241267,-0.44900581476753115,3
1.7034952044485117,-0.3725436071761615,0
2.74861606159022,-0.07755461286467266,2
-1.125447140865793,-0.5475465787438009,4
-3.106253421780857,0.29513099588406977,3
-0.9951195650769531,1.2727045771709067,1
-0.720027687716777,2.453492408705478,1
-1.5427949297920192,-1.07470576525035,4
-1.5355206898029883,0.27022009329527186,3
0.6518904513498995,0.704249079677999,1
2.7420903028836405,0.09814078291240404,2
-0.5489433250234359,0.14571198122263296,1
-4.418346320153973,0.5069591064313818,3
2.476834442218392,-0.7774697041910602,0
-0.27848537757267866,1.2444178544391773,1
-1.228485759015272,-1.605380153882354,4
2.339254793272506,0.35859326261777147,2
0.9811334044431426,-1.0480808945339832,0
1.3731301296787362,-0.17862190104777284,0
1.9060558399749452,-0.11582386174028197,0
-0.8101751803432148,-0.9325204062873782,4
1.7855477181741515,0.14451794055052064,0
1.308618475410618,0.18597571918470285,0
2.405162874544159,-1.0728187691399913,0
3.5566345665913346,-1.0822328033020587,2
3.4827873494035395,0.3843341417676629,2
3.5865955239203102,0.4179225493271267,2
0.9623428681769126,-0.38175615053276885,0
-1.7630224845396418,-1.104534636685282,4
-2.034678579290548,1.8102377309889013,3
4.017757307127046,0.1576316800965587,2
-0.42263772750330253,0.6964760868950248,1
-1.8786597830641196,0.36615776248933385,3
-0.4556711652936335,1.4081983441177712,1
-1.5374389361931031,0.3980349338890359,3
-0.5178254071025347,1.0415127243437423,1
1.1857734504073572,-1.2673413252123904,0
-1.1822647315756953,1.4319090716993348,1
2.1952772947230117,-1.30652970743337,0
-1.3543608034159291,-1.5725537313080817,4
0.18141006090060413,1.829183181180716,1
2.5843889641767763,0.16576360175302346,2
-2.02117297072318,-1.3085151926763472,4
-2.085769093461499,0.3961526034574486,3
3.1137581710284747,1.4279823538674075,2
-1.2913293326336774,0.4117130652889154,1
3.368389019366693,-0.2995139586075771,2
3.6854577299244773,-0.13986699637454403,2
1.6990662169863686,-0.6636332472113525,0
1.4761046139491925,-0.2075726089744309,0
-3.324260334315735,0.8781942088697968,3
3.8163626333685867,1.1081690358428065,2
-0.6166174901755576,2.6036003236160923,1
-0.49529937623738707,1.3691979814870008,1
3.4454430501974347,0.18928220667837853,2
3.2949497392876808,-0.7787642888064041,2
3.7766763815409576,-0.3213778679644213,2
2.011986794668352,0.10109086505106914,0
1.835721583067658,-1.3286102782050748,0
-1.8805469794979746,-1.245118517603596,4
-0.7456175056891644,0.999262502249955,1
-0.8550290991112856,-0.860344758359539,4
2.6298338426617613,-1.3095182024108216,0
-0.5538446380971281,0.6026130122207138,1
-0.4566364534151013,-0.7414737373010051,4
-1.5669151832075352,0.9278892204014046,3
-0.4056607694022494,-0.2960275945976007,4
1.6240104664418065,-0.30945623965273344,0
-0.15064354111815798,1.2594549440823206,1
-0.6197363298373474,0.5412070821230557,1
-2.2349785338537207,-0.14668844409429355,3
-0.416534863242478,1.9753829939726084,1
2.7645525296424793,-0.38004314852400223,2
-1.576575783620838,2.477945249527856,1
1.309782001803617,0.42507621378606175,0
1.4751597753054746,0.4317895315135496,0
1.4798166886712274,-0.851502877713903,0
-0.4768303522880255,-1.2913924496386677,4
-1.2013250833828033,-0.889584140395804,4
-2.2024778254175432,1.0014069262905543,3
-0.7534630484308177,-1.0948782666681507,4
-1.9272383985489105,0.2767649404595617,3
1.4188476300101605,1.6406718940551461,2
2.8338568194046707,0.6479855956281139,2
1.1343598267809654,0.2222992114824356,0
-1.352698517761208,0.3141482288366449,3
-4.0317378759690286,0.6205094220874101,3
-1.4511272969617928,-1.3571834081447218,4
-1.2944897424292778,-0.1299617009756492,4
2.6413678558283125,-1.1164408325262267,0
-0.19815880906990432,1.3679328487697593,1
-2.6759259065426027,0.8220202340954373,3
1.259214480687962,-1.313480262675572,0
-2.884771469292615,1.0145061833287337,3
2.61638248316693,1.123781045777913,2
-2.429161153313347,1.1411105109866753,3
1.2071598322728907,0.9389377896820066,0
-0.008325945655369718,0.4786930564006432,1
-3.148310729616842,-0.02322279856767956,3
-1.9053017043376699,-0.20833031435953342,3
-2.357839871047877,-1.579447009801326,4
1.6816413027832635,0.7011365211826242,0
-1.7828353415569156,-1.861276668429072,4
3.6334464852230264,-0.3574134022037041,2
-0.8336805123144173,-1.5892143935904235,4
2.82141904851129,0.14995140155868697,2
-0.9148685393648246,1.7204685230517636,1
2.045907637586831,-1.3193544098178194,0
-2.3385967562093617,0.7045458101856437,3
0.1627615389914784,3.269274111737707,1
-4.135124203844404,0.5945400239106552,3
-2.947550888038521,1.1485769893167177,3
1.2426035294790028,-1.0966104848194882,0
1.200953944477939,-1.2994411653174212,0
2.7787114943594897,-0.01592639342730995,2
-0.3000641048474978,-0.6009099663191527,4
2.4608513934782805,-1.0986101848712255,0
-0.2615566300434671,0.46821137513089883,1
2.4249786022861266,-1.2621525210112468,0
-1.3347147163336843,-0.20341960127768677,4
1.9167642997343661,0.17384232853518167,0
2.125491916079303,-0.2838745099586255,0
-1.023873947433731,-1.646703970114505,4
1.4827751230498156,-1.2373121243178045,0
-3.806511713296648,0.6731468879796186,3
1.7298825407979836,0.6178038401897559,0
-2.447541417858454,1.5365654283404664,3
-2.2918238981328805,-0.4909805086208762,3
0.7020987487430415,-1.3328179566874272,0
-0.4772346595940046,0.4291730843546273,1
2.3420517253120363,-0.3529518949673706,0
-2.808614683733035,-1.2688912490909223,4
1.329006465639408,-1.2835366671430517,0
1.5028598626298544,-0.8018421366382009,0
-0.3103599237736474,-1.210343264374235,4
-2.4288926544496827,-1.0228063112003187,4
-2.1387494617011287,0.6207980106970935,3
-1.887222975367532,0.4432223693718389,3
-2.78435834789657,0.6552215219331063,3
-2.078172084324366,1.300325973066985,3
1.4154241255329572,-1.3298561618274414,0
-1.3776692707690539,-1.2050736052317041,4
-0.9858427503938665,1.2950614568911178,1
2.050962634407895,-1.0637932895051763,0
-1.737906204880782,1.3994330325977689,3
1.333701358265436,-0.02216444008851784,0
-0.8693120087315521,0.12646152385585618,1
-1.3668651458289436,2.379938684309094,1
0.005933858011811094,3.318921710039371,1
-1.0725868870052089,0.05933913357062194,4
-0.34502991490837776,-1.0147021892479628,4
2.5021852715869315,0.25588699333714704,2
-2.5323182506372506,0.965661430352792,3
-1.7234281136775225,-0.7425708236174338,4
-3.1508672833937412,1.4042183310353604,3
2.2232329759393568,-0.7679579032067025,0
-1.0251231303553419,0.0965236724402166,4
-2.325761191958032,-0.24110161589045445,3
-1.0479778226594991,-0.5958443056944706,4
-1.1094401773545632,-1.4092411053413398,4
0.04170761855055039,1.4040328095912458,1
-0.7071744024072829,-1.4697453665313442,4
-1.3589035176859814,-1.171785245217751,4
-1.993355476291849,0.37196614841754466,3
-1.1801214743246968,-0.9204662921041015,4
-2.3489056401804667,-1.086653803151503,4
1.1071145166288037,0.1723789639224187,0
-3.0058681358258594,-1.258190567290236,4
-1.5350515187537934,-0.7642329385319259,4
3.694803743873061,-0.8326090308010645,2
3.652235585927687,-0.35275858193564696,2
-1.033017901665907,-1.9349819844835574,4
-0.9911355022669697,-1.5283626998618762,4
-1.9305942097870454,-0.4862766495088211,4
-1.8104532256153205,-1.3363352281102348,4
-1.1607562833854048,0.5600637672236757,1
3.502726572229986,-0.3085006196621493,2
1.358683802493657,-1.327855782056312,0
-2.169064252157765,1.4139328576891075,3
-0.9638938668180794,0.783909574275073,1
1.203860558591381,-0.8199319635578297,0
-2.105572805030381,-1.88214067916142,4
-1.5616692301924886,-0.162043888699834,4
1.205747473166162,1.1228504959353682,0
1.705192974171456,0.057435233356328316,0
3.734715260307438,-0.3132493901065846,2
-1.0790256752052252,0.26298472784806465,1
-1.646936750640865,-1.262914990813236,4
1.7709958070449088,-0.8106562726906634,0
-2.488779030217723,0.1911718276849927,3
1.3033664521088368,-0.8540707010043872,0
-0.17855882139245624,0.18436648321584792,1
-0.5241644711734831,0.9534096346495331,1
0.5343286394114662,0.15521989502792022,0
-1.0715819372933557,-0.5232516893436008,4
1.6380935546209294,-0.4574538857290933,0
-1.650002677888579,-1.5160306412648563,4
-1.5292311283350182,-0.1372130117079337,4
0.009517177166673566,-0.8013452880186425,4
-1.135050936321347,1.3147171530842638,1
-2.233043002008688,1.8483576618866684,3
-0.7218185704860748,-0.6103927735503926,4
-2.6541559163711894,1.2391139692801465,3
2.3839655497339853,-0.3811987226123148,0
2.889961406753965,0.17826712700991304,2
3.3626069543281525,0.4165501639925865,2
-0.6864127683093212,-0.9042726002107812,4
2.601496668899609,1.3406221895305557,2
2.1294023945988045,-1.0116369880470504,0
1.4586756150201794,-0.7711656459950954,0
2.020418308630466,-0.5988623590143709,0
3.4210409073677592,0.15380259071290298,2
-0.9993141532312186,1.8341992757197392,1
1.5707179224876728,-0.6921120985278587,0
1.6147007869246635,0.17484229648203192,0
-1.4064896181972377,-1.512040476465655,4
0.7750273476171784,0.2921453242548005,0
-0.887352283295959,1.165321023561223,1
2.0568770610141924,0.39144549002891627,0
2.1480950714819267,-0.09051343705309114,0
-1.1642586845269773,-1.4835728279135068,4
-1.885577271354276,0.8448185975381759,3
2.5510326920928312,-1.2905416159903125,0
2.536718716844846,1.5995509681750377,2
-0.7694547319952257,-1.4355586081973055,4
-0.6293246119504482,-1.2497499760892035,4
1.832401492804839,-0.9696475059202629,0
1.4884279114781764,1.3191467208239196,0
2.0038561982134966,0.13573551940858108,0
1.6640668493659787,-0.7797498139444383,0
0.6268130778307429,1.7540431696261853,1
-0.40078418396748217,0.17177055841379296,1
-1.6120598157435122,1.6610014344995097,1
-1.2383958513240911,0.520571104009425,1
1.8534777162054874,-0.6771133984089582,0
1.3701204643140243,2.525880927627998,1
-0.37014760576195616,1.1760030714716265,1
-0.6038208355982307,0.648872161561991,1
-1.1141014321302138,0.7685776844570446,1
-0.6630908326272434,1.3143480543668677,1
-1.8510633242964236,0.7635496776523315,3
1.0316479485896632,-1.039430006996921,0
-2.02689094919443,1.016120319215675,3
-1.0913529798239916,0.13043714725411482,4
-3.484979986591474,0.668657691772068,3
-1.757936827804867,-0.19259158269219767,4
1.9688191595801068,0.38571886038093783,0
-0.6657677396737339,1.1245491033074744,1
3.70433284113903,0.6436766934425424,2
3.6131908660060383,0.1638214150806172,2
3.5242955034325476,-0.2901201286819788,2
-0.6205464874206619,-1.417647406854501,4
1.352352557059955,-0.8324286249733809,0
1.521334711974764,0.4245871745584274,0
0.7435248254572403,1.0292703288256277,1
1.6081586792873968,0.9553927615264175,0
0.7477322619314307,2.16282693420181,1
-0.5295516107646454,-0.8360042995659316,4
0.6612355188703525,1.9974054878794965,1
2.423500669800204,-0.6316791992420127,0
1.8163913163973981,-0.1952275643348515,0
0.2681312004296014,-1.1708768451893148,4
1.6140520192330483,-0.34496143045679006,0
3.433711831949302,2.612566767471843,2
-3.263621446636976,2.0061555457405,3
-1.47596222326228,-1.847671600005414,4
-1.656975001309671,1.0684489466933464,3
-3.4391316925493234,0.7692485518633018,3
2.9629503991022177,-0.39646667914268585,2
1.3225107701379368,-0.8461667694551278,0
3.4343853520120007,0.39056350781850335,2
0.27894521128152017,0.17675724886557603,1
1.3094779414650466,-0.5218551150103556,0
-2.8416173584772095,0.20825172262258973,3
-2.0812543391018994,-2.059430376545354,4
2.9842368150177068,-0.32994482143727266,2
3.495021117053011,0.6033463565554961,2
-1.0637059652304786,-1.45038964388532,4
1.219165531439718,1.0826834291056957,0
-2.3001158303711486,-0.03897566878979769,3
-0.11591236813419253,0.1136116295201099,1
3.546312787108028,0.5882793430486245,2
3.201027408418539,-1.2640541084542565,2
-0.7285227903206827,0.47141948455003035,1
3.628911515342365,0.6062486770317255,2
3.497994040055349,0.4321033442990755,2
2.104285640568615,0.14869161167039519,0
-2.3936067319866594,0.0192546388094456,3
-0.029464812103879218,1.5735520944687056,1
-3.359309482578344,0.35882872062434784,3
3.7464276759087243,0.16014587229910476,2
2.2376126038412,-0.30924322925820363,0
-2.801239608094487,-1.0676925835912623,4
-2.050617893313598,1.8181190498540245,3
2.5402240507644644,-1.0948225553456603,0
2.0304301662006767,0.1932215368233624,0
0.6053669517600259,0.19269834157199756,0
1.496073093164873,1.4069701805416965,2
2.234851442762353,-0.2953338725315978,0
1.6985517144447688,-0.3526151659627885,0
1.292869020308853,-1.2844076121212058,0
-2.8992075419506778,-1.5309354041451508,4
-0.8820331776430211,-0.8873900656377816,4
-2.561330769807475,1.3150625921512797,3
-1.7644470314142684,0.9649445200945872,3
0.03058314220628583,-1.0411264362212767,4
1.5367915859877284,-1.0534191782723976,0
-0.6037639030223979,0.9317457686909767,1
2.8745933257113423,0.3645360191620948,2
-1.1300637995530678,-1.3425129436586125,4
0.7756051612666278,-0.2931396736566614,0
-1.6202269728915961,2.0185659980605006,1
-0.5240349740109101,-0.9476985758317836,4
-1.961232857355206,0.13743459498764254,3
-0.5726502261762032,-1.4366798027601064,4
2.777332224730197,-0.31975906528631814,2
-1.154905333004718,0.2267897685595366,1
2.7012334140216625,0.16982040767489853,2
1.5831594794584367,0.11424289852821641,0
-2.1889583006707953,0.6413896950179148,3
1.860904652025818,0.6198606239978304,0
2.4531981391215067,-0.36971473917155384,0
2.4565218415660874,0.628561763864599,2
2.146355347758683,2.3191823820710513,2
2.166515427958952,0.10248361948729535,0
3.7558640770597087,0.4201206021831795,2
-1.2831129934642131,0.415292336197276,1
0.19591772554876516,1.3986016512030885,1
-1.7054359504614034,0.33889470690163465,3
-1.1876380834054279,0.04617665917336285,4
3.538299522448708,-0.31022138476189515,2
1.878836219589616,0.8296894977833282,2
-2.788269537446006,-0.1797499896439379,3
1.8811809057704403,0.669440937850827,0
-0.8022349276458342,0.6874204837368245,1
-0.0699746856331912,-1.5578197390472825,4
-1.9382982407396143,0.21425557186842026,3
1.9244728608188169,0.19516217839032945,0
1.0394380104783831,-1.1337772610514434,0
0.9777063834103981,0.4493766755158566,0
0.1336543442883567,0.028475037001379003,1
2.425195728811065,-1.303408883625281,0
1.683735453223098,-1.063161902187207,0
1.9689373681808011,0.5803332798043631,2
1.8558284766354853,0.09427838975051718,0
-1.690283142370806,-0.11695981336537714,4
1.6350251528881634,-0.6740359336671339,0
0.3077948136890427,0.5102641527003143,1
-0.920410364059008,0.21226385599246778,1
-1.494946066513002,-2.032905341172526,4
1.6620648396947,0.5973414553681272,0
1.1036787752388009,-0.018187291130692534,0
1.431558999681848,-0.36890398989125356,0
-1.3550071022867534,-1.0138116397460901,4
1.2881950094826917,-0.3191577960024311,0
0.5699687480816574,0.18226107420296894,0
1.8597582395054741,-0.3295696787839023,0
-1.423759469985911,1.9479672559763834,1
2.223968048699545,1.0975649319285874,2
-0.469150168212344,-1.5340304741215136,4
1.6846932124401102,-0.40755705331770736,0
-1.930440923828521,0.44644230347838443,3
-2.0829402219046576,0.6348812695956371,3
1.050274415499212,0.19443169288106232,0
2.497466772083912,-0.10408436542610447,2
-0.3618184759114901,1.2877870276628236,1
1.7654784849502267,0.1550943656344348,0
-0.9852013567528295,1.9573647213824006,1
2.858749922886896,0.1694385376255793,2
-1.38829687320532,0.4499648590680275,3
-0.5532149793196227,-0.18574069671272947,4
-1.3377374473928956,1.9141062357957566,1
0.3241758501435973,0.19538790245855975,0
-0.5667664094476096,1.7312076883014793,1
-1.850042908968238,0.24424917571036686,3
1.2258284106114568,-0.09415746450309911,0
2.080322283387898,-1.2717462763535925,0
-2.822482082342921,-1.3922848243082369,4
-0.16060577197099743,-1.0159428464765654,4
-0.49415449896397357,1.0237460829702456,1
-3.088924872192218,-1.4601767934906464,4
3.837462683533898,2.0255293353631365,2
0.5093427346200211,-1.5926895952240334,0
3.0087978535702486,1.0612221214665818,2
-1.3294417430360186,0.0028369355424763543,4
2.0843168855957632,1.0353741475421867,2
-2.1009287285408504,-1.1560605415540095,4
1.7080499659837283,-0.0537627498703043,0
-0.26360522060102787,-1.5047874806799286,4
0.04264379557356868,2.3173126255534333,1
1.9446971194282017,-0.5962150664954728,0
2.399488343578863,0.6219956852160091,2
2.28359099574412,0.1520786401952911,2
1.7501271296619192,-1.353848061557553,0
-0.4663296860406755,0.800933128809007,1
2.9213015315039836,2.518825383308178,2
1.3707074529845744,-1.065813918755828,0
-0.8998098297551791,0.44480307486604354,1
-0.7178300051607011,0.06099802047759252,4
2.779713763953669,0.3319457485500125,2
0.13378174452581423,0.626036698958573,1
2.6386966062476715,0.5855026269435706,2
1.8625263803294625,0.706053737370094,0
-1.1673740984888548,-0.33234140847708854,4
-0.6211532293571737,1.11685474910667,1
2.260966752124726,0.4347500323332276,2
1.3718462716728026,-1.2512893959476845,0
-1.4706019537810022,0.013122385159441322,4
3.8222025849239887,0.5906031722332447,2
3.9011665782377842,0.5630056685393867,2
3.617075948252106,0.645159185237611,2
3.6421809474549356,0.18932925803751993,2
3.2526527149517523,0.13313367932322678,2
3.2404455764827595,-0.05372084348134579,2
3.589562909457462,0.37639723098036876,2
-0.2554206326855718,-1.1735856914531417,4
-0.5714189238708385,-0.7980966493268598,4
1.419953306452128,-1.233517021421124,0
-0.8670346040740361,-1.1076750705038754,4
-0.4429853796129234,-1.6303421987297393,4
1.9321882325234678,-0.3640067501450147,0
1.0263859209416373,-1.1376257091099182,0
0.8934822287074246,0.1909731309693945,0
-2.1211128174201344,-1.4183002673047496,4
1.717921111443181,-1.0588595054028929,0
1.8957674955114194,-0.13716877451338472,0
1.6622030944947623,0.3456789005923364,0
-1.6516898736831882,1.9906591893743988,1
3.5767414543741385,0.40938137146828346,2
-1.5138847450971944,-0.7236339959291335,4
-4.015165595429626,0.46915537354229975,3
1.7050751719236101,0.8775132258053613,0
2.849648349140004,0.1149894323703229,2
-0.529563626057965,2.2083274691390042,1
2.7353874382255743,0.5649495857963404,2
-0.9908415551126046,-0.027518141248070366,4
-1.136097481060894,-0.07444865968903269,4
-1.8386289445566946,0.8545362083907168,3
1.6642979355204266,-0.8037703886885201,0
1.9301350176672045,0.6220091016748436,0
0.2140632938734081,-0.5970776143657497,0
-0.31050958994458044,-1.1702131986121644,4
-1.7594679695402398,-1.4793570941523626,4
-1.2903685596283572,-1.6600724238715239,4
1.9754374971478643,0.5679924996906092,2
2.22865580632741,-0.5091665867957476,0
-3.174485454702945,0.9169834861229453,3
1.9128556504791774,-1.263363226401551,0
-2.2138019028003306,0.645435402532303,3
-1.2512012378335062,1.7808855687408618,1
-0.6869931079818475,-1.176956857595551,4
1.178675261942707,-1.3100170443512236,0
-4.219927475220881,0.7155927678404865,3
-2.6150025580417817,0.9618286327001941,3
-2.455041365596479,0.1374631447668097,3
1.6468728894890134,-1.0891735062134722,0
-0.712023196220872,-1.0600437057498595,4
-2.1726873180425277,0.12391870517383237,3
-2.7161700169596017,1.2895369101126188,3
-1.2304827921151575,-0.14527695025328696,4
0.8562456278346552,1.9993588308875214,1
0.2530474743139472,-0.8635561654806425,0
-1.9085928682666948,1.1138407887753843,3
1.379258544137552,-1.2647125612982841,0
1.6046360263007933,-0.13513493846606545,0
-1.4297280788564064,-1.2128437805644134,4
-1.121871981792823,0.8568066154430772,1
-3.1928071113462355,1.2823069961065299,3
-0.3993693735762366,-0.6626784719318105,4
-2.104702730271949,0.1247028949877358,3
-1.4311098794222312,0.1507691052800484,3
-1.4679376146371332,-0.7497718642300172,4
-1.403133019323917,1.4661024678468253,1
1.704147776957078,-0.13211884552224762,0
-1.6026923218045968,-1.0048222653170267,4
-1.013838711906477,0.5854547132272426,1
2.3431915981330773,0.7821553619110644,2
-1.7416706877481856,0.12970098433553312,3
-0.9307349849937954,0.9158412746595603,1
-0.30011645858415337,1.55380027041803,1
-2.631456559933808,0.9975904323702269,3
-2.14738215871017,-0.7725529070932807,4
1.3593538340511508,-1.0039768706104208,0
-0.7297782785789282,-1.4613327002110423,4
0.5398478686198204,0.5496575964505249,1
-0.6626009843544255,1.4775713158246977,1
-2.9876609635647418,0.35190871804518514,3
-1.1576369818912775,-1.1766407178143319,4
-1.6296615140384259,0.03686635100524073,3
-0.8238427990233274,0.85892962601475,1
1.6090220174866243,-0.17858468654405157,0
-1.283357717186374,-1.125179209402785,4
-1.292893840060583,0.06393848458147673,4
1.9607441192228636,0.6158446637591175,2
2.083329169865361,-1.270121914126929,0
-2.334231855805454,1.051142525376494,3
-3.0913913234592836,-1.4715735270072723,4
-3.874279492026157,0.42791994609209705,3
0.9166753909692329,-0.6058440829902012,0
-4.039453169878825,0.675983934872439,3
2.0931052662305927,-0.7554934207891048,0
-1.4318395456609674,-1.3072015400890766,4
2.948515991587761,0.4809936145257967,2
2.2554494816476964,-1.3222416851809549,0
-0.30058893820234267,-0.0554132802871281,4
0.7513013923388666,0.220431612239404,0
-1.345016947069106,0.49488207921450733,1
-0.5386850559982678,-1.0749758756188466,4
-0.06938726937006709,-0.2843890043913534,4
-1.3514854553372508,0.7067874629424274,1
-0.5678978540707871,0.632419160775928,1
2.4383216279160687,0.8378400631626937,2
3.1183604063004657,1.830215305924541,2
-2.6278701089252556,1.0885058387132818,3
0.20627032023321568,0.9338398584878755,1
-2.001171682927474,-0.6797065245161206,4
1.832283177406227,0.1413380021938887,0
-0.6682208492738079,-1.6272879553760216,4
2.33475642588941,-0.5195449866434475,0
1.5620575947829167,-1.003569158252658,0
-2.790364621727001,0.944382118560825,3
-0.6705165376393293,1.3341641122611376,1
1.292014687195689,-1.0836113846307858,0
-1.1047823991774113,-0.8695898093483736,4
-2.8742696896978317,-0.20143817297143277,3
1.5350706840113455,0.3062226425527799,0
-1.6776944501615496,-0.6993498389434236,4
-1.2659043699488286,-1.7186221719335135,4
-2.7515262152265887,0.9542623166608137,3
-1.105236629278561,1.4562789991322014,1
-1.139289695798766,-1.332274603568259,4
-0.6524609148969522,0.6241679299786199,1
-3.684534732486292,0.16427238378901104,3
2.5013864036871176,-0.5453353761581254,0
-0.07273441649607124,-0.39421418014057286,4
0.7006993059326752,2.717714898860271,1
-1.6641081245261824,0.7303087514486261,3
-0.8282973583700723,1.961771362770246,1
1.9644571107466438,-0.05800042077247898,0
2.665583395745864,0.14994367423334792,2
1.561021568125686,-0.5440415610139608,0
1.566361606263754,-1.2621480945643178,0
-0.2905078645289061,-1.6455819912425815,4
3.6351467449023236,0.8795841394062198,2
-0.7875186536927161,1.1534869391124059,1
-2.298555211506258,1.49472044039936,3
-0.09267648049572949,2.977944585194546,1
1.8427677994765903,0.7163478853363643,0
-0.43339405794787866,1.0124823283371729,1
-2.1026542990342074,0.07043749645347853,3
-0.2523538463303274,0.23861466968738748,1
-1.0819055016918488,-0.07891237861051567,4
-1.1564337962090392,0.6393405446816445,1
-1.2596015291898826,-0.48964429090168193,4
-1.1853912747884854,-0.24073979011116664,4
3.327043430371805,0.1760822234172531,2
1.200456098663955,1.9913631975014128,1
-0.9543885239641221,-1.0863801058282792,4
-0.7791930673562327,-1.0455167140765014,4
-1.0004286639649733,2.2463895146824093,1
1.7811121688964948,0.890986818707366,0
2.441212382091845,0.1747488512588457,2
-1.4036296183655703,-1.4894985831515553,4
1.9834142586716161,0.6247655592929388,2
1.9003705661959105,0.16989378951766032,0
2.123839970542629,-0.15447598251738182,0
1.3433637455865783,0.16949379416859706,0
-1.1671719179355964,-1.4130567736345658,4
0.29515755385602405,0.08922178078771688,0
-0.9754323127646065,-1.292328326561277,4
-0.052816231377522144,-0.9131700958359287,4
1.530631615408766,-0.8236139136577124,0
1.7521798243593376,-0.8487731346078125,0
-1.6131895172344548,-0.23030436849236685,4
-0.6914534265691169,1.061651663786346,1
-2.4358269202648817,0.4079750304580232,3
-1.285216711110674,0.705626532637197,1
-0.9937501685597747,-1.108737267447209,4
1.2863428318053207,-0.033006505528658914,0
-0.7189447638730782,1.2118329007026427,1
0.625095498178031,0.42130371807323175,0
0.08708086384072034,1.0596770143378833,1
-0.6899966227976165,1.7246091630765863,1
-1.07857589313132,0.40468591849767344,1
0.03287294418181194,1.069745116009355,1
1.6928901457548573,0.5979503751498126,0
-0.9751509847450488,3.2767021958692735,1
-3.1669380570853924,0.463220545913299,3
0.5293515122997487,3.4260723370775192,1
3.5312071279149353,0.7680374758474864,2
-0.9351094445107435,2.1346002349083735,1
1.9518816735323883,0.6020957348798924,0
1.7531342766970297,0.3854905670490908,0
2.2140376624266906,2.679828699678416,2
-1.2524368701045459,-0.9961792176894757,4
-0.06722792283737342,-0.5658169160997478,4
0.18752342936413816,1.040909706865106,1
-2.455335090171732,-2.0684113909958457,4
0.07555090532765082,-1.4580437733954483,4
1.56882208443903,0.15241573520576446,0
-1.3712456637488708,-1.7168833031348476,4
0.5301956700110348,0.9254794686055554,1
1.8686240091238173,0.6337384539341065,0
1.6673795667577784,-0.8113417753019291,0
-1.3784582585334615,0.871986483450714,1
-0.7632241319547062,1.0821406401889804,1
-0.15050917866925095,0.617479335139333,1
1.2761185316463792,-0.3079950885834644,0
0.023584840905156293,0.7255298699755577,1
-0.18747190641216346,-1.1143889451978952,4
2.2566001189865714,4.62623439805445,2
-0.9808655633893726,1.9791203931792851,1
-2.4266556866371167,-0.5362001639009732,3
-1.352593140501284,1.844098247968631,1
-1.9290876630123612,-1.4563779561838068,4
1.4490388294719758,1.8714948458615317,2
-1.9131560103614167,0.9961434894741052,3
-1.142642393447343,-1.2319648011898923,4
2.4585334770359366,-0.3623112479554165,0
-0.5139551640216056,1.3018170944784073,1
-3.392554692269399,-0.04663067227939052,3
-3.130192828278948,1.1457001110467866,3
-0.6169325666378261,1.571210799086172,1
0.28674720605740134,1.3741163205779048,1
-1.0410265282593791,1.439237350476298,1
2.4236423362770263,2.4926532539398023,2
1.1529753422288032,-1.294857365683221,0
1.4805414742112264,-0.29239840144169155,0
0.7965202022975931,2.718163441101061,1
-2.2273692429872796,-0.9908207996894035,4
1.688638034682126,0.35934497371317214,0
0.08599618205523922,-1.0277250387171346,4
2.2129937535844193,-0.8715562523935866,0
1.3982353707226582,-0.40414518407489824,0
-0.8365586589722179,2.3339194362799867,1
-1.160810872350252,1.6393828035263098,1
1.6062814009281576,-1.2798246092598358,0
2.6518089301071295,-0.3860754892346343,2
-0.06492379878067744,0.07036302918699174,1
3.5387618676579886,-1.3229844985059969,2
-0.9851464267875398,1.6138897479598417,1
3.8278967585437185,1.3286458062568292,2
-1.199342043297059,-0.9089623534260288,4
3.888462777221536,1.120947966328168,2
1.1000908635723867,0.9238620797464616,0
-1.7385872141616976,0.5755775456676295,3
1.2248546152586108,-0.7450162939606061,0
4.018329696127261,1.1077987860984704,2
1.5242321299930395,1.2749244306998524,0
-1.32348289079582,2.6043292107144596,1
3.5551893714061213,0.18595077591313097,2
1.9602757649674518,-0.736696888383952,0
2.249229490741223,2.015267027547036,2
2.783070703271868,2.4986214498305386,2
-0.7098514186296349,1.290994522162869,1
0.40690862689839613,0.4565852042197136,1
-0.6514802587521137,0.1796310308941168,1
0.3632408526643017,-1.5518326590035512,0
-1.3692848919858704,-1.596906316083314,4
-1.065038391152763,1.5448055045905003,1
1.3567604028261884,0.39116940076661233,0
-1.0886373497456314,-0.9960781693889154,4
0.1753797027423622,-0.9715427439571115,4
0.9289188618958757,1.2909186126579413,1
-1.0823080783469126,-1.2306927228908167,4
-0.3058504551282988,1.8126302658460314,1
-0.8606068954916936,0.6511128275574303,1
-1.673592652566113,1.2627742142591096,3
-0.7279754362121775,1.8854932866848766,1
0.5994960180418389,-1.4049573810707014,0
-0.5555068932758597,-1.6188827098787346,4
0.2036187409995048,1.5611926676693209,1
-2.8008363993046075,-0.18417305641660317,3
-1.3182474809729712,-1.193912238079757,4
-0.3117867093688169,-0.2208792965059811,4
-1.4365032211550042,-1.923531766356121,4
-1.2124645092446962,-1.3098156660714777,4
1.5357680392291835,-0.6774903215710602,0
-0.5496059007416937,-0.6877836850522214,4
2.7647131020917963,-1.3072095161149608,0
-4.005327213233235,-1.8650664138378943,3
3.8857756155253353,0.5771980322086534,2
-2.1904014609147033,-1.198368136395781,4
-0.8539841297780947,-0.8571438917819864,4
-1.6865782924639847,4.4190856138558905,1
-1.4903031138377416,0.7882892576155889,1
3.3325191440919277,-0.3408415617358777,2
-3.399623802359971,1.301225642085949,3
-3.8093140650187585,0.37820820434100483,3
-3.419620124451038,1.0641489539865383,3
-0.9362745931414418,2.025108357245646,1
-2.3888745826226936,1.057614955218586,3
-2.2318705692977736,0.9480681094123808,3
-1.9273470590814143,-1.1021283180169579,4
-2.442019079956988,0.8764040400913827,3
-0.26536068888855935,0.2893245326000806,1
-3.8449665689250465,0.5890715222071783,3
2.39743901861962,-0.8372311423291972,0
-2.8259535338308033,0.6614690383899688,3
-3.537905162780495,0.968277470579848,3
-1.6623416577633598,1.9018390711930606,1
-2.993862535634878,1.0922599865535547,3
-0.8613146767318579,0.17053709826870184,1
-3.14178864219857,0.9123452338960645,3
-2.5259610828883967,0.1923473079482545,3
-0.6086100709533646,0.1515647996331686,1
1.5123450329615213,-1.3008596670149668,0
-1.9947046509515969,2.3093547328900947,1
-3.142248254842459,-1.0947166636738557,3
-1.3220557163072224,-1.2148162941334204,4
1.877673690027241,0.41904259193527593,0
-0.9410185258101167,0.7190784233704981,1
-3.33074238921818,0.9448904809278493,3
-0.8547412936924782,-1.0243528530114197,4
-1.9505667318179551,1.5208403115964904,3
0.34302636002707587,0.21031125006301948,0
-2.2839748828660227,0.7703929927154924,3
3.642824713104261,0.6094658225764699,2
-3.357058805450237,-0.4862910226426151,3
-1.6214295329692707,-1.5096209218000534,4
-0.5440737648598212,0.4193767242793712,1
-2.5899042586106487,1.0622742964131904,3
-2.2027852091023283,0.7815557675480673,3
-2.997922354118095,0.6641381162905264,3
2.3370624492010155,0.10941701685481732,2
1.31593689189913,-1.2900929374811858,0
-0.6940334326260086,-0.10470607468132494,4
-1.645190091058653,-0.7934435142511012,4
1.5051157943431348,0.42277692161146374,0
-0.6958278035395254,0.8755307372314971,1
-1.4811042614481893,1.572129815727419,1
-1.1156095686839778,0.5038009589922492,1
2.312618975442621,-1.029609703290316,0
1.9147943592581553,-0.06772528270934328,0
1.2581338791946768,-1.2576073881863108,0
0.3705932128221717,-1.5358939464589967,0
-0.25746500566249886,0.023743668910367124,1
-1.914472909673725,-1.075052047277351,4
2.173755145534684,0.17542476370294363,0
-2.8010814942319238,1.2645876973264605,3
3.7925397533053986,-0.31954484407944317,2
-2.1075816909745693,1.428679684303663,3
-1.2381036785842292,-0.08665072700580603,4
3.9368881634153436,0.11207647956396084,2
-1.8447494295188969,0.7617932627520362,3
2.3454938567476944,-1.3233743544800305,0
-2.5442951580498745,-1.4677871802175542,4
-0.9206046170774096,0.9277975762824988,1
0.07079675515652703,1.2792252846861991,1
0.519630887352214,0.7531776451183823,1
-2.325820285835115,0.5975296997819842,3
-3.1948591958743,1.111908410487311,3
3.99529935756884,1.1273334687273144,2
1.8056477032980263,-0.8754080433607885,0
-1.5714814006378772,1.904245361729258,1
-1.024421096729675,0.7888661403089179,1
2.7981680178846564,0.1430957648868198,2
1.8803377558767689,-0.3462599767705451,0
1.3890570541781662,-0.37833671287431314,0
-0.07448539412578914,0.023740990267472492,1
-2.531850520392901,0.674025822756656,3
2.5911966467173904,-1.2693339347699746,0
1.5663506861213097,-0.8768437331019227,0
1.0390393179259714,1.9932977276072923,1
0.5715079011355143,-0.0639761490593147,0
-1.3686693479421455,1.0861714210265871,1
-2.797310885058692,-0.17922922738199965,3
-0.07666267891101566,-0.8737403173619264,4
-2.4667750061141787,1.1686973198430093,3
3.469168957155009,0.20191353773476894,2
3.75824731302889,0.07263417245304095,2
3.3795552997120106,0.18681503405850447,2
3.435278339591546,0.346095583173988,2
-3.338520145016234,-1.712597402644561,4
-0.7054575686109993,1.574981124592272,1
-0.2916493313915832,-1.3832996179024282,4
1.4198222507128995,0.262409758732257,0
3.1842828122740174,-0.6973067715677549,2
0.8714307688295382,1.0348811874413533,1
-1.862295352811322,2.1978624995632328,1
-2.5459791848152404,-1.0036458425418782,4
-0.9577481619569956,-0.7471253465646814,4
-3.4031943296241582,1.0831304166489484,3
-2.2847017174861137,0.21288048538146725,3
-1.0072164324900894,1.1585428099222426,1
3.671406848736304,1.0707394153392145,2
3.0327583930532924,0.9536723342659803,2
-2.839418199951047,-1.3968064147240609,4
-0.15064585905172678,-0.714060987804221,4
-1.440378262917189,0.21957487126990827,3
1.443257368434624,0.13910366263016993,0
-0.09702900056905805,-0.9929177860008767,4
-3.361999132241405,0.6673699250376673,3
-1.0743672959631352,-1.7231416688820176,4
-0.7274324446982332,1.0908937994560637,1
3.5643138528338736,0.92425537148097,2
-1.526748575348461,0.39575946770228443,3
-2.759454650470527,1.0647575500108128,3
-2.079600680733933,-1.9386641329942491,4
1.014841157688885,0.4020795816815259,0
0.2877006467590401,-1.5491320030123903,4
1.123901735690451,-0.8569906691671457,0
-0.6885857391195344,-1.6226232982525444,4
-0.38198315224307067,-1.472022349803687,4
1.8180410087071797,0.23398922110736048,0
-2.3266891392127547,0.6432621403733985,3
-1.8537963906446984,0.7892637473940202,3
0.7033377052599011,0.45947481044293215,0
0.2418251716961269,1.3243743394130076,1
0.22542780403754661,-1.5590807676659444,4
2.9496420388377094,0.40185416960060627,2
-2.166187703351812,-1.1303786433130247,4
1.4078427820069581,0.1889070583784564,0
-0.0015218613074189646,-0.12921144781801852,4
1.6317771869482915,-0.2986861837313426,0
-1.5520557725080046,0.9690523988581756,1
-0.03469794027276846,-1.5723921981030045,4
-1.093465637715447,-1.6505877189805302,4
1.0878305426527928,-1.281408111270035,0
-0.8514867067444677,2.6461532504666954,1
-0.661471130237237,0.6093660699550407,1
-1.6616895611723674,-1.26469160934099,4
-0.49919783112172555,-1.6497129345958177,4
2.3508191269564134,1.4957427304405468,2
-2.9493059328476616,0.8220296719937717,3
-1.612537233310881,0.6244739591154691,3
2.4277709083535597,0.5826235931794167,2
-1.4459452817415317,-0.39076127580008435,4
0.5768925785920681,-1.1455948069988313,0
-2.4073049607468824,1.3677824994840027,3
-1.3695190069725145,-1.6251596683425111,4
2.4279631274921654,-0.3217960655988953,0
1.9225132583789224,0.44435259836407415,0
1.3692434416986798,-1.2328602820524308,0
1.5844505562797102,-0.7827240773450239,0
-1.0412389159723414,0.47478348780100066,1
-0.5782025346305683,-0.6628641641170101,4
2.931273806124182,0.48915564940128264,2
-0.7926108922346641,0.47823307681842386,1
-2.4996558497786796,-1.7014181567521525,4
-2.890610093251417,-0.921516783905002,3
-1.6129867587377347,0.7598753789168853,3
1.007996639947999,-0.866192582475063,0
-1.066621936783683,0.3713405790077987,1
3.7397260689003327,0.15341941042711194,2
-2.9131890684195696,0.45800056681126344,3
-3.0088098616371406,-0.5567668550079105,3
2.424327765956649,2.0589024384285435,2
2.0386377644359235,2.0535352073108424,2
1.664531695518597,0.09541659568512963,0
-1.8641891142953144,0.9533672436809155,3
-1.4335368609448953,2.3596550020415106,1
-2.0625625298125265,0.7953891350414699,3
0.7852378091122746,-0.6666448429950105,0
-1.5463133080783436,-0.2810816303200052,4
2.132674511017836,1.0617004243773456,2
-0.5607478359761402,0.1651223242678887,1
-2.7238407267592284,-0.5758863537402215,3
-1.5273498373938417,1.246946876849389,1
-0.5669648274490606,-1.5921212804078773,4
-1.51802614216377,1.3963424896405872,1
0.07424774190458533,1.2574729567666683,1
1.1837273728758302,0.1856032784226444,0
